=== openXC7 reproduction run: 2026-07-31T13:01:35Z ===
--- versions ---
Yosys 0.62 (git sha1 7326bb7d6, g++ 9.4.0-1ubuntu1~20.04.2 -fPIC -O3)
"nextpnr-xilinx" -- Next Generation Place and Route (Version 45a986b)
prjxray-db zynq7: /nextpnr-xilinx/xilinx/external/prjxray-db/zynq7
=== 0/5 chipdb already present, reusing ===
=== 1/5 yosys ===

 /----------------------------------------------------------------------------\
 |  yosys -- Yosys Open SYnthesis Suite                                       |
 |  Copyright (C) 2012 - 2026  Claire Xenia Wolf <claire@yosyshq.com>         |
 |  Distributed under an ISC-like license, type "license" to see terms        |
 \----------------------------------------------------------------------------/
 Yosys 0.62 (git sha1 7326bb7d6, g++ 9.4.0-1ubuntu1~20.04.2 -fPIC -O3)

-- Running command `read_verilog ps7_tern.v; synth_xilinx -flatten; write_json ps7_tern.json' --

1. Executing Verilog-2005 frontend: ps7_tern.v
Parsing Verilog input from `ps7_tern.v' to AST representation.
Generating RTLIL representation for module `\ps7_tern'.
Successfully finished Verilog frontend.

2. Executing SYNTH_XILINX pass.

2.1. Executing Verilog-2005 frontend: /usr/local/bin/../share/yosys/xilinx/cells_sim.v
Parsing Verilog input from `/usr/local/bin/../share/yosys/xilinx/cells_sim.v' to AST representation.
Generating RTLIL representation for module `\VCC'.
Generating RTLIL representation for module `\GND'.
Generating RTLIL representation for module `\IBUF'.
Generating RTLIL representation for module `\IBUFG'.
Generating RTLIL representation for module `\OBUF'.
Generating RTLIL representation for module `\IOBUF'.
Generating RTLIL representation for module `\OBUFT'.
Generating RTLIL representation for module `\BUFG'.
Generating RTLIL representation for module `\BUFGCTRL'.
Generating RTLIL representation for module `\BUFHCE'.
Generating RTLIL representation for module `\INV'.
Generating RTLIL representation for module `\LUT1'.
Generating RTLIL representation for module `\LUT2'.
Generating RTLIL representation for module `\LUT3'.
Generating RTLIL representation for module `\LUT4'.
Generating RTLIL representation for module `\LUT5'.
Generating RTLIL representation for module `\LUT6'.
Generating RTLIL representation for module `\LUT6_2'.
Generating RTLIL representation for module `\$__ABC9_LUT7'.
Generating RTLIL representation for module `\$__ABC9_LUT8'.
Generating RTLIL representation for module `\MUXCY'.
Generating RTLIL representation for module `\MUXF5'.
Generating RTLIL representation for module `\MUXF6'.
Generating RTLIL representation for module `\MUXF7'.
Generating RTLIL representation for module `\MUXF8'.
Generating RTLIL representation for module `\MUXF9'.
Generating RTLIL representation for module `\XORCY'.
Generating RTLIL representation for module `\CARRY4'.
Generating RTLIL representation for module `\CARRY8'.
Generating RTLIL representation for module `\ORCY'.
Generating RTLIL representation for module `\MULT_AND'.
Generating RTLIL representation for module `\FDRE'.
Generating RTLIL representation for module `\FDRE_1'.
Generating RTLIL representation for module `\FDSE'.
Generating RTLIL representation for module `\FDSE_1'.
Generating RTLIL representation for module `\FDRSE'.
Generating RTLIL representation for module `\FDRSE_1'.
Generating RTLIL representation for module `\FDCE'.
Generating RTLIL representation for module `\FDCE_1'.
Generating RTLIL representation for module `\FDPE'.
Generating RTLIL representation for module `\FDPE_1'.
Generating RTLIL representation for module `\FDCPE'.
Generating RTLIL representation for module `\FDCPE_1'.
Generating RTLIL representation for module `\LDCE'.
Generating RTLIL representation for module `\LDPE'.
Generating RTLIL representation for module `\LDCPE'.
Generating RTLIL representation for module `\AND2B1L'.
Generating RTLIL representation for module `\OR2L'.
Generating RTLIL representation for module `\RAM16X1S'.
Generating RTLIL representation for module `\RAM16X1S_1'.
Generating RTLIL representation for module `\RAM32X1S'.
Generating RTLIL representation for module `\RAM32X1S_1'.
Generating RTLIL representation for module `\RAM64X1S'.
Generating RTLIL representation for module `\RAM64X1S_1'.
Generating RTLIL representation for module `\RAM128X1S'.
Generating RTLIL representation for module `\RAM128X1S_1'.
Generating RTLIL representation for module `\RAM256X1S'.
Generating RTLIL representation for module `\RAM512X1S'.
Generating RTLIL representation for module `\RAM16X2S'.
Generating RTLIL representation for module `\RAM32X2S'.
Generating RTLIL representation for module `\RAM64X2S'.
Generating RTLIL representation for module `\RAM16X4S'.
Generating RTLIL representation for module `\RAM32X4S'.
Generating RTLIL representation for module `\RAM16X8S'.
Generating RTLIL representation for module `\RAM32X8S'.
Generating RTLIL representation for module `\RAM16X1D'.
Generating RTLIL representation for module `\RAM16X1D_1'.
Generating RTLIL representation for module `\RAM32X1D'.
Generating RTLIL representation for module `\RAM32X1D_1'.
Generating RTLIL representation for module `\RAM64X1D'.
Generating RTLIL representation for module `\RAM64X1D_1'.
Generating RTLIL representation for module `\RAM128X1D'.
Generating RTLIL representation for module `\RAM256X1D'.
Generating RTLIL representation for module `\RAM32M'.
Generating RTLIL representation for module `\RAM32M16'.
Generating RTLIL representation for module `\RAM64M'.
Generating RTLIL representation for module `\RAM64M8'.
Generating RTLIL representation for module `\RAM32X16DR8'.
Generating RTLIL representation for module `\RAM64X8SW'.
Generating RTLIL representation for module `\ROM16X1'.
Generating RTLIL representation for module `\ROM32X1'.
Generating RTLIL representation for module `\ROM64X1'.
Generating RTLIL representation for module `\ROM128X1'.
Generating RTLIL representation for module `\ROM256X1'.
Generating RTLIL representation for module `\SRL16'.
Generating RTLIL representation for module `\SRL16E'.
Generating RTLIL representation for module `\SRLC16'.
Generating RTLIL representation for module `\SRLC16E'.
Generating RTLIL representation for module `\SRLC32E'.
Generating RTLIL representation for module `\CFGLUT5'.
Generating RTLIL representation for module `\MULT18X18'.
Generating RTLIL representation for module `\MULT18X18S'.
Generating RTLIL representation for module `\MULT18X18SIO'.
Generating RTLIL representation for module `\DSP48A'.
Generating RTLIL representation for module `\DSP48A1'.
Generating RTLIL representation for module `\DSP48'.
Generating RTLIL representation for module `\DSP48E1'.
Generating RTLIL representation for module `\RAMB18E1'.
Generating RTLIL representation for module `\RAMB36E1'.
Successfully finished Verilog frontend.

2.2. Executing Verilog-2005 frontend: /usr/local/bin/../share/yosys/xilinx/cells_xtra.v
Parsing Verilog input from `/usr/local/bin/../share/yosys/xilinx/cells_xtra.v' to AST representation.
Generating RTLIL representation for module `\RAMB4_S1'.
Generating RTLIL representation for module `\RAMB4_S2'.
Generating RTLIL representation for module `\RAMB4_S4'.
Generating RTLIL representation for module `\RAMB4_S8'.
Generating RTLIL representation for module `\RAMB4_S16'.
Generating RTLIL representation for module `\RAMB4_S1_S1'.
Generating RTLIL representation for module `\RAMB4_S1_S2'.
Generating RTLIL representation for module `\RAMB4_S1_S4'.
Generating RTLIL representation for module `\RAMB4_S1_S8'.
Generating RTLIL representation for module `\RAMB4_S1_S16'.
Generating RTLIL representation for module `\RAMB4_S2_S2'.
Generating RTLIL representation for module `\RAMB4_S2_S4'.
Generating RTLIL representation for module `\RAMB4_S2_S8'.
Generating RTLIL representation for module `\RAMB4_S2_S16'.
Generating RTLIL representation for module `\RAMB4_S4_S4'.
Generating RTLIL representation for module `\RAMB4_S4_S8'.
Generating RTLIL representation for module `\RAMB4_S4_S16'.
Generating RTLIL representation for module `\RAMB4_S8_S8'.
Generating RTLIL representation for module `\RAMB4_S8_S16'.
Generating RTLIL representation for module `\RAMB4_S16_S16'.
Generating RTLIL representation for module `\RAMB16_S1'.
Generating RTLIL representation for module `\RAMB16_S2'.
Generating RTLIL representation for module `\RAMB16_S4'.
Generating RTLIL representation for module `\RAMB16_S9'.
Generating RTLIL representation for module `\RAMB16_S18'.
Generating RTLIL representation for module `\RAMB16_S36'.
Generating RTLIL representation for module `\RAMB16_S1_S1'.
Generating RTLIL representation for module `\RAMB16_S1_S2'.
Generating RTLIL representation for module `\RAMB16_S1_S4'.
Generating RTLIL representation for module `\RAMB16_S1_S9'.
Generating RTLIL representation for module `\RAMB16_S1_S18'.
Generating RTLIL representation for module `\RAMB16_S1_S36'.
Generating RTLIL representation for module `\RAMB16_S2_S2'.
Generating RTLIL representation for module `\RAMB16_S2_S4'.
Generating RTLIL representation for module `\RAMB16_S2_S9'.
Generating RTLIL representation for module `\RAMB16_S2_S18'.
Generating RTLIL representation for module `\RAMB16_S2_S36'.
Generating RTLIL representation for module `\RAMB16_S4_S4'.
Generating RTLIL representation for module `\RAMB16_S4_S9'.
Generating RTLIL representation for module `\RAMB16_S4_S18'.
Generating RTLIL representation for module `\RAMB16_S4_S36'.
Generating RTLIL representation for module `\RAMB16_S9_S9'.
Generating RTLIL representation for module `\RAMB16_S9_S18'.
Generating RTLIL representation for module `\RAMB16_S9_S36'.
Generating RTLIL representation for module `\RAMB16_S18_S18'.
Generating RTLIL representation for module `\RAMB16_S18_S36'.
Generating RTLIL representation for module `\RAMB16_S36_S36'.
Generating RTLIL representation for module `\RAMB16BWE_S18'.
Generating RTLIL representation for module `\RAMB16BWE_S36'.
Generating RTLIL representation for module `\RAMB16BWE_S18_S9'.
Generating RTLIL representation for module `\RAMB16BWE_S18_S18'.
Generating RTLIL representation for module `\RAMB16BWE_S36_S9'.
Generating RTLIL representation for module `\RAMB16BWE_S36_S18'.
Generating RTLIL representation for module `\RAMB16BWE_S36_S36'.
Generating RTLIL representation for module `\RAMB16BWER'.
Generating RTLIL representation for module `\RAMB8BWER'.
Generating RTLIL representation for module `\FIFO16'.
Generating RTLIL representation for module `\RAMB16'.
Generating RTLIL representation for module `\RAMB32_S64_ECC'.
Generating RTLIL representation for module `\FIFO18'.
Generating RTLIL representation for module `\FIFO18_36'.
Generating RTLIL representation for module `\FIFO36'.
Generating RTLIL representation for module `\FIFO36_72'.
Generating RTLIL representation for module `\RAMB18'.
Generating RTLIL representation for module `\RAMB36'.
Generating RTLIL representation for module `\RAMB18SDP'.
Generating RTLIL representation for module `\RAMB36SDP'.
Generating RTLIL representation for module `\FIFO18E1'.
Generating RTLIL representation for module `\FIFO36E1'.
Generating RTLIL representation for module `\FIFO18E2'.
Generating RTLIL representation for module `\FIFO36E2'.
Generating RTLIL representation for module `\RAMB18E2'.
Generating RTLIL representation for module `\RAMB36E2'.
Generating RTLIL representation for module `\URAM288'.
Generating RTLIL representation for module `\URAM288_BASE'.
Generating RTLIL representation for module `\DSP48E'.
Generating RTLIL representation for module `\DSP48E2'.
Generating RTLIL representation for module `\FDDRCPE'.
Generating RTLIL representation for module `\FDDRRSE'.
Generating RTLIL representation for module `\IFDDRCPE'.
Generating RTLIL representation for module `\IFDDRRSE'.
Generating RTLIL representation for module `\OFDDRCPE'.
Generating RTLIL representation for module `\OFDDRRSE'.
Generating RTLIL representation for module `\OFDDRTCPE'.
Generating RTLIL representation for module `\OFDDRTRSE'.
Generating RTLIL representation for module `\IDDR2'.
Generating RTLIL representation for module `\ODDR2'.
Generating RTLIL representation for module `\IDDR'.
Generating RTLIL representation for module `\IDDR_2CLK'.
Generating RTLIL representation for module `\ODDR'.
Generating RTLIL representation for module `\IDELAYCTRL'.
Generating RTLIL representation for module `\IDELAY'.
Generating RTLIL representation for module `\ISERDES'.
Generating RTLIL representation for module `\OSERDES'.
Generating RTLIL representation for module `\IODELAY'.
Generating RTLIL representation for module `\ISERDES_NODELAY'.
Generating RTLIL representation for module `\IODELAYE1'.
Generating RTLIL representation for module `\ISERDESE1'.
Generating RTLIL representation for module `\OSERDESE1'.
Generating RTLIL representation for module `\IDELAYE2'.
Generating RTLIL representation for module `\ODELAYE2'.
Generating RTLIL representation for module `\ISERDESE2'.
Generating RTLIL representation for module `\OSERDESE2'.
Generating RTLIL representation for module `\PHASER_IN'.
Generating RTLIL representation for module `\PHASER_IN_PHY'.
Generating RTLIL representation for module `\PHASER_OUT'.
Generating RTLIL representation for module `\PHASER_OUT_PHY'.
Generating RTLIL representation for module `\PHASER_REF'.
Generating RTLIL representation for module `\PHY_CONTROL'.
Generating RTLIL representation for module `\IDDRE1'.
Generating RTLIL representation for module `\ODDRE1'.
Generating RTLIL representation for module `\IDELAYE3'.
Generating RTLIL representation for module `\ODELAYE3'.
Generating RTLIL representation for module `\ISERDESE3'.
Generating RTLIL representation for module `\OSERDESE3'.
Generating RTLIL representation for module `\BITSLICE_CONTROL'.
Generating RTLIL representation for module `\RIU_OR'.
Generating RTLIL representation for module `\RX_BITSLICE'.
Generating RTLIL representation for module `\RXTX_BITSLICE'.
Generating RTLIL representation for module `\TX_BITSLICE'.
Generating RTLIL representation for module `\TX_BITSLICE_TRI'.
Generating RTLIL representation for module `\IODELAY2'.
Generating RTLIL representation for module `\IODRP2'.
Generating RTLIL representation for module `\IODRP2_MCB'.
Generating RTLIL representation for module `\ISERDES2'.
Generating RTLIL representation for module `\OSERDES2'.
Generating RTLIL representation for module `\IBUF_DLY_ADJ'.
Generating RTLIL representation for module `\IBUF_IBUFDISABLE'.
Generating RTLIL representation for module `\IBUF_INTERMDISABLE'.
Generating RTLIL representation for module `\IBUF_ANALOG'.
Generating RTLIL representation for module `\IBUFE3'.
Generating RTLIL representation for module `\IBUFDS'.
Generating RTLIL representation for module `\IBUFDS_DLY_ADJ'.
Generating RTLIL representation for module `\IBUFDS_IBUFDISABLE'.
Generating RTLIL representation for module `\IBUFDS_INTERMDISABLE'.
Generating RTLIL representation for module `\IBUFDS_DIFF_OUT'.
Generating RTLIL representation for module `\IBUFDS_DIFF_OUT_IBUFDISABLE'.
Generating RTLIL representation for module `\IBUFDS_DIFF_OUT_INTERMDISABLE'.
Generating RTLIL representation for module `\IBUFDSE3'.
Generating RTLIL representation for module `\IBUFDS_DPHY'.
Generating RTLIL representation for module `\IBUFGDS'.
Generating RTLIL representation for module `\IBUFGDS_DIFF_OUT'.
Generating RTLIL representation for module `\IOBUF_DCIEN'.
Generating RTLIL representation for module `\IOBUF_INTERMDISABLE'.
Generating RTLIL representation for module `\IOBUFE3'.
Generating RTLIL representation for module `\IOBUFDS'.
Generating RTLIL representation for module `\IOBUFDS_DCIEN'.
Generating RTLIL representation for module `\IOBUFDS_INTERMDISABLE'.
Generating RTLIL representation for module `\IOBUFDS_DIFF_OUT'.
Generating RTLIL representation for module `\IOBUFDS_DIFF_OUT_DCIEN'.
Generating RTLIL representation for module `\IOBUFDS_DIFF_OUT_INTERMDISABLE'.
Generating RTLIL representation for module `\IOBUFDSE3'.
Generating RTLIL representation for module `\OBUFDS'.
Generating RTLIL representation for module `\OBUFDS_DPHY'.
Generating RTLIL representation for module `\OBUFTDS'.
Generating RTLIL representation for module `\KEEPER'.
Generating RTLIL representation for module `\PULLDOWN'.
Generating RTLIL representation for module `\PULLUP'.
Generating RTLIL representation for module `\DCIRESET'.
Generating RTLIL representation for module `\HPIO_VREF'.
Generating RTLIL representation for module `\BUFGCE'.
Generating RTLIL representation for module `\BUFGCE_1'.
Generating RTLIL representation for module `\BUFGMUX'.
Generating RTLIL representation for module `\BUFGMUX_1'.
Generating RTLIL representation for module `\BUFGMUX_CTRL'.
Generating RTLIL representation for module `\BUFGMUX_VIRTEX4'.
Generating RTLIL representation for module `\BUFG_GT'.
Generating RTLIL representation for module `\BUFG_GT_SYNC'.
Generating RTLIL representation for module `\BUFG_PS'.
Generating RTLIL representation for module `\BUFGCE_DIV'.
Generating RTLIL representation for module `\BUFH'.
Generating RTLIL representation for module `\BUFIO2'.
Generating RTLIL representation for module `\BUFIO2_2CLK'.
Generating RTLIL representation for module `\BUFIO2FB'.
Generating RTLIL representation for module `\BUFPLL'.
Generating RTLIL representation for module `\BUFPLL_MCB'.
Generating RTLIL representation for module `\BUFIO'.
Generating RTLIL representation for module `\BUFIODQS'.
Generating RTLIL representation for module `\BUFR'.
Generating RTLIL representation for module `\BUFMR'.
Generating RTLIL representation for module `\BUFMRCE'.
Generating RTLIL representation for module `\DCM'.
Generating RTLIL representation for module `\DCM_SP'.
Generating RTLIL representation for module `\DCM_CLKGEN'.
Generating RTLIL representation for module `\DCM_ADV'.
Generating RTLIL representation for module `\DCM_BASE'.
Generating RTLIL representation for module `\DCM_PS'.
Generating RTLIL representation for module `\PMCD'.
Generating RTLIL representation for module `\PLL_ADV'.
Generating RTLIL representation for module `\PLL_BASE'.
Generating RTLIL representation for module `\MMCM_ADV'.
Generating RTLIL representation for module `\MMCM_BASE'.
Generating RTLIL representation for module `\MMCME2_ADV'.
Generating RTLIL representation for module `\MMCME2_BASE'.
Generating RTLIL representation for module `\PLLE2_ADV'.
Generating RTLIL representation for module `\PLLE2_BASE'.
Generating RTLIL representation for module `\MMCME3_ADV'.
Generating RTLIL representation for module `\MMCME3_BASE'.
Generating RTLIL representation for module `\PLLE3_ADV'.
Generating RTLIL representation for module `\PLLE3_BASE'.
Generating RTLIL representation for module `\MMCME4_ADV'.
Generating RTLIL representation for module `\MMCME4_BASE'.
Generating RTLIL representation for module `\PLLE4_ADV'.
Generating RTLIL representation for module `\PLLE4_BASE'.
Generating RTLIL representation for module `\BUFT'.
Generating RTLIL representation for module `\IN_FIFO'.
Generating RTLIL representation for module `\OUT_FIFO'.
Generating RTLIL representation for module `\HARD_SYNC'.
Generating RTLIL representation for module `\STARTUP_SPARTAN3'.
Generating RTLIL representation for module `\STARTUP_SPARTAN3E'.
Generating RTLIL representation for module `\STARTUP_SPARTAN3A'.
Generating RTLIL representation for module `\STARTUP_SPARTAN6'.
Generating RTLIL representation for module `\STARTUP_VIRTEX4'.
Generating RTLIL representation for module `\STARTUP_VIRTEX5'.
Generating RTLIL representation for module `\STARTUP_VIRTEX6'.
Generating RTLIL representation for module `\STARTUPE2'.
Generating RTLIL representation for module `\STARTUPE3'.
Generating RTLIL representation for module `\CAPTURE_SPARTAN3'.
Generating RTLIL representation for module `\CAPTURE_SPARTAN3A'.
Generating RTLIL representation for module `\CAPTURE_VIRTEX4'.
Generating RTLIL representation for module `\CAPTURE_VIRTEX5'.
Generating RTLIL representation for module `\CAPTURE_VIRTEX6'.
Generating RTLIL representation for module `\CAPTUREE2'.
Generating RTLIL representation for module `\ICAP_SPARTAN3A'.
Generating RTLIL representation for module `\ICAP_SPARTAN6'.
Generating RTLIL representation for module `\ICAP_VIRTEX4'.
Generating RTLIL representation for module `\ICAP_VIRTEX5'.
Generating RTLIL representation for module `\ICAP_VIRTEX6'.
Generating RTLIL representation for module `\ICAPE2'.
Generating RTLIL representation for module `\ICAPE3'.
Generating RTLIL representation for module `\BSCAN_SPARTAN3'.
Generating RTLIL representation for module `\BSCAN_SPARTAN3A'.
Generating RTLIL representation for module `\BSCAN_SPARTAN6'.
Generating RTLIL representation for module `\BSCAN_VIRTEX4'.
Generating RTLIL representation for module `\BSCAN_VIRTEX5'.
Generating RTLIL representation for module `\BSCAN_VIRTEX6'.
Generating RTLIL representation for module `\BSCANE2'.
Generating RTLIL representation for module `\DNA_PORT'.
Generating RTLIL representation for module `\DNA_PORTE2'.
Generating RTLIL representation for module `\FRAME_ECC_VIRTEX4'.
Generating RTLIL representation for module `\FRAME_ECC_VIRTEX5'.
Generating RTLIL representation for module `\FRAME_ECC_VIRTEX6'.
Generating RTLIL representation for module `\FRAME_ECCE2'.
Generating RTLIL representation for module `\FRAME_ECCE3'.
Generating RTLIL representation for module `\FRAME_ECCE4'.
Generating RTLIL representation for module `\USR_ACCESS_VIRTEX4'.
Generating RTLIL representation for module `\USR_ACCESS_VIRTEX5'.
Generating RTLIL representation for module `\USR_ACCESS_VIRTEX6'.
Generating RTLIL representation for module `\USR_ACCESSE2'.
Generating RTLIL representation for module `\POST_CRC_INTERNAL'.
Generating RTLIL representation for module `\SUSPEND_SYNC'.
Generating RTLIL representation for module `\KEY_CLEAR'.
Generating RTLIL representation for module `\MASTER_JTAG'.
Generating RTLIL representation for module `\SPI_ACCESS'.
Generating RTLIL representation for module `\EFUSE_USR'.
Generating RTLIL representation for module `\SYSMON'.
Generating RTLIL representation for module `\XADC'.
Generating RTLIL representation for module `\SYSMONE1'.
Generating RTLIL representation for module `\SYSMONE4'.
Generating RTLIL representation for module `\GTPA1_DUAL'.
Generating RTLIL representation for module `\GT11_CUSTOM'.
Generating RTLIL representation for module `\GT11_DUAL'.
Generating RTLIL representation for module `\GT11CLK'.
Generating RTLIL representation for module `\GT11CLK_MGT'.
Generating RTLIL representation for module `\GTP_DUAL'.
Generating RTLIL representation for module `\GTX_DUAL'.
Generating RTLIL representation for module `\CRC32'.
Generating RTLIL representation for module `\CRC64'.
Generating RTLIL representation for module `\GTHE1_QUAD'.
Generating RTLIL representation for module `\GTXE1'.
Generating RTLIL representation for module `\IBUFDS_GTXE1'.
Generating RTLIL representation for module `\IBUFDS_GTHE1'.
Generating RTLIL representation for module `\GTHE2_CHANNEL'.
Generating RTLIL representation for module `\GTHE2_COMMON'.
Generating RTLIL representation for module `\GTPE2_CHANNEL'.
Generating RTLIL representation for module `\GTPE2_COMMON'.
Generating RTLIL representation for module `\GTXE2_CHANNEL'.
Generating RTLIL representation for module `\GTXE2_COMMON'.
Generating RTLIL representation for module `\IBUFDS_GTE2'.
Generating RTLIL representation for module `\GTHE3_CHANNEL'.
Generating RTLIL representation for module `\GTHE3_COMMON'.
Generating RTLIL representation for module `\GTYE3_CHANNEL'.
Generating RTLIL representation for module `\GTYE3_COMMON'.
Generating RTLIL representation for module `\IBUFDS_GTE3'.
Generating RTLIL representation for module `\OBUFDS_GTE3'.
Generating RTLIL representation for module `\OBUFDS_GTE3_ADV'.
Generating RTLIL representation for module `\GTHE4_CHANNEL'.
Generating RTLIL representation for module `\GTHE4_COMMON'.
Generating RTLIL representation for module `\GTYE4_CHANNEL'.
Generating RTLIL representation for module `\GTYE4_COMMON'.
Generating RTLIL representation for module `\IBUFDS_GTE4'.
Generating RTLIL representation for module `\OBUFDS_GTE4'.
Generating RTLIL representation for module `\OBUFDS_GTE4_ADV'.
Generating RTLIL representation for module `\GTM_DUAL'.
Generating RTLIL representation for module `\IBUFDS_GTM'.
Generating RTLIL representation for module `\OBUFDS_GTM'.
Generating RTLIL representation for module `\OBUFDS_GTM_ADV'.
Generating RTLIL representation for module `\HSDAC'.
Generating RTLIL representation for module `\HSADC'.
Generating RTLIL representation for module `\RFDAC'.
Generating RTLIL representation for module `\RFADC'.
Generating RTLIL representation for module `\PCIE_A1'.
Generating RTLIL representation for module `\PCIE_EP'.
Generating RTLIL representation for module `\PCIE_2_0'.
Generating RTLIL representation for module `\PCIE_2_1'.
Generating RTLIL representation for module `\PCIE_3_0'.
Generating RTLIL representation for module `\PCIE_3_1'.
Generating RTLIL representation for module `\PCIE40E4'.
Generating RTLIL representation for module `\PCIE4CE4'.
Generating RTLIL representation for module `\EMAC'.
Generating RTLIL representation for module `\TEMAC'.
Generating RTLIL representation for module `\TEMAC_SINGLE'.
Generating RTLIL representation for module `\CMAC'.
Generating RTLIL representation for module `\CMACE4'.
Generating RTLIL representation for module `\MCB'.
Generating RTLIL representation for module `\HBM_REF_CLK'.
Generating RTLIL representation for module `\HBM_SNGLBLI_INTF_APB'.
Generating RTLIL representation for module `\HBM_SNGLBLI_INTF_AXI'.
Generating RTLIL representation for module `\HBM_ONE_STACK_INTF'.
Generating RTLIL representation for module `\HBM_TWO_STACK_INTF'.
Generating RTLIL representation for module `\PPC405_ADV'.
Generating RTLIL representation for module `\PPC440'.
Generating RTLIL representation for module `\PS7'.
Generating RTLIL representation for module `\PS8'.
Generating RTLIL representation for module `\ILKN'.
Generating RTLIL representation for module `\ILKNE4'.
Generating RTLIL representation for module `\VCU'.
Generating RTLIL representation for module `\FE'.
Successfully finished Verilog frontend.

2.3. Executing HIERARCHY pass (managing design hierarchy).

2.3.1. Finding top of design hierarchy..
root of   1 design levels: ps7_tern            
Automatically selected ps7_tern as design top module.

2.3.2. Analyzing design hierarchy..
Top module:  \ps7_tern

2.3.3. Analyzing design hierarchy..
Top module:  \ps7_tern
Removed 0 unused modules.

2.4. Executing PROC pass (convert processes to netlists).

2.4.1. Executing PROC_CLEAN pass (remove empty switches from decision trees).
Cleaned up 0 empty switches.

2.4.2. Executing PROC_RMDEAD pass (remove dead branches from decision trees).
Marked 2 switch rules as full_case in process $proc$ps7_tern.v:25$1 in module ps7_tern.
Removed a total of 0 dead cases.

2.4.3. Executing PROC_PRUNE pass (remove redundant assignments in processes).
Removed 1 redundant assignment.
Promoted 1 assignment to connection.

2.4.4. Executing PROC_INIT pass (extract init attributes).

2.4.5. Executing PROC_ARST pass (detect async resets in processes).

2.4.6. Executing PROC_ROM pass (convert switches to ROMs).
Converted 0 switches.
<suppressed ~2 debug messages>

2.4.7. Executing PROC_MUX pass (convert decision trees to multiplexers).
Creating decoders for process `\ps7_tern.$proc$ps7_tern.v:39$5'.
Creating decoders for process `\ps7_tern.$proc$ps7_tern.v:25$1'.
     1/1: $0\y[8:0]

2.4.8. Executing PROC_DLATCH pass (convert process syncs to latches).

2.4.9. Executing PROC_DFF pass (convert process syncs to FFs).
Creating register for signal `\ps7_tern.\cnt' using process `\ps7_tern.$proc$ps7_tern.v:39$5'.
  created $dff cell `$procdff$1112' with positive edge clock.
Creating register for signal `\ps7_tern.\y' using process `\ps7_tern.$proc$ps7_tern.v:25$1'.
  created $dff cell `$procdff$1113' with positive edge clock.

2.4.10. Executing PROC_MEMWR pass (convert process memory writes to cells).

2.4.11. Executing PROC_CLEAN pass (remove empty switches from decision trees).
Removing empty process `ps7_tern.$proc$ps7_tern.v:39$5'.
Found and cleaned up 2 empty switches in `\ps7_tern.$proc$ps7_tern.v:25$1'.
Removing empty process `ps7_tern.$proc$ps7_tern.v:25$1'.
Cleaned up 2 empty switches.

2.4.12. Executing OPT_EXPR pass (perform const folding).
Optimizing module ps7_tern.
<suppressed ~2 debug messages>

2.5. Executing FLATTEN pass (flatten design).

2.6. Executing TRIBUF pass.

2.7. Executing DEMINOUT pass (demote inout ports to input or output).

2.8. Executing OPT_EXPR pass (perform const folding).
Optimizing module ps7_tern.

2.9. Executing OPT_CLEAN pass (remove unused cells and wires).
Finding unused cells or wires in module \ps7_tern..
Removed 2 unused cells and 6 unused wires.
<suppressed ~4 debug messages>

2.10. Executing CHECK pass (checking for obvious problems).
Checking module ps7_tern...
Found and reported 0 problems.

2.11. Executing OPT pass (performing simple optimizations).

2.11.1. Executing OPT_EXPR pass (perform const folding).
Optimizing module ps7_tern.

2.11.2. Executing OPT_MERGE pass (detect identical cells).
Finding identical cells in module `\ps7_tern'.
Computing hashes of 10 cells of `\ps7_tern'.
Finding duplicate cells in `\ps7_tern'.
Removed a total of 0 cells.

2.11.3. Executing OPT_MUXTREE pass (detect dead branches in mux trees).
Running muxtree optimizer on module \ps7_tern..
  Creating internal representation of mux trees.
  Evaluating internal representation of mux trees.
  Analyzing evaluation results.
Removed 0 multiplexer ports.
<suppressed ~5 debug messages>

2.11.4. Executing OPT_REDUCE pass (consolidate $*mux and $reduce_* inputs).
  Optimizing cells in module \ps7_tern.
Performed a total of 0 changes.

2.11.5. Executing OPT_MERGE pass (detect identical cells).
Finding identical cells in module `\ps7_tern'.
Computing hashes of 10 cells of `\ps7_tern'.
Finding duplicate cells in `\ps7_tern'.
Removed a total of 0 cells.

2.11.6. Executing OPT_DFF pass (perform DFF optimizations).

2.11.7. Executing OPT_CLEAN pass (remove unused cells and wires).
Finding unused cells or wires in module \ps7_tern..

2.11.8. Executing OPT_EXPR pass (perform const folding).
Optimizing module ps7_tern.

2.11.9. Finished fast OPT passes. (There is nothing left to do.)

2.12. Executing FSM pass (extract and optimize FSM).

2.12.1. Executing FSM_DETECT pass (finding FSMs in design).

2.12.2. Executing FSM_EXTRACT pass (extracting FSM from design).

2.12.3. Executing FSM_OPT pass (simple optimizations of FSMs).

2.12.4. Executing OPT_CLEAN pass (remove unused cells and wires).
Finding unused cells or wires in module \ps7_tern..

2.12.5. Executing FSM_OPT pass (simple optimizations of FSMs).

2.12.6. Executing FSM_RECODE pass (re-assigning FSM state encoding).

2.12.7. Executing FSM_INFO pass (dumping all available information on FSM cells).

2.12.8. Executing FSM_MAP pass (mapping FSMs to basic logic).

2.13. Executing OPT pass (performing simple optimizations).

2.13.1. Executing OPT_EXPR pass (perform const folding).
Optimizing module ps7_tern.

2.13.2. Executing OPT_MERGE pass (detect identical cells).
Finding identical cells in module `\ps7_tern'.
Computing hashes of 10 cells of `\ps7_tern'.
Finding duplicate cells in `\ps7_tern'.
Removed a total of 0 cells.

2.13.3. Executing OPT_MUXTREE pass (detect dead branches in mux trees).
Running muxtree optimizer on module \ps7_tern..
  Creating internal representation of mux trees.
  Evaluating internal representation of mux trees.
  Analyzing evaluation results.
Removed 0 multiplexer ports.
<suppressed ~5 debug messages>

2.13.4. Executing OPT_REDUCE pass (consolidate $*mux and $reduce_* inputs).
  Optimizing cells in module \ps7_tern.
Performed a total of 0 changes.

2.13.5. Executing OPT_MERGE pass (detect identical cells).
Finding identical cells in module `\ps7_tern'.
Computing hashes of 10 cells of `\ps7_tern'.
Finding duplicate cells in `\ps7_tern'.
Removed a total of 0 cells.

2.13.6. Executing OPT_DFF pass (perform DFF optimizations).
Adding SRST signal on $procdff$1113 ($dff) from module ps7_tern (D = $procmux$1106_Y, Q = \y, rval = 9'000000000).
Adding SRST signal on $procdff$1112 ($dff) from module ps7_tern (D = $add$ps7_tern.v:39$7_Y, Q = \cnt, rval = 24'000000000000000000000000).

2.13.7. Executing OPT_CLEAN pass (remove unused cells and wires).
Finding unused cells or wires in module \ps7_tern..
Removed 2 unused cells and 2 unused wires.
<suppressed ~3 debug messages>

2.13.8. Executing OPT_EXPR pass (perform const folding).
Optimizing module ps7_tern.

2.13.9. Rerunning OPT passes. (Maybe there is more to do..)

2.13.10. Executing OPT_MUXTREE pass (detect dead branches in mux trees).
Running muxtree optimizer on module \ps7_tern..
  Creating internal representation of mux trees.
  Evaluating internal representation of mux trees.
  Analyzing evaluation results.
Removed 0 multiplexer ports.
<suppressed ~2 debug messages>

2.13.11. Executing OPT_REDUCE pass (consolidate $*mux and $reduce_* inputs).
  Optimizing cells in module \ps7_tern.
Performed a total of 0 changes.

2.13.12. Executing OPT_MERGE pass (detect identical cells).
Finding identical cells in module `\ps7_tern'.
Computing hashes of 8 cells of `\ps7_tern'.
Finding duplicate cells in `\ps7_tern'.
Removed a total of 0 cells.

2.13.13. Executing OPT_DFF pass (perform DFF optimizations).

2.13.14. Executing OPT_CLEAN pass (remove unused cells and wires).
Finding unused cells or wires in module \ps7_tern..

2.13.15. Executing OPT_EXPR pass (perform const folding).
Optimizing module ps7_tern.

2.13.16. Finished fast OPT passes. (There is nothing left to do.)

2.14. Executing WREDUCE pass (reducing word size of cells).
Removed top 1 bits (of 9) from port A of cell ps7_tern.$neg$ps7_tern.v:29$4 ($neg).
Removed top 1 bits (of 2) from port B of cell ps7_tern.$procmux$1108_CMP0 ($eq).

2.15. Executing PEEPOPT pass (run peephole optimizers).

2.16. Executing OPT_CLEAN pass (remove unused cells and wires).
Finding unused cells or wires in module \ps7_tern..

2.17. Executing PMUX2SHIFTX pass.

2.18. Executing MEMORY_DFF pass (merging $dff cells to $memrd).

2.19. Executing TECHMAP pass (map to technology primitives).

2.19.1. Executing Verilog-2005 frontend: /usr/local/bin/../share/yosys/mul2dsp.v
Parsing Verilog input from `/usr/local/bin/../share/yosys/mul2dsp.v' to AST representation.
Generating RTLIL representation for module `\_80_mul'.
Generating RTLIL representation for module `\_90_soft_mul'.
Successfully finished Verilog frontend.

2.19.2. Executing Verilog-2005 frontend: /usr/local/bin/../share/yosys/xilinx/xc7_dsp_map.v
Parsing Verilog input from `/usr/local/bin/../share/yosys/xilinx/xc7_dsp_map.v' to AST representation.
Generating RTLIL representation for module `$__MUL25X18'.
Successfully finished Verilog frontend.

2.19.3. Continuing TECHMAP pass.
No more expansions possible.
<suppressed ~5 debug messages>

2.20. Executing OPT_EXPR pass (perform const folding).

2.21. Executing WREDUCE pass (reducing word size of cells).

2.22. Executing XILINX_DSP pass (pack resources into DSPs).

2.23. Executing TECHMAP pass (map to technology primitives).

2.23.1. Executing Verilog-2005 frontend: /usr/local/bin/../share/yosys/cmp2lut.v
Parsing Verilog input from `/usr/local/bin/../share/yosys/cmp2lut.v' to AST representation.
Generating RTLIL representation for module `\_90_lut_cmp_'.
Successfully finished Verilog frontend.

2.23.2. Executing Verilog-2005 frontend: /usr/local/bin/../share/yosys/cmp2lcu.v
Parsing Verilog input from `/usr/local/bin/../share/yosys/cmp2lcu.v' to AST representation.
Generating RTLIL representation for module `\_80_lcu_cmp_'.
Generating RTLIL representation for module `$__CMP2LCU'.
Successfully finished Verilog frontend.

2.23.3. Continuing TECHMAP pass.
No more expansions possible.
<suppressed ~7 debug messages>

2.24. Executing ALUMACC pass (create $alu and $macc cells).
Extracting $alu and $macc cells in module ps7_tern:
  creating $macc model for $add$ps7_tern.v:39$7 ($add).
  creating $macc model for $neg$ps7_tern.v:29$4 ($neg).
  creating $alu model for $macc $add$ps7_tern.v:39$7.
  creating $macc cell for $neg$ps7_tern.v:29$4: $auto$alumacc.cc:382:replace_macc$1118
  creating $alu cell for $add$ps7_tern.v:39$7: $auto$alumacc.cc:512:replace_alu$1119
  created 1 $alu and 1 $macc cells.

2.25. Executing SHARE pass (SAT-based resource sharing).

2.26. Executing OPT pass (performing simple optimizations).

2.26.1. Executing OPT_EXPR pass (perform const folding).
Optimizing module ps7_tern.

2.26.2. Executing OPT_MERGE pass (detect identical cells).
Finding identical cells in module `\ps7_tern'.
Computing hashes of 8 cells of `\ps7_tern'.
Finding duplicate cells in `\ps7_tern'.
Removed a total of 0 cells.

2.26.3. Executing OPT_MUXTREE pass (detect dead branches in mux trees).
Running muxtree optimizer on module \ps7_tern..
  Creating internal representation of mux trees.
  Evaluating internal representation of mux trees.
  Analyzing evaluation results.
Removed 0 multiplexer ports.
<suppressed ~2 debug messages>

2.26.4. Executing OPT_REDUCE pass (consolidate $*mux and $reduce_* inputs).
  Optimizing cells in module \ps7_tern.
Performed a total of 0 changes.

2.26.5. Executing OPT_MERGE pass (detect identical cells).
Finding identical cells in module `\ps7_tern'.
Computing hashes of 8 cells of `\ps7_tern'.
Finding duplicate cells in `\ps7_tern'.
Removed a total of 0 cells.

2.26.6. Executing OPT_DFF pass (perform DFF optimizations).

2.26.7. Executing OPT_CLEAN pass (remove unused cells and wires).
Finding unused cells or wires in module \ps7_tern..

2.26.8. Executing OPT_EXPR pass (perform const folding).
Optimizing module ps7_tern.

2.26.9. Finished fast OPT passes. (There is nothing left to do.)

2.27. Executing MEMORY pass.

2.27.1. Executing OPT_MEM pass (optimize memories).
Performed a total of 0 transformations.

2.27.2. Executing OPT_MEM_PRIORITY pass (removing unnecessary memory write priority relations).
Performed a total of 0 transformations.

2.27.3. Executing OPT_MEM_FEEDBACK pass (finding memory read-to-write feedback paths).

2.27.4. Executing MEMORY_BMUX2ROM pass (converting muxes to ROMs).

2.27.5. Executing MEMORY_DFF pass (merging $dff cells to $memrd).

2.27.6. Executing OPT_CLEAN pass (remove unused cells and wires).
Finding unused cells or wires in module \ps7_tern..

2.27.7. Executing MEMORY_SHARE pass (consolidating $memrd/$memwr cells).

2.27.8. Executing OPT_MEM_WIDEN pass (optimize memories where all ports are wide).
Performed a total of 0 transformations.

2.27.9. Executing OPT_CLEAN pass (remove unused cells and wires).
Finding unused cells or wires in module \ps7_tern..

2.27.10. Executing MEMORY_COLLECT pass (generating $mem cells).

2.28. Executing OPT_CLEAN pass (remove unused cells and wires).
Finding unused cells or wires in module \ps7_tern..

2.29. Executing MEMORY_LIBMAP pass (mapping memories to cells).

2.30. Executing TECHMAP pass (map to technology primitives).

2.30.1. Executing Verilog-2005 frontend: /usr/local/bin/../share/yosys/xilinx/lutrams_xc5v_map.v
Parsing Verilog input from `/usr/local/bin/../share/yosys/xilinx/lutrams_xc5v_map.v' to AST representation.
Generating RTLIL representation for module `$__XILINX_LUTRAM_SP_'.
Generating RTLIL representation for module `$__XILINX_LUTRAM_DP_'.
Generating RTLIL representation for module `$__XILINX_LUTRAM_QP_'.
Generating RTLIL representation for module `$__XILINX_LUTRAM_OP_'.
Generating RTLIL representation for module `$__XILINX_LUTRAM_SDP_'.
Generating RTLIL representation for module `$__XILINX_LUTRAM_64X8SW_'.
Generating RTLIL representation for module `$__XILINX_LUTRAM_32X16DR8_'.
Successfully finished Verilog frontend.

2.30.2. Continuing TECHMAP pass.
No more expansions possible.
<suppressed ~9 debug messages>

2.31. Executing TECHMAP pass (map to technology primitives).

2.31.1. Executing Verilog-2005 frontend: /usr/local/bin/../share/yosys/xilinx/brams_xc6v_map.v
Parsing Verilog input from `/usr/local/bin/../share/yosys/xilinx/brams_xc6v_map.v' to AST representation.
Generating RTLIL representation for module `$__XILINX_BLOCKRAM_TDP_'.
Generating RTLIL representation for module `$__XILINX_BLOCKRAM_SDP_'.
Successfully finished Verilog frontend.

2.31.2. Continuing TECHMAP pass.
No more expansions possible.
<suppressed ~4 debug messages>

2.32. Executing OPT pass (performing simple optimizations).

2.32.1. Executing OPT_EXPR pass (perform const folding).
Optimizing module ps7_tern.

2.32.2. Executing OPT_MERGE pass (detect identical cells).
Finding identical cells in module `\ps7_tern'.
Computing hashes of 8 cells of `\ps7_tern'.
Finding duplicate cells in `\ps7_tern'.
Removed a total of 0 cells.

2.32.3. Executing OPT_DFF pass (perform DFF optimizations).

2.32.4. Executing OPT_CLEAN pass (remove unused cells and wires).
Finding unused cells or wires in module \ps7_tern..

2.32.5. Finished fast OPT passes.

2.33. Executing MEMORY_MAP pass (converting memories to logic and flip-flops).

2.34. Executing OPT pass (performing simple optimizations).

2.34.1. Executing OPT_EXPR pass (perform const folding).
Optimizing module ps7_tern.

2.34.2. Executing OPT_MERGE pass (detect identical cells).
Finding identical cells in module `\ps7_tern'.
Computing hashes of 8 cells of `\ps7_tern'.
Finding duplicate cells in `\ps7_tern'.
Removed a total of 0 cells.

2.34.3. Executing OPT_MUXTREE pass (detect dead branches in mux trees).
Running muxtree optimizer on module \ps7_tern..
  Creating internal representation of mux trees.
  Evaluating internal representation of mux trees.
  Analyzing evaluation results.
Removed 0 multiplexer ports.
<suppressed ~2 debug messages>

2.34.4. Executing OPT_REDUCE pass (consolidate $*mux and $reduce_* inputs).
  Optimizing cells in module \ps7_tern.
Performed a total of 0 changes.

2.34.5. Executing OPT_MERGE pass (detect identical cells).
Finding identical cells in module `\ps7_tern'.
Computing hashes of 8 cells of `\ps7_tern'.
Finding duplicate cells in `\ps7_tern'.
Removed a total of 0 cells.

2.34.6. Executing OPT_SHARE pass.

2.34.7. Executing OPT_DFF pass (perform DFF optimizations).

2.34.8. Executing OPT_CLEAN pass (remove unused cells and wires).
Finding unused cells or wires in module \ps7_tern..

2.34.9. Executing OPT_EXPR pass (perform const folding).
Optimizing module ps7_tern.

2.34.10. Finished fast OPT passes. (There is nothing left to do.)

2.35. Executing XILINX_SRL pass (Xilinx shift register extraction).

2.36. Executing TECHMAP pass (map to technology primitives).

2.36.1. Executing Verilog-2005 frontend: /usr/local/bin/../share/yosys/techmap.v
Parsing Verilog input from `/usr/local/bin/../share/yosys/techmap.v' to AST representation.
Generating RTLIL representation for module `\_90_simplemap_bool_ops'.
Generating RTLIL representation for module `\_90_simplemap_reduce_ops'.
Generating RTLIL representation for module `\_90_simplemap_logic_ops'.
Generating RTLIL representation for module `\_90_simplemap_compare_ops'.
Generating RTLIL representation for module `\_90_simplemap_various'.
Generating RTLIL representation for module `\_90_simplemap_registers'.
Generating RTLIL representation for module `\_90_shift_ops_shr_shl_sshl_sshr'.
Generating RTLIL representation for module `\_90_shift_shiftx'.
Generating RTLIL representation for module `\_90_fa'.
Generating RTLIL representation for module `\_90_lcu_brent_kung'.
Generating RTLIL representation for module `\_90_alu'.
Generating RTLIL representation for module `\_90_macc'.
Generating RTLIL representation for module `\_90_alumacc'.
Generating RTLIL representation for module `$__div_mod_u'.
Generating RTLIL representation for module `$__div_mod_trunc'.
Generating RTLIL representation for module `\_90_div'.
Generating RTLIL representation for module `\_90_mod'.
Generating RTLIL representation for module `$__div_mod_floor'.
Generating RTLIL representation for module `\_90_divfloor'.
Generating RTLIL representation for module `\_90_modfloor'.
Generating RTLIL representation for module `\_90_pow'.
Generating RTLIL representation for module `\_90_pmux'.
Generating RTLIL representation for module `\_90_demux'.
Generating RTLIL representation for module `\_90_lut'.
Generating RTLIL representation for module `$connect'.
Generating RTLIL representation for module `$input_port'.
Successfully finished Verilog frontend.

2.36.2. Executing Verilog-2005 frontend: /usr/local/bin/../share/yosys/xilinx/arith_map.v
Parsing Verilog input from `/usr/local/bin/../share/yosys/xilinx/arith_map.v' to AST representation.
Generating RTLIL representation for module `\_80_xilinx_lcu'.
Generating RTLIL representation for module `\_80_xilinx_alu'.
Successfully finished Verilog frontend.

2.36.3. Continuing TECHMAP pass.
Using template $paramod$92416ad05ea14f047e025d5dd00bd9d45058060b\_80_xilinx_alu for cells of type $alu.
Using extmapper maccmap for cells of type $macc_v2.
  sub \gpio_o [7:0] (8 bits, signed)
Using extmapper simplemap for cells of type $sdff.
Using extmapper simplemap for cells of type $eq.
Using template $paramod$30a6a3eda691e4e16264fbb83b0421b58195fe41\_90_pmux for cells of type $pmux.
Using template $paramod$f3577c771c9481b69e8bbe2cdb6cbd8fa304622a\_80_xilinx_alu for cells of type $alu.
Using extmapper simplemap for cells of type $not.
Using extmapper simplemap for cells of type $xor.
Using extmapper simplemap for cells of type $mux.
Using extmapper simplemap for cells of type $pos.
Using extmapper simplemap for cells of type $reduce_or.
Using extmapper simplemap for cells of type $and.
No more expansions possible.
<suppressed ~168 debug messages>

2.37. Executing OPT pass (performing simple optimizations).

2.37.1. Executing OPT_EXPR pass (perform const folding).
Optimizing module ps7_tern.
<suppressed ~80 debug messages>

2.37.2. Executing OPT_MERGE pass (detect identical cells).
Finding identical cells in module `\ps7_tern'.
Computing hashes of 120 cells of `\ps7_tern'.
Finding duplicate cells in `\ps7_tern'.
Computing hashes of 117 cells of `\ps7_tern'.
Finding duplicate cells in `\ps7_tern'.
<suppressed ~9 debug messages>
Removed a total of 3 cells.

2.37.3. Executing OPT_DFF pass (perform DFF optimizations).

2.37.4. Executing OPT_CLEAN pass (remove unused cells and wires).
Finding unused cells or wires in module \ps7_tern..
Removed 24 unused cells and 80 unused wires.
<suppressed ~25 debug messages>

2.37.5. Finished fast OPT passes.

2.38. Executing IOPADMAP pass (mapping inputs/outputs to IO-PAD cells).
Mapping port ps7_tern.led using OBUF.

2.39. Executing TECHMAP pass (map to technology primitives).

2.39.1. Executing Verilog-2005 frontend: /usr/local/bin/../share/yosys/techmap.v
Parsing Verilog input from `/usr/local/bin/../share/yosys/techmap.v' to AST representation.
Generating RTLIL representation for module `\_90_simplemap_bool_ops'.
Generating RTLIL representation for module `\_90_simplemap_reduce_ops'.
Generating RTLIL representation for module `\_90_simplemap_logic_ops'.
Generating RTLIL representation for module `\_90_simplemap_compare_ops'.
Generating RTLIL representation for module `\_90_simplemap_various'.
Generating RTLIL representation for module `\_90_simplemap_registers'.
Generating RTLIL representation for module `\_90_shift_ops_shr_shl_sshl_sshr'.
Generating RTLIL representation for module `\_90_shift_shiftx'.
Generating RTLIL representation for module `\_90_fa'.
Generating RTLIL representation for module `\_90_lcu_brent_kung'.
Generating RTLIL representation for module `\_90_alu'.
Generating RTLIL representation for module `\_90_macc'.
Generating RTLIL representation for module `\_90_alumacc'.
Generating RTLIL representation for module `$__div_mod_u'.
Generating RTLIL representation for module `$__div_mod_trunc'.
Generating RTLIL representation for module `\_90_div'.
Generating RTLIL representation for module `\_90_mod'.
Generating RTLIL representation for module `$__div_mod_floor'.
Generating RTLIL representation for module `\_90_divfloor'.
Generating RTLIL representation for module `\_90_modfloor'.
Generating RTLIL representation for module `\_90_pow'.
Generating RTLIL representation for module `\_90_pmux'.
Generating RTLIL representation for module `\_90_demux'.
Generating RTLIL representation for module `\_90_lut'.
Generating RTLIL representation for module `$connect'.
Generating RTLIL representation for module `$input_port'.
Successfully finished Verilog frontend.

2.39.2. Executing Verilog-2005 frontend: /usr/local/bin/../share/yosys/xilinx/cells_map.v
Parsing Verilog input from `/usr/local/bin/../share/yosys/xilinx/cells_map.v' to AST representation.
Generating RTLIL representation for module `$__SHREG_'.
Generating RTLIL representation for module `$__XILINX_SHREG_'.
Generating RTLIL representation for module `$__XILINX_MUXF78'.
Successfully finished Verilog frontend.

2.39.3. Continuing TECHMAP pass.
No more expansions possible.
<suppressed ~80 debug messages>
Removed 0 unused cells and 1 unused wires.

2.40. Executing DFFLEGALIZE pass (convert FFs to types supported by the target).

2.41. Executing OPT_EXPR pass (perform const folding).
Optimizing module ps7_tern.

2.42. Executing ABC pass (technology mapping using ABC).

2.42.1. Extracting gate netlist of module `\ps7_tern' to `<abc-temp-dir>/input.blif'..

2.42.1.1. Executed ABC.
Extracted 83 gates and 105 wires to a netlist network with 21 inputs and 50 outputs.
Running ABC script: <abc-temp-dir>/abc.script
ABC: UC Berkeley, ABC 1.01 (compiled Apr 24 2026 10:49:53)
ABC: abc 01> empty
ABC: abc 01> source <abc-temp-dir>/abc.script
ABC: + read_blif <abc-temp-dir>/input.blif 
ABC: + read_lut /tmp/yosys-abc-nAWdgb/lutdefs.txt 
ABC: + strash 
ABC: + &get -n 
ABC: + &fraig -x 
ABC: + &put 
ABC: + scorr 
ABC: Warning: The network is combinational (run "fraig" or "fraig_sweep").
ABC: + dc2 
ABC: + dretime 
ABC: + strash 
ABC: + dch -f 
ABC: + if 
ABC: + mfs2 
ABC: + write_blif <abc-temp-dir>/output.blif 
ABC: 
ABC: YOSYS_ABC_DONE 

2.42.1.2. Re-integrating ABC results.
ABC RESULTS:              $lut cells:       50
ABC RESULTS:        internal signals:       34
ABC RESULTS:           input signals:       21
ABC RESULTS:          output signals:       50
Removing temp directory.
Removing global temp directory.
Removed 0 unused cells and 79 unused wires.

2.43. Executing TECHMAP pass (map to technology primitives).

2.43.1. Executing Verilog-2005 frontend: /usr/local/bin/../share/yosys/xilinx/ff_map.v
Parsing Verilog input from `/usr/local/bin/../share/yosys/xilinx/ff_map.v' to AST representation.
Generating RTLIL representation for module `$_DFFE_NP0P_'.
Generating RTLIL representation for module `$_DFFE_PP0P_'.
Generating RTLIL representation for module `$_DFFE_NP1P_'.
Generating RTLIL representation for module `$_DFFE_PP1P_'.
Generating RTLIL representation for module `$_DFFSRE_NPPP_'.
Generating RTLIL representation for module `$_DFFSRE_PPPP_'.
Generating RTLIL representation for module `$_SDFFE_NP0P_'.
Generating RTLIL representation for module `$_SDFFE_PP0P_'.
Generating RTLIL representation for module `$_SDFFE_NP1P_'.
Generating RTLIL representation for module `$_SDFFE_PP1P_'.
Generating RTLIL representation for module `$_DLATCH_NP0_'.
Generating RTLIL representation for module `$_DLATCH_PP0_'.
Generating RTLIL representation for module `$_DLATCH_NP1_'.
Generating RTLIL representation for module `$_DLATCH_PP1_'.
Generating RTLIL representation for module `$_DLATCH_NPP_'.
Generating RTLIL representation for module `$_DLATCH_PPP_'.
Successfully finished Verilog frontend.

2.43.2. Continuing TECHMAP pass.
Using template $paramod$_SDFFE_PP0P_\_TECHMAP_WIREINIT_Q_=1'x for cells of type $_SDFFE_PP0P_.
No more expansions possible.
<suppressed ~62 debug messages>

2.44. Executing XILINX_SRL pass (Xilinx shift register extraction).

2.45. Executing TECHMAP pass (map to technology primitives).

2.45.1. Executing Verilog-2005 frontend: /usr/local/bin/../share/yosys/xilinx/lut_map.v
Parsing Verilog input from `/usr/local/bin/../share/yosys/xilinx/lut_map.v' to AST representation.
Generating RTLIL representation for module `$lut'.
Successfully finished Verilog frontend.

2.45.2. Executing Verilog-2005 frontend: /usr/local/bin/../share/yosys/xilinx/cells_map.v
Parsing Verilog input from `/usr/local/bin/../share/yosys/xilinx/cells_map.v' to AST representation.
Generating RTLIL representation for module `$__SHREG_'.
Generating RTLIL representation for module `$__XILINX_SHREG_'.
Generating RTLIL representation for module `$__XILINX_MUXF78'.
Successfully finished Verilog frontend.

2.45.3. Continuing TECHMAP pass.
Using template $paramod$22ee34ebaae3e885b4012d7036d75a6112129095$lut for cells of type $lut.
Using template $paramod$lut\WIDTH=32'00000000000000000000000000000001\LUT=2'01 for cells of type $lut.
No more expansions possible.
<suppressed ~82 debug messages>

2.46. Executing XILINX_DFFOPT pass (optimize FF control signal usage).
Optimizing FFs in ps7_tern.
  Merging D + R LUTs for $auto$ff.cc:337:slice$1570/y (4 -> 5)
  Merging D + R LUTs for $auto$ff.cc:337:slice$1571/y (4 -> 5)
  Merging D + R LUTs for $auto$ff.cc:337:slice$1572/y (4 -> 5)
  Merging D + R LUTs for $auto$ff.cc:337:slice$1573/y (4 -> 5)
  Merging D + R LUTs for $auto$ff.cc:337:slice$1574/y (4 -> 5)
  Merging D + R LUTs for $auto$ff.cc:337:slice$1575/y (4 -> 5)
  Merging D + R LUTs for $auto$ff.cc:337:slice$1576/y (4 -> 5)
  Merging D + R LUTs for $auto$ff.cc:337:slice$1577/y (4 -> 5)
  Merging D + R LUTs for $auto$ff.cc:337:slice$1578/y (4 -> 5)

2.47. Executing OPT_LUT_INS pass (discard unused LUT inputs).
Optimizing LUTs in ps7_tern.

2.48. Executing CLKBUFMAP pass (inserting clock buffers).
Inserting BUFG on ps7_tern.FCLKCLK[0].
Removed 18 unused cells and 308 unused wires.

2.49. Executing HIERARCHY pass (managing design hierarchy).
Attribute `top' found on module `ps7_tern'. Setting top module to ps7_tern.

2.49.1. Analyzing design hierarchy..
Top module:  \ps7_tern

2.49.2. Analyzing design hierarchy..
Top module:  \ps7_tern
Removed 0 unused modules.

2.50. Printing statistics.

=== ps7_tern ===

        +----------Local Count, excluding submodules.
        | 
       54 wires
      403 wire bits
       12 public wires
      246 public wire bits
        1 ports
        1 port bits
       44 cells
        1   BUFG
       32   INV
        9   LUT5
        1   OBUF
        1   PS7
       42 submodules
        9   CARRY4
       33   FDRE

   Estimated number of LCs:          9

=== design hierarchy ===

        +----------Count including submodules.
        | 
       44 ps7_tern

        +----------Count including submodules.
        | 
       54 wires
      403 wire bits
       12 public wires
      246 public wire bits
        1 ports
        1 port bits
        - memories
        - memory bits
        - processes
       44 cells
        1   BUFG
       32   INV
        9   LUT5
        1   OBUF
        1   PS7
       42 submodules
        9   CARRY4
       33   FDRE

   Estimated number of LCs:          9

2.51. Executing CHECK pass (checking for obvious problems).
Checking module ps7_tern...
Found and reported 0 problems.

3. Executing JSON backend.

End of script. Logfile hash: ec14d5a5f4, CPU: user 8.55s system 0.84s, MEM: 137.11 MB peak
Yosys 0.62 (git sha1 7326bb7d6, g++ 9.4.0-1ubuntu1~20.04.2 -fPIC -O3)
Time spent: 66% 19x read_verilog (6 sec), 8% 2x write_json (0 sec), ...

real	0m10.899s
user	0m8.839s
sys	0m0.945s
=== 2/5 nextpnr-xilinx ===
Info: Packing constants..
Info: Inserting IO buffers..
Info:     IO port 'led' driven by OBUF '$iopadmap$ps7_tern.led'
Info: Generating output buffer for '$iopadmap$ps7_tern.led'
Info:     Created 1 PAD cells from:
Info:              1x PAD
Info:     Created 1 PS7_PS7 cells from:
Info:              1x PS7
Info: Preparing clocking...
Info: Packing constants..
Info: Packing cfg...
Info: Packing PLLs...
Info: Packing Gigabit Transceivers..
Info: Packing global buffers...
Info:     Constrained BUFGCTRL '$auto$clkbufmap.cc:261:execute$2077' to bel 'BUFGCTRL_X0Y16/BUFGCTRL' based on dedicated routing
Info: Packing MUX[789]s..
Info: Packing carries..
Info:    Grouped 36 MUXCYs and 36 XORCYs into 2 chains.
Info:    Blasted 0 non-chain MUXCYs and 0 non-chain XORCYs to soft logic
Info: Packing LUTs..
Info:     Created 112 SLICE_LUTX cells from:
Info:            103x LUT1
Info:              9x LUT5
Info: Packing DRAM..
Info:    Transformed 0 tied-low DRAM address inputs to be tied-high
Info: Packing BRAM..
Info: Packing DSPs..
Info: Packing flipflops..
Info:     Created 33 SLICE_FFX cells from:
Info:             33x FDRE
Info: Constrained 9 LUTFF pairs.

Info: Annotating ports with timing budgets for target frequency 12.00 MHz
Info: Checksum: 0x4f105ff1

Info: Device utilisation:
Info: 	          SLICE_LUTX:   112/106400     0%
Info: 	           SLICE_FFX:    33/106400     0%
Info: 	              CARRY4:     9/13300     0%
Info: 	          PSEUDO_GND:     1/29359     0%
Info: 	          PSEUDO_VCC:     1/29359     0%
Info: 	               HARD0:     0/ 1584     0%
Info: 	            RAMB18E1:     0/  280     0%
Info: 	            FIFO18E1:     0/  140     0%
Info: 	        RAMBFIFO36E1:     0/  140     0%
Info: 	            RAMB36E1:     0/  140     0%
Info: 	             DSP48E1:     0/  220     0%
Info: 	                 PAD:     1/  392     0%
Info: 	       IOB33M_OUTBUF:     0/   96     0%
Info: 	       IOB33S_OUTBUF:     0/   96     0%
Info: 	        IOB33_OUTBUF:     1/  200     0%
Info: 	     IOB33M_INBUF_EN:     0/   96     0%
Info: 	     IOB33S_INBUF_EN:     0/   96     0%
Info: 	      IOB33_INBUF_EN:     0/  200     0%
Info: 	IOB33M_TERM_OVERRIDE:     0/   96     0%
Info: 	IOB33S_TERM_OVERRIDE:     0/   96     0%
Info: 	 IOB33_TERM_OVERRIDE:     0/  200     0%
Info: 	       PULL_OR_KEEP1:     0/  392     0%
Info: 	            IDELAYE2:     0/  200     0%
Info: 	        OLOGICE3_TFF:     0/  200     0%
Info: 	      OLOGICE3_OUTFF:     0/  200     0%
Info: 	       OLOGICE3_MISR:     0/  200     0%
Info: 	           OSERDESE2:     0/  200     0%
Info: 	        ILOGICE3_IFF:     0/  200     0%
Info: 	ILOGICE3_ZHOLD_DELAY:     0/  200     0%
Info: 	           ISERDESE2:     0/  200     0%
Info: 	               BUFIO:     0/   16     0%
Info: 	          IDELAYCTRL:     0/    4     0%
Info: 	            BUFGCTRL:     1/   32     3%
Info: 	                 PS7:     1/    1   100%
Info: 	               BSCAN:     0/    4     0%
Info: 	                BUFG:     0/   32     0%
Info: 	              BUFHCE:     0/   72     0%
Info: 	            DCIRESET:     0/    1     0%
Info: 	            DNA_PORT:     0/    1     0%
Info: 	           EFUSE_USR:     0/    1     0%
Info: 	           FRAME_ECC:     0/    1     0%
Info: 	                ICAP:     0/    2     0%
Info: 	            INVERTER:     0/   96     0%
Info: 	          MMCME2_ADV:     0/    4     0%
Info: 	        OLOGICE2_TFF:     0/  200     0%
Info: 	      OLOGICE2_OUTFF:     0/  200     0%
Info: 	           PLLE2_ADV:     0/    4     0%
Info: 	           SELMUX2_1:     0/40700     0%
Info: 	             STARTUP:     0/    1     0%
Info: 	          USR_ACCESS:     0/    1     0%
Info: 	        ILOGICE2_IFF:     0/  200     0%
Info: 	       OLOGICE2_MISR:     0/  200     0%

Info: Placed 4 cells based on constraints.
Info: Creating initial analytic placement for 66 cells, random placement wirelen = 20649.
Info:     at initial placer iter 0, wirelen = 729
Info:     at initial placer iter 1, wirelen = 561
Info:     at initial placer iter 2, wirelen = 561
Info:     at initial placer iter 3, wirelen = 561
Info: Running main analytical placer.
Info:     at iteration #1, type ALL: wirelen solved = 559, spread = 1587, legal = 2687; time = 0.03s
Info:     at iteration #2, type ALL: wirelen solved = 633, spread = 1239, legal = 2235; time = 0.01s
Info:     at iteration #3, type ALL: wirelen solved = 563, spread = 1338, legal = 1964; time = 0.01s
Info:     at iteration #4, type ALL: wirelen solved = 631, spread = 1261, legal = 2153; time = 0.01s
Info:     at iteration #5, type ALL: wirelen solved = 644, spread = 1283, legal = 2294; time = 0.01s
Info:     at iteration #6, type ALL: wirelen solved = 653, spread = 1237, legal = 1824; time = 0.01s
Info:     at iteration #7, type ALL: wirelen solved = 664, spread = 1280, legal = 2245; time = 0.01s
Info:     at iteration #8, type ALL: wirelen solved = 691, spread = 1203, legal = 2233; time = 0.01s
Info:     at iteration #9, type ALL: wirelen solved = 829, spread = 1287, legal = 2019; time = 0.01s
Info:     at iteration #10, type ALL: wirelen solved = 766, spread = 1328, legal = 2153; time = 0.01s
Info:     at iteration #11, type ALL: wirelen solved = 878, spread = 1251, legal = 2008; time = 0.01s
Info: HeAP Placer Time: 0.21s
Info:   of which solving equations: 0.03s
Info:   of which spreading cells: 0.05s
Info:   of which strict legalisation: 0.02s

Info: Running simulated annealing placer for refinement.
Info:   at iteration #1: temp = 0.000000, timing cost = 8, wirelen = 1824
iter #1: temp = 0.000000, timing cost = 8, wirelen = 1670, dia = 3, Ra = 0.18 
iter #2: temp = 0.000000, timing cost = 7, wirelen = 1633, dia = 3, Ra = 0.11 
iter #3: temp = 0.000000, timing cost = 7, wirelen = 1630, dia = 3, Ra = 0.07 
iter #4: temp = 0.000000, timing cost = 7, wirelen = 1610, dia = 3, Ra = 0.05 
Info:   at iteration #5: temp = 0.000000, timing cost = 7, wirelen = 1610
iter #5: temp = 0.000000, timing cost = 7, wirelen = 1603, dia = 3, Ra = 0.04 
iter #6: temp = 0.000000, timing cost = 7, wirelen = 1606, dia = 3, Ra = 0.06 
Info:   at iteration #7: temp = 0.000000, timing cost = 7, wirelen = 1605 
Info: SA placement time 0.03s

Info: Max frequency for clock 'FCLKCLK[0]': 186.05 MHz (PASS at 12.00 MHz)

Info: Slack histogram:
Info:  legend: * represents 1 endpoint(s)
Info:          + represents [1,1) endpoint(s)
Info: [ 77958,  78157) |** 
Info: [ 78157,  78356) | 
Info: [ 78356,  78555) |** 
Info: [ 78555,  78754) |** 
Info: [ 78754,  78953) | 
Info: [ 78953,  79152) |* 
Info: [ 79152,  79351) |** 
Info: [ 79351,  79550) |* 
Info: [ 79550,  79749) |* 
Info: [ 79749,  79948) |** 
Info: [ 79948,  80147) |* 
Info: [ 80147,  80346) |* 
Info: [ 80346,  80545) |** 
Info: [ 80545,  80744) |** 
Info: [ 80744,  80943) | 
Info: [ 80943,  81142) |* 
Info: [ 81142,  81341) | 
Info: [ 81341,  81540) |** 
Info: [ 81540,  81739) |* 
Info: [ 81739,  81938) |* 
Info: Checksum: 0x8addae50
Info: Running post-placement legalisation...
Info: Tieing unused PS7 inputs to constants...
Info: Routing global clocks...
Info:     routing clock 'FCLKCLK[0]'
Info: Running router2...
Info: Setting up routing resources...
Info:     x splitpoint: 53
Info:     y splitpoint: 49
Info:         bin 0 N=0
Info:         bin 1 N=126
Info:         bin 2 N=0
Info:         bin 3 N=0
Info:         bin 4 N=204
Info: Running main router loop...
Info: 196/330 nets not multi-threadable
Info:     iter=1 wires=10069 overused=25 overuse=25 archfail=NA
Info:     iter=2 wires=10079 overused=0 overuse=0 archfail=0
Info: 1000 slowest nets by runtime:
                                                                         $PACKER_GND_NET   1746 569.3ms
                                                                               gpio_i[2]      1 157.0ms
                                                                               gpio_i[5]      1 152.9ms
                                                                               gpio_i[6]      1 114.3ms
                                                                               gpio_i[4]      1 100.4ms
                                                                               gpio_i[7]      1 59.6ms
                                                                               gpio_i[0]      1 55.2ms
                                                                               gpio_i[1]      1 54.3ms
                                                                           FCLKRESETN[0]     33 38.3ms
                                                                              gpio_i[10]     56 32.0ms
                                                    $auto$maccmap.cc:240:synth$1542.Y[5]      1 29.5ms
                                                                               gpio_o[9]      9 26.0ms
                                                                               gpio_o[4]      2 22.5ms
                                            $auto$alumacc.cc:512:replace_alu$1119.CO[19]      1 19.8ms
                                                               $PACKER_GND_NET$legal$141      1 16.6ms
                                                                               gpio_o[6]      2 10.9ms
                                                                                 cnt[23]      2 9.1ms
                                                                               gpio_o[8]      9 7.3ms
                                             $auto$alumacc.cc:512:replace_alu$1119.Y[11]      1 6.9ms
                                                                                  cnt[2]      1 5.9ms
                                                                               gpio_o[7]      3 5.8ms
                                               $abc$1922$auto$rtlil.cc:3574:NotGate$1871      1 5.7ms
                                               $abc$1922$auto$rtlil.cc:3574:NotGate$1899      1 5.3ms
                                               $abc$1922$auto$rtlil.cc:3574:NotGate$1879      1 5.2ms
                                                    $auto$maccmap.cc:240:synth$1542.Y[8]      1 5.0ms
                                                                               gpio_o[0]      2 5.0ms
                                                                               gpio_o[1]      2 4.9ms
                                               $abc$1922$auto$rtlil.cc:3574:NotGate$1863      1 4.7ms
                                                                               gpio_o[2]      2 4.3ms
                                              $auto$alumacc.cc:512:replace_alu$1119.Y[4]      1 4.0ms
                                               $abc$1922$auto$rtlil.cc:3574:NotGate$1859      1 4.0ms
                                                                         $PACKER_VCC_NET     80 3.8ms
                                               $abc$1922$auto$rtlil.cc:3574:NotGate$1889      1 3.7ms
                                             $auto$alumacc.cc:512:replace_alu$1119.Y[22]      1 3.4ms
                                                    $auto$maccmap.cc:240:synth$1542.A[2]      2 3.2ms
                                                    $auto$maccmap.cc:240:synth$1542.Y[0]      1 3.0ms
                                              $auto$alumacc.cc:512:replace_alu$1119.Y[1]      1 2.9ms
                                               $abc$1922$auto$rtlil.cc:3574:NotGate$1867      1 2.7ms
                                             $auto$alumacc.cc:512:replace_alu$1119.Y[10]      1 2.6ms
                                                 $auto$xilinx_dffopt.cc:347:execute$2066      1 2.6ms
                                               $abc$1922$auto$rtlil.cc:3574:NotGate$1873      1 2.5ms
                                                                                  cnt[8]      1 2.4ms
                                                    $auto$maccmap.cc:240:synth$1542.Y[6]      1 2.4ms
                                               $abc$1922$auto$rtlil.cc:3574:NotGate$1877      1 2.3ms
                                               $abc$1922$auto$rtlil.cc:3574:NotGate$1881      1 2.3ms
                                               $abc$1922$auto$rtlil.cc:3574:NotGate$1887      1 2.3ms
                                               $abc$1922$auto$rtlil.cc:3574:NotGate$1885      1 2.2ms
                                                    $auto$maccmap.cc:240:synth$1542.Y[3]      1 2.2ms
                                               $abc$1922$auto$rtlil.cc:3574:NotGate$1895      1 2.2ms
                                               $abc$1922$auto$rtlil.cc:3574:NotGate$1883      1 2.1ms
                                               $abc$1922$auto$rtlil.cc:3574:NotGate$1869      1 1.9ms
                                               $abc$1922$auto$rtlil.cc:3574:NotGate$1861      1 1.9ms
                                              $auto$alumacc.cc:512:replace_alu$1119.Y[7]      1 1.9ms
                                                    $auto$maccmap.cc:240:synth$1542.Y[4]      1 1.8ms
                                             $auto$alumacc.cc:512:replace_alu$1119.Y[15]      1 1.8ms
                                              $auto$alumacc.cc:512:replace_alu$1119.Y[0]      1 1.8ms
                                               $abc$1922$auto$rtlil.cc:3574:NotGate$1893      1 1.7ms
                                                                               gpio_o[3]      2 1.7ms
                                                                               gpio_o[5]      2 1.6ms
                                               $abc$1922$auto$rtlil.cc:3574:NotGate$1897      1 1.6ms
                                               $abc$1922$auto$rtlil.cc:3574:NotGate$1865      1 1.5ms
                                               $abc$1922$auto$rtlil.cc:3574:NotGate$1901      1 1.5ms
                                          $auto$maccmap.cc:240:synth$1542.A[1]$legal$101      1 1.4ms
                                                    $auto$maccmap.cc:240:synth$1542.Y[1]      1 1.4ms
                                                                $PACKER_GND_NET$legal$45      1 1.3ms
                                               $abc$1922$auto$rtlil.cc:3574:NotGate$1891      1 1.2ms
                                          $auto$maccmap.cc:240:synth$1542.A[3]$legal$109      1 1.2ms
                                             $auto$alumacc.cc:512:replace_alu$1119.Y[23]      1 1.2ms
                                             $auto$alumacc.cc:512:replace_alu$1119.Y[21]      1 1.1ms
                                              $auto$alumacc.cc:512:replace_alu$1119.Y[3]      1 1.1ms
                                                     $auto$clkbufmap.cc:262:execute$2078      1 1.1ms
                                               $abc$1922$auto$rtlil.cc:3574:NotGate$1857      1 1.1ms
                                                 $auto$xilinx_dffopt.cc:347:execute$2064      1 0.9ms
                                             $auto$alumacc.cc:512:replace_alu$1119.Y[13]      1 0.9ms
                                             $auto$alumacc.cc:512:replace_alu$1119.Y[18]      1 0.9ms
                                                                               gpio_i[3]      1 0.9ms
                                                    $auto$maccmap.cc:240:synth$1542.A[6]      2 0.9ms
                                                    $auto$maccmap.cc:240:synth$1542.A[3]      2 0.8ms
                                                    $auto$maccmap.cc:240:synth$1542.Y[2]      1 0.8ms
                                                 $auto$xilinx_dffopt.cc:347:execute$2068      1 0.8ms
                                                                $PACKER_GND_NET$legal$77      1 0.8ms
                                               $abc$1922$auto$rtlil.cc:3574:NotGate$1875      1 0.8ms
                                               $abc$1922$auto$rtlil.cc:3574:NotGate$1903      1 0.8ms
                                                    $auto$maccmap.cc:240:synth$1542.A[7]      4 0.8ms
                                              $auto$alumacc.cc:512:replace_alu$1119.Y[5]      1 0.7ms
                                                 $auto$xilinx_dffopt.cc:347:execute$2060      1 0.7ms
                                             $auto$alumacc.cc:512:replace_alu$1119.Y[14]      1 0.7ms
                                             $auto$alumacc.cc:512:replace_alu$1119.Y[17]      1 0.7ms
                                                 $auto$xilinx_dffopt.cc:347:execute$2070      1 0.7ms
                                                                                 cnt[18]      1 0.6ms
                                             $auto$alumacc.cc:512:replace_alu$1119.Y[20]      1 0.6ms
                                          $auto$maccmap.cc:240:synth$1542.A[7]$legal$125      1 0.6ms
                                              $auto$alumacc.cc:512:replace_alu$1119.Y[6]      1 0.6ms
                                                                                  cnt[7]      1 0.6ms
                                                 $auto$xilinx_dffopt.cc:347:execute$2074      1 0.6ms
                                                                                  cnt[0]      1 0.6ms
                                                                                 cnt[17]      1 0.6ms
                                             $auto$alumacc.cc:512:replace_alu$1119.Y[19]      1 0.6ms
                                              $auto$alumacc.cc:512:replace_alu$1119.Y[2]      1 0.6ms
                                                    $auto$maccmap.cc:240:synth$1542.Y[7]      1 0.5ms
                                              $auto$alumacc.cc:512:replace_alu$1119.Y[8]      1 0.5ms
                                                 $auto$xilinx_dffopt.cc:347:execute$2076      1 0.5ms
                                                                $PACKER_GND_NET$legal$25      1 0.5ms
                                                 $auto$xilinx_dffopt.cc:347:execute$2072      1 0.5ms
                                                                                  cnt[3]      1 0.5ms
                                                                $PACKER_GND_NET$legal$29      1 0.5ms
                                                    $auto$maccmap.cc:240:synth$1542.A[4]      2 0.5ms
                                                                                  cnt[6]      1 0.4ms
                                                                                  cnt[1]      1 0.4ms
                                                               $PACKER_GND_NET$legal$137      1 0.4ms
                                                                                 cnt[19]      1 0.4ms
                                                                                 cnt[20]      1 0.4ms
                                                                $PACKER_GND_NET$legal$73      1 0.4ms
                                          $auto$maccmap.cc:240:synth$1542.A[6]$legal$121      1 0.4ms
                                                                                  cnt[4]      1 0.4ms
                                          $auto$maccmap.cc:240:synth$1542.A[4]$legal$113      1 0.4ms
                                                                 $PACKER_GND_NET$legal$5      1 0.4ms
                                                                                 cnt[14]      1 0.4ms
                                          $auto$maccmap.cc:240:synth$1542.A[7]$legal$129      1 0.4ms
                                                                $PACKER_GND_NET$legal$21      1 0.4ms
                                          $auto$maccmap.cc:240:synth$1542.A[5]$legal$117      1 0.4ms
                                                                $PACKER_GND_NET$legal$53      1 0.4ms
                                                                                 cnt[21]      1 0.4ms
                                                                                 cnt[15]      1 0.4ms
                                                                                 cnt[22]      1 0.4ms
                                                                                 cnt[16]      1 0.3ms
                                                                                 cnt[11]      1 0.3ms
                                                    $auto$maccmap.cc:240:synth$1542.A[1]      2 0.3ms
                                                                $PACKER_GND_NET$legal$49      1 0.3ms
                                                                 $PACKER_VCC_NET$legal$1      1 0.3ms
                                                                                 cnt[12]      1 0.3ms
                                          $auto$maccmap.cc:240:synth$1542.A[2]$legal$105      1 0.3ms
                                                                $PACKER_GND_NET$legal$33      1 0.3ms
                                                                $PACKER_GND_NET$legal$61      1 0.3ms
                                                                $PACKER_GND_NET$legal$41      1 0.3ms
                                              $auto$alumacc.cc:512:replace_alu$1119.Y[9]      1 0.3ms
                                             $auto$alumacc.cc:512:replace_alu$1119.Y[12]      1 0.3ms
                                                                $PACKER_GND_NET$legal$85      1 0.3ms
                                                                $PACKER_GND_NET$legal$93      1 0.3ms
                                                                                  cnt[5]      1 0.3ms
                                                                                  cnt[9]      1 0.3ms
                                                 $auto$xilinx_dffopt.cc:347:execute$2062      1 0.3ms
                                                    $auto$maccmap.cc:240:synth$1542.A[5]      2 0.3ms
                                                                              FCLKCLK[0]     33 0.3ms
                                                                                 cnt[10]      1 0.3ms
                                                                $PACKER_GND_NET$legal$57      1 0.3ms
                                                                                 cnt[13]      1 0.3ms
                                                               $PACKER_GND_NET$legal$133      1 0.3ms
                                             $auto$alumacc.cc:512:replace_alu$1119.Y[16]      1 0.3ms
                                                                $PACKER_GND_NET$legal$89      1 0.3ms
                                                                $PACKER_GND_NET$legal$65      1 0.3ms
                                                                $PACKER_GND_NET$legal$69      1 0.2ms
                                                   $auto$maccmap.cc:240:synth$1542.CO[7]      1 0.0ms
                                                                          cnt[2]$legal$7      1 0.0ms
                                                   $auto$maccmap.cc:240:synth$1542.CO[3]      1 0.0ms
                                                                $PACKER_GND_NET$legal$17      1 0.0ms
                                                                $PACKER_VCC_NET$legal$97      1 0.0ms
                                            $auto$alumacc.cc:512:replace_alu$1119.CO[11]      1 0.0ms
                                                                $PACKER_GND_NET$legal$81      1 0.0ms
                                          $auto$maccmap.cc:240:synth$1542.A[7]$legal$127      1 0.0ms
                                             $auto$alumacc.cc:512:replace_alu$1119.CO[7]      1 0.0ms
                                             $auto$alumacc.cc:512:replace_alu$1119.CO[3]      1 0.0ms
                                                                 $PACKER_GND_NET$legal$9      1 0.0ms
                                            $auto$alumacc.cc:512:replace_alu$1119.CO[15]      1 0.0ms
                                                                        cnt[22]$legal$87      1 0.0ms
                                                                $PACKER_GND_NET$legal$13      1 0.0ms
                                                               $PACKER_GND_NET$legal$139      1 0.0ms
                                                               $PACKER_GND_NET$legal$131      1 0.0ms
                                          $auto$maccmap.cc:240:synth$1542.A[7]$legal$123      1 0.0ms
                                          $auto$maccmap.cc:240:synth$1542.A[6]$legal$119      1 0.0ms
                                          $auto$maccmap.cc:240:synth$1542.A[5]$legal$115      1 0.0ms
                                          $auto$maccmap.cc:240:synth$1542.A[4]$legal$111      1 0.0ms
                                          $auto$maccmap.cc:240:synth$1542.A[2]$legal$103      1 0.0ms
                                           $auto$maccmap.cc:240:synth$1542.A[1]$legal$99      1 0.0ms
                                                                        cnt[20]$legal$79      1 0.0ms
                                                                        cnt[17]$legal$67      1 0.0ms
                                                                $PACKER_GND_NET$legal$37      1 0.0ms
                                                                         cnt[8]$legal$31      1 0.0ms
                                                                                     led      1 0.0ms
                                                               $PACKER_GND_NET$legal$135      1 0.0ms
                                          $auto$maccmap.cc:240:synth$1542.A[3]$legal$107      1 0.0ms
                                                                      gpio_o[0]$legal$95      1 0.0ms
                                                                        cnt[23]$legal$91      1 0.0ms
                                                                        cnt[21]$legal$83      1 0.0ms
                                                                        cnt[19]$legal$75      1 0.0ms
                                                                        cnt[18]$legal$71      1 0.0ms
                                                                        cnt[16]$legal$63      1 0.0ms
                                                                        cnt[15]$legal$59      1 0.0ms
                                                                        cnt[14]$legal$55      1 0.0ms
                                                                        cnt[13]$legal$51      1 0.0ms
                                                                        cnt[12]$legal$47      1 0.0ms
                                                                        cnt[11]$legal$43      1 0.0ms
                                                                        cnt[10]$legal$39      1 0.0ms
                                                                         cnt[9]$legal$35      1 0.0ms
                                                                         cnt[7]$legal$27      1 0.0ms
                                                                         cnt[6]$legal$23      1 0.0ms
                                                                         cnt[5]$legal$19      1 0.0ms
                                                                         cnt[4]$legal$15      1 0.0ms
                                                                         cnt[3]$legal$11      1 0.0ms
                                                                          cnt[1]$legal$3      1 0.0ms
                                                                           FCLKRESETN[3]      0 0.0ms
                                                                           FCLKRESETN[2]      0 0.0ms
                                                                           FCLKRESETN[1]      0 0.0ms
                                                                              FCLKCLK[3]      0 0.0ms
                                                                              FCLKCLK[2]      0 0.0ms
                                                                              FCLKCLK[1]      0 0.0ms
                                                                              gpio_t[63]      0 0.0ms
                                                                              gpio_t[62]      0 0.0ms
                                                                              gpio_t[61]      0 0.0ms
                                                                              gpio_t[60]      0 0.0ms
                                                                              gpio_t[59]      0 0.0ms
                                                                              gpio_t[58]      0 0.0ms
                                                                              gpio_t[57]      0 0.0ms
                                                                              gpio_t[56]      0 0.0ms
                                                                              gpio_t[55]      0 0.0ms
                                                                              gpio_t[54]      0 0.0ms
                                                                              gpio_t[53]      0 0.0ms
                                                                              gpio_t[52]      0 0.0ms
                                                                              gpio_t[51]      0 0.0ms
                                                                              gpio_t[50]      0 0.0ms
                                                                              gpio_t[49]      0 0.0ms
                                                                              gpio_t[48]      0 0.0ms
                                                                              gpio_t[47]      0 0.0ms
                                                                              gpio_t[46]      0 0.0ms
                                                                              gpio_t[45]      0 0.0ms
                                                                              gpio_t[44]      0 0.0ms
                                                                              gpio_t[43]      0 0.0ms
                                                                              gpio_t[42]      0 0.0ms
                                                                              gpio_t[41]      0 0.0ms
                                                                              gpio_t[40]      0 0.0ms
                                                                              gpio_t[39]      0 0.0ms
                                                                              gpio_t[38]      0 0.0ms
                                                                              gpio_t[37]      0 0.0ms
                                                                              gpio_t[36]      0 0.0ms
                                                                              gpio_t[35]      0 0.0ms
                                                                              gpio_t[34]      0 0.0ms
                                                                              gpio_t[33]      0 0.0ms
                                                                              gpio_t[32]      0 0.0ms
                                                                              gpio_t[31]      0 0.0ms
                                                                              gpio_t[30]      0 0.0ms
                                                                              gpio_t[29]      0 0.0ms
                                                                              gpio_t[28]      0 0.0ms
                                                                              gpio_t[27]      0 0.0ms
                                                                              gpio_t[26]      0 0.0ms
                                                                              gpio_t[25]      0 0.0ms
                                                                              gpio_t[24]      0 0.0ms
                                                                              gpio_t[23]      0 0.0ms
                                                                              gpio_t[22]      0 0.0ms
                                                                              gpio_t[21]      0 0.0ms
                                                                              gpio_t[20]      0 0.0ms
                                                                              gpio_t[19]      0 0.0ms
                                                                              gpio_t[18]      0 0.0ms
                                                                              gpio_t[17]      0 0.0ms
                                                                              gpio_t[16]      0 0.0ms
                                                                              gpio_t[15]      0 0.0ms
                                                                              gpio_t[14]      0 0.0ms
                                                                              gpio_t[13]      0 0.0ms
                                                                              gpio_t[12]      0 0.0ms
                                                                              gpio_t[11]      0 0.0ms
                                                                              gpio_t[10]      0 0.0ms
                                                                               gpio_t[9]      0 0.0ms
                                                                               gpio_t[8]      0 0.0ms
                                                                               gpio_t[7]      0 0.0ms
                                                                               gpio_t[6]      0 0.0ms
                                                                               gpio_t[5]      0 0.0ms
                                                                               gpio_t[4]      0 0.0ms
                                                                               gpio_t[3]      0 0.0ms
                                                                               gpio_t[2]      0 0.0ms
                                                                               gpio_t[1]      0 0.0ms
                                                                               gpio_t[0]      0 0.0ms
                                                                              gpio_o[63]      0 0.0ms
                                                                              gpio_o[62]      0 0.0ms
                                                                              gpio_o[61]      0 0.0ms
                                                                              gpio_o[60]      0 0.0ms
                                                                              gpio_o[59]      0 0.0ms
                                                                              gpio_o[58]      0 0.0ms
                                                                              gpio_o[57]      0 0.0ms
                                                                              gpio_o[56]      0 0.0ms
                                                                              gpio_o[55]      0 0.0ms
                                                                              gpio_o[54]      0 0.0ms
                                                                              gpio_o[53]      0 0.0ms
                                                                              gpio_o[52]      0 0.0ms
                                                                              gpio_o[51]      0 0.0ms
                                                                              gpio_o[50]      0 0.0ms
                                                                              gpio_o[49]      0 0.0ms
                                                                              gpio_o[48]      0 0.0ms
                                                                              gpio_o[47]      0 0.0ms
                                                                              gpio_o[46]      0 0.0ms
                                                                              gpio_o[45]      0 0.0ms
                                                                              gpio_o[44]      0 0.0ms
                                                                              gpio_o[43]      0 0.0ms
                                                                              gpio_o[42]      0 0.0ms
                                                                              gpio_o[41]      0 0.0ms
                                                                              gpio_o[40]      0 0.0ms
                                                                              gpio_o[39]      0 0.0ms
                                                                              gpio_o[38]      0 0.0ms
                                                                              gpio_o[37]      0 0.0ms
                                                                              gpio_o[36]      0 0.0ms
                                                                              gpio_o[35]      0 0.0ms
                                                                              gpio_o[34]      0 0.0ms
                                                                              gpio_o[33]      0 0.0ms
                                                                              gpio_o[32]      0 0.0ms
                                                                              gpio_o[31]      0 0.0ms
                                                                              gpio_o[30]      0 0.0ms
                                                                              gpio_o[29]      0 0.0ms
                                                                              gpio_o[28]      0 0.0ms
                                                                              gpio_o[27]      0 0.0ms
                                                                              gpio_o[26]      0 0.0ms
                                                                              gpio_o[25]      0 0.0ms
                                                                              gpio_o[24]      0 0.0ms
                                                                              gpio_o[23]      0 0.0ms
                                                                              gpio_o[22]      0 0.0ms
                                                                              gpio_o[21]      0 0.0ms
                                                                              gpio_o[20]      0 0.0ms
                                                                              gpio_o[19]      0 0.0ms
                                                                              gpio_o[18]      0 0.0ms
                                                                              gpio_o[17]      0 0.0ms
                                                                              gpio_o[16]      0 0.0ms
                                                                              gpio_o[15]      0 0.0ms
                                                                              gpio_o[14]      0 0.0ms
                                                                              gpio_o[13]      0 0.0ms
                                                                              gpio_o[12]      0 0.0ms
                                                                              gpio_o[11]      0 0.0ms
                                                                              gpio_o[10]      0 0.0ms
                                           $auto$maccmap.cc:240:synth$1542.genblk1.O[11]      0 0.0ms
                                           $auto$maccmap.cc:240:synth$1542.genblk1.O[10]      0 0.0ms
                                            $auto$maccmap.cc:240:synth$1542.genblk1.O[9]      0 0.0ms
                                           $auto$maccmap.cc:240:synth$1542.genblk1.C[11]      0 0.0ms
                                            $auto$alumacc.cc:512:replace_alu$1119.CO[23]      0 0.0ms
                                              $auto$alumacc.cc:512:replace_alu$1119.X[0]      1 0.0ms
Info: Router2 time 4.27s
Info: Running router1 to check that route is legal...

Info: Routing..
Info: Setting up routing queue.
Info: Routing 0 arcs.
Info:            |   (re-)routed arcs  |   delta    | remaining|       time spent     |
Info:    IterCnt |  w/ripup   wo/ripup |  w/r  wo/r |      arcs| batch(sec) total(sec)|
Info:          0 |        0          0 |    0     0 |         0|       0.04       0.04|
Info: Routing complete.
Info: Router1 time 0.04s
Info: Checksum: 0x83aeaf1d

Info: Critical path report for clock 'FCLKCLK[0]' (posedge -> posedge):
Info: curr total
Info:  0.1  0.1  Source $auto$ff.cc:337:slice$1547.Q
Info:  0.4  0.5    Net cnt[1] budget 9.895000 ns (173,6) -> (173,6)
Info:                Sink cnt[1]$LUT$4.A1
Info:                  prediction: 0.150000 ns estimate: 0.450000 ns
Info:                  0.025 CLBLL_L_X70Y144/CLBLL_LL_B3->SITEWIRE/SLICE_X110Y144/B1
Info:                  0.035 INT_L_X70Y144/IMUX_L17->CLBLL_L_X70Y144/CLBLL_LL_B3
Info:                  0.150 INT_L_X70Y144/SR1BEG_S0->INT_L_X70Y144/IMUX_L17
Info:                  0.141 INT_L_X70Y144/LOGIC_OUTS_L7->INT_L_X70Y144/SR1BEG_S0
Info:                  0.035 CLBLL_L_X70Y144/CLBLL_LL_DQ->INT_L_X70Y144/LOGIC_OUTS_L7
Info:                  0.025 SITEWIRE/SLICE_X110Y144/DQ->CLBLL_L_X70Y144/CLBLL_LL_DQ
Info:  0.1  0.6  Source cnt[1]$LUT$4.O6
Info:  0.0  0.6    Net cnt[1]$legal$3 budget 9.895000 ns (173,6) -> (173,6)
Info:                Sink $auto$alumacc.cc:512:replace_alu$1119.genblk1.slice[0].genblk1.carry4$split$muxcy0$PACKED_CARRY4$.S1
Info:                  prediction: 0.150000 ns estimate: 0.000000 ns
Info:  0.5  1.2  Source $auto$alumacc.cc:512:replace_alu$1119.genblk1.slice[0].genblk1.carry4$split$muxcy0$PACKED_CARRY4$.CO3
Info:  0.1  1.3    Net $auto$alumacc.cc:512:replace_alu$1119.CO[3] budget 10.212000 ns (173,6) -> (173,5)
Info:                Sink $auto$alumacc.cc:512:replace_alu$1119.genblk1.slice[1].genblk1.carry4$split$muxcy0$PACKED_CARRY4$.CIN
Info:                  prediction: 0.540000 ns estimate: 0.540000 ns
Info:                  0.025 CLBLL_L_X70Y145/CLBLL_LL_CIN->SITEWIRE/SLICE_X110Y145/CIN
Info:                  0.035 CLBLL_L_X70Y144/CLBLL_LL_COUT->CLBLL_L_X70Y145/CLBLL_LL_CIN
Info:                  0.025 SITEWIRE/SLICE_X110Y144/COUT->CLBLL_L_X70Y144/CLBLL_LL_COUT
Info:                  0.025 SITEWIRE/SLICE_X110Y144/CARRY4_CO3->SITEWIRE/SLICE_X110Y144/COUT
Info:  0.1  1.4  Source $auto$alumacc.cc:512:replace_alu$1119.genblk1.slice[1].genblk1.carry4$split$muxcy0$PACKED_CARRY4$.CO3
Info:  0.1  1.5    Net $auto$alumacc.cc:512:replace_alu$1119.CO[7] budget 10.211000 ns (173,5) -> (173,4)
Info:                Sink $auto$alumacc.cc:512:replace_alu$1119.genblk1.slice[2].genblk1.carry4$split$muxcy0$PACKED_CARRY4$.CIN
Info:                  prediction: 0.540000 ns estimate: 0.540000 ns
Info:                  0.025 CLBLL_L_X70Y146/CLBLL_LL_CIN->SITEWIRE/SLICE_X110Y146/CIN
Info:                  0.035 CLBLL_L_X70Y145/CLBLL_LL_COUT->CLBLL_L_X70Y146/CLBLL_LL_CIN
Info:                  0.025 SITEWIRE/SLICE_X110Y145/COUT->CLBLL_L_X70Y145/CLBLL_LL_COUT
Info:                  0.025 SITEWIRE/SLICE_X110Y145/CARRY4_CO3->SITEWIRE/SLICE_X110Y145/COUT
Info:  0.1  1.6  Source $auto$alumacc.cc:512:replace_alu$1119.genblk1.slice[2].genblk1.carry4$split$muxcy0$PACKED_CARRY4$.CO3
Info:  0.1  1.7    Net $auto$alumacc.cc:512:replace_alu$1119.CO[11] budget 10.211000 ns (173,4) -> (173,3)
Info:                Sink $auto$alumacc.cc:512:replace_alu$1119.genblk1.slice[3].genblk1.carry4$split$muxcy0$PACKED_CARRY4$.CIN
Info:                  prediction: 0.540000 ns estimate: 0.540000 ns
Info:                  0.025 CLBLL_L_X70Y147/CLBLL_LL_CIN->SITEWIRE/SLICE_X110Y147/CIN
Info:                  0.035 CLBLL_L_X70Y146/CLBLL_LL_COUT->CLBLL_L_X70Y147/CLBLL_LL_CIN
Info:                  0.025 SITEWIRE/SLICE_X110Y146/COUT->CLBLL_L_X70Y146/CLBLL_LL_COUT
Info:                  0.025 SITEWIRE/SLICE_X110Y146/CARRY4_CO3->SITEWIRE/SLICE_X110Y146/COUT
Info:  0.1  1.8  Source $auto$alumacc.cc:512:replace_alu$1119.genblk1.slice[3].genblk1.carry4$split$muxcy0$PACKED_CARRY4$.CO3
Info:  0.1  1.9    Net $auto$alumacc.cc:512:replace_alu$1119.CO[15] budget 10.211000 ns (173,3) -> (173,2)
Info:                Sink $auto$alumacc.cc:512:replace_alu$1119.genblk1.slice[4].genblk1.carry4$split$muxcy0$PACKED_CARRY4$.CIN
Info:                  prediction: 0.540000 ns estimate: 0.540000 ns
Info:                  0.025 CLBLL_L_X70Y148/CLBLL_LL_CIN->SITEWIRE/SLICE_X110Y148/CIN
Info:                  0.035 CLBLL_L_X70Y147/CLBLL_LL_COUT->CLBLL_L_X70Y148/CLBLL_LL_CIN
Info:                  0.025 SITEWIRE/SLICE_X110Y147/COUT->CLBLL_L_X70Y147/CLBLL_LL_COUT
Info:                  0.025 SITEWIRE/SLICE_X110Y147/CARRY4_CO3->SITEWIRE/SLICE_X110Y147/COUT
Info:  0.1  2.1  Source $auto$alumacc.cc:512:replace_alu$1119.genblk1.slice[4].genblk1.carry4$split$muxcy0$PACKED_CARRY4$.CO3
Info:  0.1  2.2    Net $auto$alumacc.cc:512:replace_alu$1119.CO[19] budget 10.211000 ns (173,2) -> (173,1)
Info:                Sink $auto$alumacc.cc:512:replace_alu$1119.genblk1.slice[5].genblk1.carry4$split$muxcy0$PACKED_CARRY4$.CIN
Info:                  prediction: 0.540000 ns estimate: 0.540000 ns
Info:                  0.025 CLBLL_L_X70Y149/CLBLL_LL_CIN->SITEWIRE/SLICE_X110Y149/CIN
Info:                  0.035 CLBLL_L_X70Y148/CLBLL_LL_COUT->CLBLL_L_X70Y149/CLBLL_LL_CIN
Info:                  0.025 SITEWIRE/SLICE_X110Y148/COUT->CLBLL_L_X70Y148/CLBLL_LL_COUT
Info:                  0.025 SITEWIRE/SLICE_X110Y148/CARRY4_CO3->SITEWIRE/SLICE_X110Y148/COUT
Info:  0.3  2.5  Source $auto$alumacc.cc:512:replace_alu$1119.genblk1.slice[5].genblk1.carry4$split$muxcy0$PACKED_CARRY4$.O3
Info:  0.7  3.1    Net $auto$alumacc.cc:512:replace_alu$1119.Y[23] budget 9.809000 ns (173,1) -> (173,1)
Info:                Sink $auto$ff.cc:337:slice$1569.D
Info:                  prediction: 0.000000 ns estimate: 0.450000 ns
Info:                  0.025 SITEWIRE/SLICE_X110Y149/AX->SITEWIRE/SLICE_X110Y149/AFFMUX_OUT
Info:                  0.025 CLBLL_L_X70Y149/CLBLL_LL_AX->SITEWIRE/SLICE_X110Y149/AX
Info:                  0.035 INT_L_X70Y149/BYP_L1->CLBLL_L_X70Y149/CLBLL_LL_AX
Info:                  0.179 INT_L_X70Y149/BYP_ALT1->INT_L_X70Y149/BYP_L1
Info:                  0.035 INT_L_X70Y149/SR1BEG_S0->INT_L_X70Y149/BYP_ALT1
Info:                  0.141 INT_L_X70Y149/SR1END3->INT_L_X70Y149/SR1BEG_S0
Info:                  0.139 INT_L_X70Y149/LOGIC_OUTS_L23->INT_L_X70Y149/SR1END3
Info:                  0.035 CLBLL_L_X70Y149/CLBLL_LL_DMUX->INT_L_X70Y149/LOGIC_OUTS_L23
Info:                  0.025 SITEWIRE/SLICE_X110Y149/DMUX->CLBLL_L_X70Y149/CLBLL_LL_DMUX
Info:                  0.025 SITEWIRE/SLICE_X110Y149/CARRY4_O3->SITEWIRE/SLICE_X110Y149/DMUX
Info:  0.1  3.2  Setup $auto$ff.cc:337:slice$1569.D
Info: 1.6 ns logic, 1.6 ns routing

Info: Max frequency for clock 'FCLKCLK[0]': 308.07 MHz (PASS at 12.00 MHz)

Info: Slack histogram:
Info:  legend: * represents 1 endpoint(s)
Info:          + represents [1,1) endpoint(s)
Info: [ 80087,  80168) |* 
Info: [ 80168,  80249) |* 
Info: [ 80249,  80330) |* 
Info: [ 80330,  80411) | 
Info: [ 80411,  80492) |**** 
Info: [ 80492,  80573) |* 
Info: [ 80573,  80654) |* 
Info: [ 80654,  80735) | 
Info: [ 80735,  80816) |*** 
Info: [ 80816,  80897) | 
Info: [ 80897,  80978) | 
Info: [ 80978,  81059) |*** 
Info: [ 81059,  81140) |** 
Info: [ 81140,  81221) |* 
Info: [ 81221,  81302) |* 
Info: [ 81302,  81383) |** 
Info: [ 81383,  81464) |* 
Info: [ 81464,  81545) |* 
Info: [ 81545,  81626) | 
Info: [ 81626,  81707) |* 
Info: Running post-routing legalisation...

real	0m11.252s
user	0m5.331s
sys	0m1.863s
=== 3/5 fasm2frames ===
/prjxray/third_party/fasm/fasm/parser/__init__.py:30: RuntimeWarning: Unable to import fast Antlr4 parser implementation.
  ImportError: cannot import name 'antlr_to_tuple' from partially initialized module 'fasm.parser' (most likely due to a circular import) (/prjxray/third_party/fasm/fasm/parser/__init__.py)

  Falling back to the much slower pure Python textX based parser
  implementation.

  Getting the faster antlr parser can normally be done by installing the
  required dependencies and then reinstalling the fasm package with:
    pip uninstall
    pip install -v fasm

  warn(

real	0m6.756s
user	0m5.653s
sys	0m0.525s
frames_lines=7802
=== 4/5 xc7frames2bit ===

real	0m0.846s
user	0m0.249s
sys	0m0.101s
=== 5/5 RESULT ===
-rw-r--r-- 1 root root 4045670 Jul 31 22:02 ps7_tern.bit
size_bytes=4045670
f6408ab826062fcc51c085849e8ec9a2a38751c303d44d36d87b901360e757cf  ps7_tern.bit
ad8caceedb097c4d14c99abfd51b86628475e9fad0394df764a9acd7a3258230  ps7_tern.fasm
5ffccf2384e98f628aa249a367d2c7bbc4edd2437636f825e291c06690880e1d  ps7_tern.json
2619b2e12b20fb75a4f404504d2b71f3ee132b9cfdba844ad479d1d9f68b004f  ps7_tern.v
03e34d7ceb7adcabd57818ff7ee22619a14a08441a4cc84c9d881fb7bed5676f  ps7_tern.xdc
=== done: 2026-07-31T13:02:05Z ===
