
 /----------------------------------------------------------------------------\
 |  yosys -- Yosys Open SYnthesis Suite                                       |
 |  Copyright (C) 2012 - 2026  Claire Xenia Wolf <claire@yosyshq.com>         |
 |  Distributed under an ISC-like license, type "license" to see terms        |
 \----------------------------------------------------------------------------/
 Yosys 0.63 (git sha1 70a11c6bf0e8dd669f56c7da3587f78b405138e2, clang++ 16.0.0 -fPIC -O3)

-- Running command `
read_verilog -lib +/xilinx/cells_sim.v
read_verilog -lib +/xilinx/cells_xtra.v
read_verilog library/axi_ad9361/*.v library/axi_ad9361/xilinx/*.v library/common/*.v library/xilinx/common/*.v
hierarchy -top axi_ad9361 -check
stat
' --

1. Executing Verilog-2005 frontend: /opt/homebrew/bin/../share/yosys/xilinx/cells_sim.v
Parsing Verilog input from `/opt/homebrew/bin/../share/yosys/xilinx/cells_sim.v' to AST representation.
Generating RTLIL representation for module `\VCC'.
Generating RTLIL representation for module `\GND'.
Generating RTLIL representation for module `\IBUF'.
Generating RTLIL representation for module `\IBUFG'.
Generating RTLIL representation for module `\OBUF'.
Generating RTLIL representation for module `\IOBUF'.
Generating RTLIL representation for module `\OBUFT'.
Generating RTLIL representation for module `\BUFG'.
Generating RTLIL representation for module `\BUFGCTRL'.
Generating RTLIL representation for module `\BUFHCE'.
Generating RTLIL representation for module `\INV'.
Generating RTLIL representation for module `\LUT1'.
Generating RTLIL representation for module `\LUT2'.
Generating RTLIL representation for module `\LUT3'.
Generating RTLIL representation for module `\LUT4'.
Generating RTLIL representation for module `\LUT5'.
Generating RTLIL representation for module `\LUT6'.
Generating RTLIL representation for module `\LUT6_2'.
Generating RTLIL representation for module `\$__ABC9_LUT7'.
Generating RTLIL representation for module `\$__ABC9_LUT8'.
Generating RTLIL representation for module `\MUXCY'.
Generating RTLIL representation for module `\MUXF5'.
Generating RTLIL representation for module `\MUXF6'.
Generating RTLIL representation for module `\MUXF7'.
Generating RTLIL representation for module `\MUXF8'.
Generating RTLIL representation for module `\MUXF9'.
Generating RTLIL representation for module `\XORCY'.
Generating RTLIL representation for module `\CARRY4'.
Generating RTLIL representation for module `\CARRY8'.
Generating RTLIL representation for module `\ORCY'.
Generating RTLIL representation for module `\MULT_AND'.
Generating RTLIL representation for module `\FDRE'.
Generating RTLIL representation for module `\FDRE_1'.
Generating RTLIL representation for module `\FDSE'.
Generating RTLIL representation for module `\FDSE_1'.
Generating RTLIL representation for module `\FDRSE'.
Generating RTLIL representation for module `\FDRSE_1'.
Generating RTLIL representation for module `\FDCE'.
Generating RTLIL representation for module `\FDCE_1'.
Generating RTLIL representation for module `\FDPE'.
Generating RTLIL representation for module `\FDPE_1'.
Generating RTLIL representation for module `\FDCPE'.
Generating RTLIL representation for module `\FDCPE_1'.
Generating RTLIL representation for module `\LDCE'.
Generating RTLIL representation for module `\LDPE'.
Generating RTLIL representation for module `\LDCPE'.
Generating RTLIL representation for module `\AND2B1L'.
Generating RTLIL representation for module `\OR2L'.
Generating RTLIL representation for module `\RAM16X1S'.
Generating RTLIL representation for module `\RAM16X1S_1'.
Generating RTLIL representation for module `\RAM32X1S'.
Generating RTLIL representation for module `\RAM32X1S_1'.
Generating RTLIL representation for module `\RAM64X1S'.
Generating RTLIL representation for module `\RAM64X1S_1'.
Generating RTLIL representation for module `\RAM128X1S'.
Generating RTLIL representation for module `\RAM128X1S_1'.
Generating RTLIL representation for module `\RAM256X1S'.
Generating RTLIL representation for module `\RAM512X1S'.
Generating RTLIL representation for module `\RAM16X2S'.
Generating RTLIL representation for module `\RAM32X2S'.
Generating RTLIL representation for module `\RAM64X2S'.
Generating RTLIL representation for module `\RAM16X4S'.
Generating RTLIL representation for module `\RAM32X4S'.
Generating RTLIL representation for module `\RAM16X8S'.
Generating RTLIL representation for module `\RAM32X8S'.
Generating RTLIL representation for module `\RAM16X1D'.
Generating RTLIL representation for module `\RAM16X1D_1'.
Generating RTLIL representation for module `\RAM32X1D'.
Generating RTLIL representation for module `\RAM32X1D_1'.
Generating RTLIL representation for module `\RAM64X1D'.
Generating RTLIL representation for module `\RAM64X1D_1'.
Generating RTLIL representation for module `\RAM128X1D'.
Generating RTLIL representation for module `\RAM256X1D'.
Generating RTLIL representation for module `\RAM32M'.
Generating RTLIL representation for module `\RAM32M16'.
Generating RTLIL representation for module `\RAM64M'.
Generating RTLIL representation for module `\RAM64M8'.
Generating RTLIL representation for module `\RAM32X16DR8'.
Generating RTLIL representation for module `\RAM64X8SW'.
Generating RTLIL representation for module `\ROM16X1'.
Generating RTLIL representation for module `\ROM32X1'.
Generating RTLIL representation for module `\ROM64X1'.
Generating RTLIL representation for module `\ROM128X1'.
Generating RTLIL representation for module `\ROM256X1'.
Generating RTLIL representation for module `\SRL16'.
Generating RTLIL representation for module `\SRL16E'.
Generating RTLIL representation for module `\SRLC16'.
Generating RTLIL representation for module `\SRLC16E'.
Generating RTLIL representation for module `\SRLC32E'.
Generating RTLIL representation for module `\CFGLUT5'.
Generating RTLIL representation for module `\MULT18X18'.
Generating RTLIL representation for module `\MULT18X18S'.
Generating RTLIL representation for module `\MULT18X18SIO'.
Generating RTLIL representation for module `\DSP48A'.
Generating RTLIL representation for module `\DSP48A1'.
Generating RTLIL representation for module `\DSP48'.
Generating RTLIL representation for module `\DSP48E1'.
Generating RTLIL representation for module `\RAMB18E1'.
Generating RTLIL representation for module `\RAMB36E1'.
Successfully finished Verilog frontend.

2. Executing Verilog-2005 frontend: /opt/homebrew/bin/../share/yosys/xilinx/cells_xtra.v
Parsing Verilog input from `/opt/homebrew/bin/../share/yosys/xilinx/cells_xtra.v' to AST representation.
Generating RTLIL representation for module `\RAMB4_S1'.
Generating RTLIL representation for module `\RAMB4_S2'.
Generating RTLIL representation for module `\RAMB4_S4'.
Generating RTLIL representation for module `\RAMB4_S8'.
Generating RTLIL representation for module `\RAMB4_S16'.
Generating RTLIL representation for module `\RAMB4_S1_S1'.
Generating RTLIL representation for module `\RAMB4_S1_S2'.
Generating RTLIL representation for module `\RAMB4_S1_S4'.
Generating RTLIL representation for module `\RAMB4_S1_S8'.
Generating RTLIL representation for module `\RAMB4_S1_S16'.
Generating RTLIL representation for module `\RAMB4_S2_S2'.
Generating RTLIL representation for module `\RAMB4_S2_S4'.
Generating RTLIL representation for module `\RAMB4_S2_S8'.
Generating RTLIL representation for module `\RAMB4_S2_S16'.
Generating RTLIL representation for module `\RAMB4_S4_S4'.
Generating RTLIL representation for module `\RAMB4_S4_S8'.
Generating RTLIL representation for module `\RAMB4_S4_S16'.
Generating RTLIL representation for module `\RAMB4_S8_S8'.
Generating RTLIL representation for module `\RAMB4_S8_S16'.
Generating RTLIL representation for module `\RAMB4_S16_S16'.
Generating RTLIL representation for module `\RAMB16_S1'.
Generating RTLIL representation for module `\RAMB16_S2'.
Generating RTLIL representation for module `\RAMB16_S4'.
Generating RTLIL representation for module `\RAMB16_S9'.
Generating RTLIL representation for module `\RAMB16_S18'.
Generating RTLIL representation for module `\RAMB16_S36'.
Generating RTLIL representation for module `\RAMB16_S1_S1'.
Generating RTLIL representation for module `\RAMB16_S1_S2'.
Generating RTLIL representation for module `\RAMB16_S1_S4'.
Generating RTLIL representation for module `\RAMB16_S1_S9'.
Generating RTLIL representation for module `\RAMB16_S1_S18'.
Generating RTLIL representation for module `\RAMB16_S1_S36'.
Generating RTLIL representation for module `\RAMB16_S2_S2'.
Generating RTLIL representation for module `\RAMB16_S2_S4'.
Generating RTLIL representation for module `\RAMB16_S2_S9'.
Generating RTLIL representation for module `\RAMB16_S2_S18'.
Generating RTLIL representation for module `\RAMB16_S2_S36'.
Generating RTLIL representation for module `\RAMB16_S4_S4'.
Generating RTLIL representation for module `\RAMB16_S4_S9'.
Generating RTLIL representation for module `\RAMB16_S4_S18'.
Generating RTLIL representation for module `\RAMB16_S4_S36'.
Generating RTLIL representation for module `\RAMB16_S9_S9'.
Generating RTLIL representation for module `\RAMB16_S9_S18'.
Generating RTLIL representation for module `\RAMB16_S9_S36'.
Generating RTLIL representation for module `\RAMB16_S18_S18'.
Generating RTLIL representation for module `\RAMB16_S18_S36'.
Generating RTLIL representation for module `\RAMB16_S36_S36'.
Generating RTLIL representation for module `\RAMB16BWE_S18'.
Generating RTLIL representation for module `\RAMB16BWE_S36'.
Generating RTLIL representation for module `\RAMB16BWE_S18_S9'.
Generating RTLIL representation for module `\RAMB16BWE_S18_S18'.
Generating RTLIL representation for module `\RAMB16BWE_S36_S9'.
Generating RTLIL representation for module `\RAMB16BWE_S36_S18'.
Generating RTLIL representation for module `\RAMB16BWE_S36_S36'.
Generating RTLIL representation for module `\RAMB16BWER'.
Generating RTLIL representation for module `\RAMB8BWER'.
Generating RTLIL representation for module `\FIFO16'.
Generating RTLIL representation for module `\RAMB16'.
Generating RTLIL representation for module `\RAMB32_S64_ECC'.
Generating RTLIL representation for module `\FIFO18'.
Generating RTLIL representation for module `\FIFO18_36'.
Generating RTLIL representation for module `\FIFO36'.
Generating RTLIL representation for module `\FIFO36_72'.
Generating RTLIL representation for module `\RAMB18'.
Generating RTLIL representation for module `\RAMB36'.
Generating RTLIL representation for module `\RAMB18SDP'.
Generating RTLIL representation for module `\RAMB36SDP'.
Generating RTLIL representation for module `\FIFO18E1'.
Generating RTLIL representation for module `\FIFO36E1'.
Generating RTLIL representation for module `\FIFO18E2'.
Generating RTLIL representation for module `\FIFO36E2'.
Generating RTLIL representation for module `\RAMB18E2'.
Generating RTLIL representation for module `\RAMB36E2'.
Generating RTLIL representation for module `\URAM288'.
Generating RTLIL representation for module `\URAM288_BASE'.
Generating RTLIL representation for module `\DSP48E'.
Generating RTLIL representation for module `\DSP48E2'.
Generating RTLIL representation for module `\FDDRCPE'.
Generating RTLIL representation for module `\FDDRRSE'.
Generating RTLIL representation for module `\IFDDRCPE'.
Generating RTLIL representation for module `\IFDDRRSE'.
Generating RTLIL representation for module `\OFDDRCPE'.
Generating RTLIL representation for module `\OFDDRRSE'.
Generating RTLIL representation for module `\OFDDRTCPE'.
Generating RTLIL representation for module `\OFDDRTRSE'.
Generating RTLIL representation for module `\IDDR2'.
Generating RTLIL representation for module `\ODDR2'.
Generating RTLIL representation for module `\IDDR'.
Generating RTLIL representation for module `\IDDR_2CLK'.
Generating RTLIL representation for module `\ODDR'.
Generating RTLIL representation for module `\IDELAYCTRL'.
Generating RTLIL representation for module `\IDELAY'.
Generating RTLIL representation for module `\ISERDES'.
Generating RTLIL representation for module `\OSERDES'.
Generating RTLIL representation for module `\IODELAY'.
Generating RTLIL representation for module `\ISERDES_NODELAY'.
Generating RTLIL representation for module `\IODELAYE1'.
Generating RTLIL representation for module `\ISERDESE1'.
Generating RTLIL representation for module `\OSERDESE1'.
Generating RTLIL representation for module `\IDELAYE2'.
Generating RTLIL representation for module `\ODELAYE2'.
Generating RTLIL representation for module `\ISERDESE2'.
Generating RTLIL representation for module `\OSERDESE2'.
Generating RTLIL representation for module `\PHASER_IN'.
Generating RTLIL representation for module `\PHASER_IN_PHY'.
Generating RTLIL representation for module `\PHASER_OUT'.
Generating RTLIL representation for module `\PHASER_OUT_PHY'.
Generating RTLIL representation for module `\PHASER_REF'.
Generating RTLIL representation for module `\PHY_CONTROL'.
Generating RTLIL representation for module `\IDDRE1'.
Generating RTLIL representation for module `\ODDRE1'.
Generating RTLIL representation for module `\IDELAYE3'.
Generating RTLIL representation for module `\ODELAYE3'.
Generating RTLIL representation for module `\ISERDESE3'.
Generating RTLIL representation for module `\OSERDESE3'.
Generating RTLIL representation for module `\BITSLICE_CONTROL'.
Generating RTLIL representation for module `\RIU_OR'.
Generating RTLIL representation for module `\RX_BITSLICE'.
Generating RTLIL representation for module `\RXTX_BITSLICE'.
Generating RTLIL representation for module `\TX_BITSLICE'.
Generating RTLIL representation for module `\TX_BITSLICE_TRI'.
Generating RTLIL representation for module `\IODELAY2'.
Generating RTLIL representation for module `\IODRP2'.
Generating RTLIL representation for module `\IODRP2_MCB'.
Generating RTLIL representation for module `\ISERDES2'.
Generating RTLIL representation for module `\OSERDES2'.
Generating RTLIL representation for module `\IBUF_DLY_ADJ'.
Generating RTLIL representation for module `\IBUF_IBUFDISABLE'.
Generating RTLIL representation for module `\IBUF_INTERMDISABLE'.
Generating RTLIL representation for module `\IBUF_ANALOG'.
Generating RTLIL representation for module `\IBUFE3'.
Generating RTLIL representation for module `\IBUFDS'.
Generating RTLIL representation for module `\IBUFDS_DLY_ADJ'.
Generating RTLIL representation for module `\IBUFDS_IBUFDISABLE'.
Generating RTLIL representation for module `\IBUFDS_INTERMDISABLE'.
Generating RTLIL representation for module `\IBUFDS_DIFF_OUT'.
Generating RTLIL representation for module `\IBUFDS_DIFF_OUT_IBUFDISABLE'.
Generating RTLIL representation for module `\IBUFDS_DIFF_OUT_INTERMDISABLE'.
Generating RTLIL representation for module `\IBUFDSE3'.
Generating RTLIL representation for module `\IBUFDS_DPHY'.
Generating RTLIL representation for module `\IBUFGDS'.
Generating RTLIL representation for module `\IBUFGDS_DIFF_OUT'.
Generating RTLIL representation for module `\IOBUF_DCIEN'.
Generating RTLIL representation for module `\IOBUF_INTERMDISABLE'.
Generating RTLIL representation for module `\IOBUFE3'.
Generating RTLIL representation for module `\IOBUFDS'.
Generating RTLIL representation for module `\IOBUFDS_DCIEN'.
Generating RTLIL representation for module `\IOBUFDS_INTERMDISABLE'.
Generating RTLIL representation for module `\IOBUFDS_DIFF_OUT'.
Generating RTLIL representation for module `\IOBUFDS_DIFF_OUT_DCIEN'.
Generating RTLIL representation for module `\IOBUFDS_DIFF_OUT_INTERMDISABLE'.
Generating RTLIL representation for module `\IOBUFDSE3'.
Generating RTLIL representation for module `\OBUFDS'.
Generating RTLIL representation for module `\OBUFDS_DPHY'.
Generating RTLIL representation for module `\OBUFTDS'.
Generating RTLIL representation for module `\KEEPER'.
Generating RTLIL representation for module `\PULLDOWN'.
Generating RTLIL representation for module `\PULLUP'.
Generating RTLIL representation for module `\DCIRESET'.
Generating RTLIL representation for module `\HPIO_VREF'.
Generating RTLIL representation for module `\BUFGCE'.
Generating RTLIL representation for module `\BUFGCE_1'.
Generating RTLIL representation for module `\BUFGMUX'.
Generating RTLIL representation for module `\BUFGMUX_1'.
Generating RTLIL representation for module `\BUFGMUX_CTRL'.
Generating RTLIL representation for module `\BUFGMUX_VIRTEX4'.
Generating RTLIL representation for module `\BUFG_GT'.
Generating RTLIL representation for module `\BUFG_GT_SYNC'.
Generating RTLIL representation for module `\BUFG_PS'.
Generating RTLIL representation for module `\BUFGCE_DIV'.
Generating RTLIL representation for module `\BUFH'.
Generating RTLIL representation for module `\BUFIO2'.
Generating RTLIL representation for module `\BUFIO2_2CLK'.
Generating RTLIL representation for module `\BUFIO2FB'.
Generating RTLIL representation for module `\BUFPLL'.
Generating RTLIL representation for module `\BUFPLL_MCB'.
Generating RTLIL representation for module `\BUFIO'.
Generating RTLIL representation for module `\BUFIODQS'.
Generating RTLIL representation for module `\BUFR'.
Generating RTLIL representation for module `\BUFMR'.
Generating RTLIL representation for module `\BUFMRCE'.
Generating RTLIL representation for module `\DCM'.
Generating RTLIL representation for module `\DCM_SP'.
Generating RTLIL representation for module `\DCM_CLKGEN'.
Generating RTLIL representation for module `\DCM_ADV'.
Generating RTLIL representation for module `\DCM_BASE'.
Generating RTLIL representation for module `\DCM_PS'.
Generating RTLIL representation for module `\PMCD'.
Generating RTLIL representation for module `\PLL_ADV'.
Generating RTLIL representation for module `\PLL_BASE'.
Generating RTLIL representation for module `\MMCM_ADV'.
Generating RTLIL representation for module `\MMCM_BASE'.
Generating RTLIL representation for module `\MMCME2_ADV'.
Generating RTLIL representation for module `\MMCME2_BASE'.
Generating RTLIL representation for module `\PLLE2_ADV'.
Generating RTLIL representation for module `\PLLE2_BASE'.
Generating RTLIL representation for module `\MMCME3_ADV'.
Generating RTLIL representation for module `\MMCME3_BASE'.
Generating RTLIL representation for module `\PLLE3_ADV'.
Generating RTLIL representation for module `\PLLE3_BASE'.
Generating RTLIL representation for module `\MMCME4_ADV'.
Generating RTLIL representation for module `\MMCME4_BASE'.
Generating RTLIL representation for module `\PLLE4_ADV'.
Generating RTLIL representation for module `\PLLE4_BASE'.
Generating RTLIL representation for module `\BUFT'.
Generating RTLIL representation for module `\IN_FIFO'.
Generating RTLIL representation for module `\OUT_FIFO'.
Generating RTLIL representation for module `\HARD_SYNC'.
Generating RTLIL representation for module `\STARTUP_SPARTAN3'.
Generating RTLIL representation for module `\STARTUP_SPARTAN3E'.
Generating RTLIL representation for module `\STARTUP_SPARTAN3A'.
Generating RTLIL representation for module `\STARTUP_SPARTAN6'.
Generating RTLIL representation for module `\STARTUP_VIRTEX4'.
Generating RTLIL representation for module `\STARTUP_VIRTEX5'.
Generating RTLIL representation for module `\STARTUP_VIRTEX6'.
Generating RTLIL representation for module `\STARTUPE2'.
Generating RTLIL representation for module `\STARTUPE3'.
Generating RTLIL representation for module `\CAPTURE_SPARTAN3'.
Generating RTLIL representation for module `\CAPTURE_SPARTAN3A'.
Generating RTLIL representation for module `\CAPTURE_VIRTEX4'.
Generating RTLIL representation for module `\CAPTURE_VIRTEX5'.
Generating RTLIL representation for module `\CAPTURE_VIRTEX6'.
Generating RTLIL representation for module `\CAPTUREE2'.
Generating RTLIL representation for module `\ICAP_SPARTAN3A'.
Generating RTLIL representation for module `\ICAP_SPARTAN6'.
Generating RTLIL representation for module `\ICAP_VIRTEX4'.
Generating RTLIL representation for module `\ICAP_VIRTEX5'.
Generating RTLIL representation for module `\ICAP_VIRTEX6'.
Generating RTLIL representation for module `\ICAPE2'.
Generating RTLIL representation for module `\ICAPE3'.
Generating RTLIL representation for module `\BSCAN_SPARTAN3'.
Generating RTLIL representation for module `\BSCAN_SPARTAN3A'.
Generating RTLIL representation for module `\BSCAN_SPARTAN6'.
Generating RTLIL representation for module `\BSCAN_VIRTEX4'.
Generating RTLIL representation for module `\BSCAN_VIRTEX5'.
Generating RTLIL representation for module `\BSCAN_VIRTEX6'.
Generating RTLIL representation for module `\BSCANE2'.
Generating RTLIL representation for module `\DNA_PORT'.
Generating RTLIL representation for module `\DNA_PORTE2'.
Generating RTLIL representation for module `\FRAME_ECC_VIRTEX4'.
Generating RTLIL representation for module `\FRAME_ECC_VIRTEX5'.
Generating RTLIL representation for module `\FRAME_ECC_VIRTEX6'.
Generating RTLIL representation for module `\FRAME_ECCE2'.
Generating RTLIL representation for module `\FRAME_ECCE3'.
Generating RTLIL representation for module `\FRAME_ECCE4'.
Generating RTLIL representation for module `\USR_ACCESS_VIRTEX4'.
Generating RTLIL representation for module `\USR_ACCESS_VIRTEX5'.
Generating RTLIL representation for module `\USR_ACCESS_VIRTEX6'.
Generating RTLIL representation for module `\USR_ACCESSE2'.
Generating RTLIL representation for module `\POST_CRC_INTERNAL'.
Generating RTLIL representation for module `\SUSPEND_SYNC'.
Generating RTLIL representation for module `\KEY_CLEAR'.
Generating RTLIL representation for module `\MASTER_JTAG'.
Generating RTLIL representation for module `\SPI_ACCESS'.
Generating RTLIL representation for module `\EFUSE_USR'.
Generating RTLIL representation for module `\SYSMON'.
Generating RTLIL representation for module `\XADC'.
Generating RTLIL representation for module `\SYSMONE1'.
Generating RTLIL representation for module `\SYSMONE4'.
Generating RTLIL representation for module `\GTPA1_DUAL'.
Generating RTLIL representation for module `\GT11_CUSTOM'.
Generating RTLIL representation for module `\GT11_DUAL'.
Generating RTLIL representation for module `\GT11CLK'.
Generating RTLIL representation for module `\GT11CLK_MGT'.
Generating RTLIL representation for module `\GTP_DUAL'.
Generating RTLIL representation for module `\GTX_DUAL'.
Generating RTLIL representation for module `\CRC32'.
Generating RTLIL representation for module `\CRC64'.
Generating RTLIL representation for module `\GTHE1_QUAD'.
Generating RTLIL representation for module `\GTXE1'.
Generating RTLIL representation for module `\IBUFDS_GTXE1'.
Generating RTLIL representation for module `\IBUFDS_GTHE1'.
Generating RTLIL representation for module `\GTHE2_CHANNEL'.
Generating RTLIL representation for module `\GTHE2_COMMON'.
Generating RTLIL representation for module `\GTPE2_CHANNEL'.
Generating RTLIL representation for module `\GTPE2_COMMON'.
Generating RTLIL representation for module `\GTXE2_CHANNEL'.
Generating RTLIL representation for module `\GTXE2_COMMON'.
Generating RTLIL representation for module `\IBUFDS_GTE2'.
Generating RTLIL representation for module `\GTHE3_CHANNEL'.
Generating RTLIL representation for module `\GTHE3_COMMON'.
Generating RTLIL representation for module `\GTYE3_CHANNEL'.
Generating RTLIL representation for module `\GTYE3_COMMON'.
Generating RTLIL representation for module `\IBUFDS_GTE3'.
Generating RTLIL representation for module `\OBUFDS_GTE3'.
Generating RTLIL representation for module `\OBUFDS_GTE3_ADV'.
Generating RTLIL representation for module `\GTHE4_CHANNEL'.
Generating RTLIL representation for module `\GTHE4_COMMON'.
Generating RTLIL representation for module `\GTYE4_CHANNEL'.
Generating RTLIL representation for module `\GTYE4_COMMON'.
Generating RTLIL representation for module `\IBUFDS_GTE4'.
Generating RTLIL representation for module `\OBUFDS_GTE4'.
Generating RTLIL representation for module `\OBUFDS_GTE4_ADV'.
Generating RTLIL representation for module `\GTM_DUAL'.
Generating RTLIL representation for module `\IBUFDS_GTM'.
Generating RTLIL representation for module `\OBUFDS_GTM'.
Generating RTLIL representation for module `\OBUFDS_GTM_ADV'.
Generating RTLIL representation for module `\HSDAC'.
Generating RTLIL representation for module `\HSADC'.
Generating RTLIL representation for module `\RFDAC'.
Generating RTLIL representation for module `\RFADC'.
Generating RTLIL representation for module `\PCIE_A1'.
Generating RTLIL representation for module `\PCIE_EP'.
Generating RTLIL representation for module `\PCIE_2_0'.
Generating RTLIL representation for module `\PCIE_2_1'.
Generating RTLIL representation for module `\PCIE_3_0'.
Generating RTLIL representation for module `\PCIE_3_1'.
Generating RTLIL representation for module `\PCIE40E4'.
Generating RTLIL representation for module `\PCIE4CE4'.
Generating RTLIL representation for module `\EMAC'.
Generating RTLIL representation for module `\TEMAC'.
Generating RTLIL representation for module `\TEMAC_SINGLE'.
Generating RTLIL representation for module `\CMAC'.
Generating RTLIL representation for module `\CMACE4'.
Generating RTLIL representation for module `\MCB'.
Generating RTLIL representation for module `\HBM_REF_CLK'.
Generating RTLIL representation for module `\HBM_SNGLBLI_INTF_APB'.
Generating RTLIL representation for module `\HBM_SNGLBLI_INTF_AXI'.
Generating RTLIL representation for module `\HBM_ONE_STACK_INTF'.
Generating RTLIL representation for module `\HBM_TWO_STACK_INTF'.
Generating RTLIL representation for module `\PPC405_ADV'.
Generating RTLIL representation for module `\PPC440'.
Generating RTLIL representation for module `\PS7'.
Generating RTLIL representation for module `\PS8'.
Generating RTLIL representation for module `\ILKN'.
Generating RTLIL representation for module `\ILKNE4'.
Generating RTLIL representation for module `\VCU'.
Generating RTLIL representation for module `\FE'.
Successfully finished Verilog frontend.

3. Executing Verilog-2005 frontend: library/axi_ad9361/axi_ad9361.v
Parsing Verilog input from `library/axi_ad9361/axi_ad9361.v' to AST representation.
Generating RTLIL representation for module `\axi_ad9361'.
Successfully finished Verilog frontend.

4. Executing Verilog-2005 frontend: library/axi_ad9361/axi_ad9361_rx.v
Parsing Verilog input from `library/axi_ad9361/axi_ad9361_rx.v' to AST representation.
Generating RTLIL representation for module `\axi_ad9361_rx'.
Successfully finished Verilog frontend.

5. Executing Verilog-2005 frontend: library/axi_ad9361/axi_ad9361_rx_channel.v
Parsing Verilog input from `library/axi_ad9361/axi_ad9361_rx_channel.v' to AST representation.
Generating RTLIL representation for module `\axi_ad9361_rx_channel'.
Successfully finished Verilog frontend.

6. Executing Verilog-2005 frontend: library/axi_ad9361/axi_ad9361_rx_pnmon.v
Parsing Verilog input from `library/axi_ad9361/axi_ad9361_rx_pnmon.v' to AST representation.
Generating RTLIL representation for module `\axi_ad9361_rx_pnmon'.
Successfully finished Verilog frontend.

7. Executing Verilog-2005 frontend: library/axi_ad9361/axi_ad9361_tdd.v
Parsing Verilog input from `library/axi_ad9361/axi_ad9361_tdd.v' to AST representation.
Generating RTLIL representation for module `\axi_ad9361_tdd'.
Successfully finished Verilog frontend.

8. Executing Verilog-2005 frontend: library/axi_ad9361/axi_ad9361_tdd_if.v
Parsing Verilog input from `library/axi_ad9361/axi_ad9361_tdd_if.v' to AST representation.
Generating RTLIL representation for module `\axi_ad9361_tdd_if'.
Successfully finished Verilog frontend.

9. Executing Verilog-2005 frontend: library/axi_ad9361/axi_ad9361_tx.v
Parsing Verilog input from `library/axi_ad9361/axi_ad9361_tx.v' to AST representation.
Generating RTLIL representation for module `\axi_ad9361_tx'.
library/axi_ad9361/axi_ad9361_tx.v:167: Warning: Identifier `\dac_sync' is implicitly declared.
Successfully finished Verilog frontend.

10. Executing Verilog-2005 frontend: library/axi_ad9361/axi_ad9361_tx_channel.v
Parsing Verilog input from `library/axi_ad9361/axi_ad9361_tx_channel.v' to AST representation.
Generating RTLIL representation for module `\axi_ad9361_tx_channel'.
Successfully finished Verilog frontend.

11. Executing Verilog-2005 frontend: library/axi_ad9361/xilinx/axi_ad9361_cmos_if.v
Parsing Verilog input from `library/axi_ad9361/xilinx/axi_ad9361_cmos_if.v' to AST representation.
Generating RTLIL representation for module `\axi_ad9361_cmos_if'.
Successfully finished Verilog frontend.

12. Executing Verilog-2005 frontend: library/axi_ad9361/xilinx/axi_ad9361_lvds_if.v
Parsing Verilog input from `library/axi_ad9361/xilinx/axi_ad9361_lvds_if.v' to AST representation.
Generating RTLIL representation for module `\axi_ad9361_lvds_if'.
Successfully finished Verilog frontend.

13. Executing Verilog-2005 frontend: library/common/ad_3w_spi.v
Parsing Verilog input from `library/common/ad_3w_spi.v' to AST representation.
library/common/ad_3w_spi.v:103: Warning: Yosys has only limited support for tri-state logic at the moment.
Generating RTLIL representation for module `\ad_3w_spi'.
Successfully finished Verilog frontend.

14. Executing Verilog-2005 frontend: library/common/ad_addsub.v
Parsing Verilog input from `library/common/ad_addsub.v' to AST representation.
Generating RTLIL representation for module `\ad_addsub'.
Successfully finished Verilog frontend.

15. Executing Verilog-2005 frontend: library/common/ad_adl5904_rst.v
Parsing Verilog input from `library/common/ad_adl5904_rst.v' to AST representation.
Generating RTLIL representation for module `\ad_adl5904_rst'.
Successfully finished Verilog frontend.

16. Executing Verilog-2005 frontend: library/common/ad_axis_inf_rx.v
Parsing Verilog input from `library/common/ad_axis_inf_rx.v' to AST representation.
Generating RTLIL representation for module `\ad_axis_inf_rx'.
Note: Assuming pure combinatorial block at library/common/ad_axis_inf_rx.v:135.3-172.6 in
compliance with IEC 62142(E):2005 / IEEE Std. 1364.1(E):2002. Recommending
use of @* instead of @(...) for better match of synthesis and simulation.
Successfully finished Verilog frontend.

17. Executing Verilog-2005 frontend: library/common/ad_b2g.v
Parsing Verilog input from `library/common/ad_b2g.v' to AST representation.
Generating RTLIL representation for module `\ad_b2g'.
Successfully finished Verilog frontend.

18. Executing Verilog-2005 frontend: library/common/ad_bus_mux.v
Parsing Verilog input from `library/common/ad_bus_mux.v' to AST representation.
Generating RTLIL representation for module `\ad_bus_mux'.
Successfully finished Verilog frontend.

19. Executing Verilog-2005 frontend: library/common/ad_csc.v
Parsing Verilog input from `library/common/ad_csc.v' to AST representation.
Generating RTLIL representation for module `\ad_csc'.
Successfully finished Verilog frontend.

20. Executing Verilog-2005 frontend: library/common/ad_csc_CrYCb2RGB.v
Parsing Verilog input from `library/common/ad_csc_CrYCb2RGB.v' to AST representation.
Generating RTLIL representation for module `\ad_csc_CrYCb2RGB'.
Successfully finished Verilog frontend.

21. Executing Verilog-2005 frontend: library/common/ad_csc_RGB2CrYCb.v
Parsing Verilog input from `library/common/ad_csc_RGB2CrYCb.v' to AST representation.
Generating RTLIL representation for module `\ad_csc_RGB2CrYCb'.
Successfully finished Verilog frontend.

22. Executing Verilog-2005 frontend: library/common/ad_datafmt.v
Parsing Verilog input from `library/common/ad_datafmt.v' to AST representation.
Generating RTLIL representation for module `\ad_datafmt'.
Successfully finished Verilog frontend.

23. Executing Verilog-2005 frontend: library/common/ad_dds.v
Parsing Verilog input from `library/common/ad_dds.v' to AST representation.
Generating RTLIL representation for module `\ad_dds'.
Warning: Replacing memory \genblk1.dac_dds_phase_1_m with list of registers. See library/common/ad_dds.v:155, library/common/ad_dds.v:106
Warning: Replacing memory \genblk1.dac_dds_phase_0_m with list of registers. See library/common/ad_dds.v:154, library/common/ad_dds.v:105
Warning: Replacing memory \genblk1.dac_dds_phase_1 with list of registers. See library/common/ad_dds.v:139, library/common/ad_dds.v:104
Warning: Replacing memory \genblk1.dac_dds_phase_0 with list of registers. See library/common/ad_dds.v:138, library/common/ad_dds.v:103
Successfully finished Verilog frontend.

24. Executing Verilog-2005 frontend: library/common/ad_dds_1.v
Parsing Verilog input from `library/common/ad_dds_1.v' to AST representation.
Generating RTLIL representation for module `\ad_dds_1'.
Successfully finished Verilog frontend.

25. Executing Verilog-2005 frontend: library/common/ad_dds_2.v
Parsing Verilog input from `library/common/ad_dds_2.v' to AST representation.
Generating RTLIL representation for module `\ad_dds_2'.
Successfully finished Verilog frontend.

26. Executing Verilog-2005 frontend: library/common/ad_dds_cordic_pipe.v
Parsing Verilog input from `library/common/ad_dds_cordic_pipe.v' to AST representation.
Generating RTLIL representation for module `\ad_dds_cordic_pipe'.
Successfully finished Verilog frontend.

27. Executing Verilog-2005 frontend: library/common/ad_dds_sine.v
Parsing Verilog input from `library/common/ad_dds_sine.v' to AST representation.
Generating RTLIL representation for module `\ad_dds_sine'.
Successfully finished Verilog frontend.

28. Executing Verilog-2005 frontend: library/common/ad_dds_sine_cordic.v
Parsing Verilog input from `library/common/ad_dds_sine_cordic.v' to AST representation.
Generating RTLIL representation for module `\ad_dds_sine_cordic'.
library/common/ad_dds_sine_cordic.v:66: Warning: converting real value 1.989447e+04 to binary 16'0100110110110110.
Successfully finished Verilog frontend.

29. Executing Verilog-2005 frontend: library/common/ad_edge_detect.v
Parsing Verilog input from `library/common/ad_edge_detect.v' to AST representation.
Generating RTLIL representation for module `\ad_edge_detect'.
Successfully finished Verilog frontend.

30. Executing Verilog-2005 frontend: library/common/ad_g2b.v
Parsing Verilog input from `library/common/ad_g2b.v' to AST representation.
Generating RTLIL representation for module `\ad_g2b'.
Successfully finished Verilog frontend.

31. Executing Verilog-2005 frontend: library/common/ad_iobuf.v
Parsing Verilog input from `library/common/ad_iobuf.v' to AST representation.
library/common/ad_iobuf.v:52: Warning: Yosys has only limited support for tri-state logic at the moment.
Generating RTLIL representation for module `\ad_iobuf'.
Successfully finished Verilog frontend.

32. Executing Verilog-2005 frontend: library/common/ad_iqcor.v
Parsing Verilog input from `library/common/ad_iqcor.v' to AST representation.
Generating RTLIL representation for module `\ad_iqcor'.
Successfully finished Verilog frontend.

33. Executing Verilog-2005 frontend: library/common/ad_mem.v
Parsing Verilog input from `library/common/ad_mem.v' to AST representation.
Generating RTLIL representation for module `\ad_mem'.
Successfully finished Verilog frontend.

34. Executing Verilog-2005 frontend: library/common/ad_mem_asym.v
Parsing Verilog input from `library/common/ad_mem_asym.v' to AST representation.
Generating RTLIL representation for module `\ad_mem_asym'.
Successfully finished Verilog frontend.

35. Executing Verilog-2005 frontend: library/common/ad_mem_dual.v
Parsing Verilog input from `library/common/ad_mem_dual.v' to AST representation.
Generating RTLIL representation for module `\ad_mem_dual'.
Successfully finished Verilog frontend.

36. Executing Verilog-2005 frontend: library/common/ad_mux.v
Parsing Verilog input from `library/common/ad_mux.v' to AST representation.
Generating RTLIL representation for module `\ad_mux'.
Successfully finished Verilog frontend.

37. Executing Verilog-2005 frontend: library/common/ad_mux_core.v
Parsing Verilog input from `library/common/ad_mux_core.v' to AST representation.
Generating RTLIL representation for module `\ad_mux_core'.
Successfully finished Verilog frontend.

38. Executing Verilog-2005 frontend: library/common/ad_pack.v
Parsing Verilog input from `library/common/ad_pack.v' to AST representation.
Generating RTLIL representation for module `\ad_pack'.
Successfully finished Verilog frontend.

39. Executing Verilog-2005 frontend: library/common/ad_perfect_shuffle.v
Parsing Verilog input from `library/common/ad_perfect_shuffle.v' to AST representation.
Generating RTLIL representation for module `\ad_perfect_shuffle'.
Successfully finished Verilog frontend.

40. Executing Verilog-2005 frontend: library/common/ad_pngen.v
Parsing Verilog input from `library/common/ad_pngen.v' to AST representation.
Generating RTLIL representation for module `\ad_pngen'.
Successfully finished Verilog frontend.

41. Executing Verilog-2005 frontend: library/common/ad_pnmon.v
Parsing Verilog input from `library/common/ad_pnmon.v' to AST representation.
Generating RTLIL representation for module `\ad_pnmon'.
Successfully finished Verilog frontend.

42. Executing Verilog-2005 frontend: library/common/ad_pps_receiver.v
Parsing Verilog input from `library/common/ad_pps_receiver.v' to AST representation.
Generating RTLIL representation for module `\ad_pps_receiver'.
Successfully finished Verilog frontend.

43. Executing Verilog-2005 frontend: library/common/ad_rst.v
Parsing Verilog input from `library/common/ad_rst.v' to AST representation.
Generating RTLIL representation for module `\ad_rst'.
Successfully finished Verilog frontend.

44. Executing Verilog-2005 frontend: library/common/ad_ss_422to444.v
Parsing Verilog input from `library/common/ad_ss_422to444.v' to AST representation.
Generating RTLIL representation for module `\ad_ss_422to444'.
Note: Assuming pure combinatorial block at library/common/ad_ss_422to444.v:113.3-121.6 in
compliance with IEC 62142(E):2005 / IEEE Std. 1364.1(E):2002. Recommending
use of @* instead of @(...) for better match of synthesis and simulation.
Successfully finished Verilog frontend.

45. Executing Verilog-2005 frontend: library/common/ad_ss_444to422.v
Parsing Verilog input from `library/common/ad_ss_444to422.v' to AST representation.
Generating RTLIL representation for module `\ad_ss_444to422'.
Successfully finished Verilog frontend.

46. Executing Verilog-2005 frontend: library/common/ad_sysref_gen.v
Parsing Verilog input from `library/common/ad_sysref_gen.v' to AST representation.
Generating RTLIL representation for module `\ad_sysref_gen'.
Successfully finished Verilog frontend.

47. Executing Verilog-2005 frontend: library/common/ad_tdd_control.v
Parsing Verilog input from `library/common/ad_tdd_control.v' to AST representation.
Generating RTLIL representation for module `\ad_tdd_control'.
Successfully finished Verilog frontend.

48. Executing Verilog-2005 frontend: library/common/ad_upack.v
Parsing Verilog input from `library/common/ad_upack.v' to AST representation.
Generating RTLIL representation for module `\ad_upack'.
Successfully finished Verilog frontend.

49. Executing Verilog-2005 frontend: library/common/ad_xcvr_rx_if.v
Parsing Verilog input from `library/common/ad_xcvr_rx_if.v' to AST representation.
Generating RTLIL representation for module `\ad_xcvr_rx_if'.
Successfully finished Verilog frontend.

50. Executing Verilog-2005 frontend: library/common/up_adc_channel.v
Parsing Verilog input from `library/common/up_adc_channel.v' to AST representation.
Generating RTLIL representation for module `\up_adc_channel'.
Successfully finished Verilog frontend.

51. Executing Verilog-2005 frontend: library/common/up_adc_common.v
Parsing Verilog input from `library/common/up_adc_common.v' to AST representation.
Generating RTLIL representation for module `\up_adc_common'.
Successfully finished Verilog frontend.

52. Executing Verilog-2005 frontend: library/common/up_axi.v
Parsing Verilog input from `library/common/up_axi.v' to AST representation.
Generating RTLIL representation for module `\up_axi'.
Successfully finished Verilog frontend.

53. Executing Verilog-2005 frontend: library/common/up_clkgen.v
Parsing Verilog input from `library/common/up_clkgen.v' to AST representation.
Generating RTLIL representation for module `\up_clkgen'.
Successfully finished Verilog frontend.

54. Executing Verilog-2005 frontend: library/common/up_clock_mon.v
Parsing Verilog input from `library/common/up_clock_mon.v' to AST representation.
Generating RTLIL representation for module `\up_clock_mon'.
Successfully finished Verilog frontend.

55. Executing Verilog-2005 frontend: library/common/up_dac_channel.v
Parsing Verilog input from `library/common/up_dac_channel.v' to AST representation.
Generating RTLIL representation for module `\up_dac_channel'.
Successfully finished Verilog frontend.

56. Executing Verilog-2005 frontend: library/common/up_dac_common.v
Parsing Verilog input from `library/common/up_dac_common.v' to AST representation.
Generating RTLIL representation for module `\up_dac_common'.
Successfully finished Verilog frontend.

57. Executing Verilog-2005 frontend: library/common/up_delay_cntrl.v
Parsing Verilog input from `library/common/up_delay_cntrl.v' to AST representation.
Generating RTLIL representation for module `\up_delay_cntrl'.
Successfully finished Verilog frontend.

58. Executing Verilog-2005 frontend: library/common/up_hdmi_rx.v
Parsing Verilog input from `library/common/up_hdmi_rx.v' to AST representation.
Generating RTLIL representation for module `\up_hdmi_rx'.
library/common/up_hdmi_rx.v:164: Warning: Identifier `\up_tpm_oos_s' is implicitly declared.
Successfully finished Verilog frontend.

59. Executing Verilog-2005 frontend: library/common/up_hdmi_tx.v
Parsing Verilog input from `library/common/up_hdmi_tx.v' to AST representation.
Generating RTLIL representation for module `\up_hdmi_tx'.
Successfully finished Verilog frontend.

60. Executing Verilog-2005 frontend: library/common/up_pmod.v
Parsing Verilog input from `library/common/up_pmod.v' to AST representation.
Generating RTLIL representation for module `\up_pmod'.
library/common/up_pmod.v:77: Warning: Identifier `\up_preset_s' is implicitly declared.
Successfully finished Verilog frontend.

61. Executing Verilog-2005 frontend: library/common/up_tdd_cntrl.v
Parsing Verilog input from `library/common/up_tdd_cntrl.v' to AST representation.
Generating RTLIL representation for module `\up_tdd_cntrl'.
Successfully finished Verilog frontend.

62. Executing Verilog-2005 frontend: library/common/up_xfer_cntrl.v
Parsing Verilog input from `library/common/up_xfer_cntrl.v' to AST representation.
Generating RTLIL representation for module `\up_xfer_cntrl'.
Successfully finished Verilog frontend.

63. Executing Verilog-2005 frontend: library/common/up_xfer_status.v
Parsing Verilog input from `library/common/up_xfer_status.v' to AST representation.
Generating RTLIL representation for module `\up_xfer_status'.
Successfully finished Verilog frontend.

64. Executing Verilog-2005 frontend: library/common/util_axis_upscale.v
Parsing Verilog input from `library/common/util_axis_upscale.v' to AST representation.
Generating RTLIL representation for module `\util_axis_upscale'.
Successfully finished Verilog frontend.

65. Executing Verilog-2005 frontend: library/common/util_dec256sinc24b.v
Parsing Verilog input from `library/common/util_dec256sinc24b.v' to AST representation.
Generating RTLIL representation for module `\util_dec256sinc24b'.
Note: Assuming pure combinatorial block at library/common/util_dec256sinc24b.v:63.3-70.6 in
compliance with IEC 62142(E):2005 / IEEE Std. 1364.1(E):2002. Recommending
use of @* instead of @(...) for better match of synthesis and simulation.
Successfully finished Verilog frontend.

66. Executing Verilog-2005 frontend: library/common/util_delay.v
Parsing Verilog input from `library/common/util_delay.v' to AST representation.
Generating RTLIL representation for module `\util_delay'.
Warning: Replacing memory \dbuf with list of registers. See library/common/util_delay.v:54
Successfully finished Verilog frontend.

67. Executing Verilog-2005 frontend: library/common/util_ext_sync.v
Parsing Verilog input from `library/common/util_ext_sync.v' to AST representation.
Generating RTLIL representation for module `\util_ext_sync'.
Successfully finished Verilog frontend.

68. Executing Verilog-2005 frontend: library/common/util_pipeline_stage.v
Parsing Verilog input from `library/common/util_pipeline_stage.v' to AST representation.
Generating RTLIL representation for module `\util_pipeline_stage'.
Successfully finished Verilog frontend.

69. Executing Verilog-2005 frontend: library/common/util_pulse_gen.v
Parsing Verilog input from `library/common/util_pulse_gen.v' to AST representation.
Generating RTLIL representation for module `\util_pulse_gen'.
Successfully finished Verilog frontend.

70. Executing Verilog-2005 frontend: library/xilinx/common/ad_data_clk.v
Parsing Verilog input from `library/xilinx/common/ad_data_clk.v' to AST representation.
Generating RTLIL representation for module `\ad_data_clk'.
Successfully finished Verilog frontend.

71. Executing Verilog-2005 frontend: library/xilinx/common/ad_data_in.v
Parsing Verilog input from `library/xilinx/common/ad_data_in.v' to AST representation.
Generating RTLIL representation for module `\ad_data_in'.
Successfully finished Verilog frontend.

72. Executing Verilog-2005 frontend: library/xilinx/common/ad_data_out.v
Parsing Verilog input from `library/xilinx/common/ad_data_out.v' to AST representation.
Generating RTLIL representation for module `\ad_data_out'.
Successfully finished Verilog frontend.

73. Executing Verilog-2005 frontend: library/xilinx/common/ad_dcfilter.v
Parsing Verilog input from `library/xilinx/common/ad_dcfilter.v' to AST representation.
Generating RTLIL representation for module `\ad_dcfilter'.
Successfully finished Verilog frontend.

74. Executing Verilog-2005 frontend: library/xilinx/common/ad_mmcm_drp.v
Parsing Verilog input from `library/xilinx/common/ad_mmcm_drp.v' to AST representation.
Generating RTLIL representation for module `\ad_mmcm_drp'.
Successfully finished Verilog frontend.

75. Executing Verilog-2005 frontend: library/xilinx/common/ad_mul.v
Parsing Verilog input from `library/xilinx/common/ad_mul.v' to AST representation.
Generating RTLIL representation for module `\ad_mul_ORIG'.
Successfully finished Verilog frontend.

76. Executing Verilog-2005 frontend: library/xilinx/common/ad_mul_open.v
Parsing Verilog input from `library/xilinx/common/ad_mul_open.v' to AST representation.
Generating RTLIL representation for module `\ad_mul_open'.
Successfully finished Verilog frontend.

77. Executing Verilog-2005 frontend: library/xilinx/common/ad_mul_shim.v
Parsing Verilog input from `library/xilinx/common/ad_mul_shim.v' to AST representation.
Generating RTLIL representation for module `\ad_mul'.
Successfully finished Verilog frontend.

78. Executing Verilog-2005 frontend: library/xilinx/common/ad_serdes_clk.v
Parsing Verilog input from `library/xilinx/common/ad_serdes_clk.v' to AST representation.
Generating RTLIL representation for module `\ad_serdes_clk'.
library/xilinx/common/ad_serdes_clk.v:116: Warning: Replacing floating point parameter genblk2.i_mmcm_drp.MMCM_CLKIN_PERIOD = 1.667000 with string.
library/xilinx/common/ad_serdes_clk.v:116: Warning: Replacing floating point parameter genblk2.i_mmcm_drp.MMCM_CLKIN2_PERIOD = 1.667000 with string.
library/xilinx/common/ad_serdes_clk.v:116: Warning: Replacing floating point parameter genblk2.i_mmcm_drp.MMCM_VCO_MUL = 12.000000 with string.
library/xilinx/common/ad_serdes_clk.v:116: Warning: Replacing floating point parameter genblk2.i_mmcm_drp.MMCM_CLK0_DIV = 2.000000 with string.
library/xilinx/common/ad_serdes_clk.v:116: Warning: Replacing floating point parameter genblk2.i_mmcm_drp.MMCM_CLK0_PHASE = 0.000000 with string.
library/xilinx/common/ad_serdes_clk.v:116: Warning: Replacing floating point parameter genblk2.i_mmcm_drp.MMCM_CLK1_PHASE = 0.000000 with string.
library/xilinx/common/ad_serdes_clk.v:116: Warning: Replacing floating point parameter genblk2.i_mmcm_drp.MMCM_CLK2_DIV = 2.000000 with string.
library/xilinx/common/ad_serdes_clk.v:116: Warning: Replacing floating point parameter genblk2.i_mmcm_drp.MMCM_CLK2_PHASE = 90.000000 with string.
Successfully finished Verilog frontend.

79. Executing Verilog-2005 frontend: library/xilinx/common/ad_serdes_in.v
Parsing Verilog input from `library/xilinx/common/ad_serdes_in.v' to AST representation.
Generating RTLIL representation for module `\ad_serdes_in'.
Successfully finished Verilog frontend.

80. Executing Verilog-2005 frontend: library/xilinx/common/ad_serdes_out.v
Parsing Verilog input from `library/xilinx/common/ad_serdes_out.v' to AST representation.
Generating RTLIL representation for module `\ad_serdes_out'.
Successfully finished Verilog frontend.

81. Executing HIERARCHY pass (managing design hierarchy).

81.1. Analyzing design hierarchy..
Top module:  \axi_ad9361
Used module:     \axi_ad9361_tdd
Used module:         \ad_tdd_control
Used module:             \ad_addsub
Used module:         \up_tdd_cntrl
Used module:             \up_xfer_status
Used module:             \up_xfer_cntrl
Used module:     \axi_ad9361_tdd_if
Used module:     \axi_ad9361_lvds_if
Used module:         \ad_data_clk
Used module:         \ad_data_out
Used module:         \ad_data_in
Used module:     \up_axi
Used module:     \axi_ad9361_tx
Used module:         \up_delay_cntrl
Used module:             \ad_rst
Used module:         \up_dac_common
Used module:             \up_clock_mon
Used module:         \axi_ad9361_tx_channel
Used module:             \up_dac_channel
Used module:             \ad_dds
Used module:                 \ad_dds_2
Used module:                     \ad_dds_1
Used module:                         \ad_dds_sine_cordic
Used module:                             \ad_dds_cordic_pipe
Used module:                         \ad_mul
Used module:                             \ad_mul_open
Used module:             \ad_iqcor
Used module:     \axi_ad9361_rx
Used module:         \up_adc_common
Used module:         \axi_ad9361_rx_channel
Used module:             \up_adc_channel
Used module:             \ad_dcfilter
Used module:             \ad_datafmt
Used module:             \axi_ad9361_rx_pnmon
Used module:                 \ad_pnmon
Parameter \LEVEL_OR_PULSE_N = 1

81.2. Executing AST frontend in derive mode using pre-parsed AST for module `\axi_ad9361_tdd_if'.
Parameter \LEVEL_OR_PULSE_N = 1
Generating RTLIL representation for module `$paramod\axi_ad9361_tdd_if\LEVEL_OR_PULSE_N=s32'00000000000000000000000000000001'.
Parameter \FPGA_TECHNOLOGY = 0
Parameter \DAC_IODELAY_ENABLE = 0
Parameter \IO_DELAY_GROUP = 144'011001000110010101110110010111110110100101100110010111110110010001100101011011000110000101111001010111110110011101110010011011110111010101110000
Parameter \IODELAY_CTRL = 1
Parameter \CLK_DESKEW = 0
Parameter \USE_SSI_CLK = 1
Parameter \DELAY_REFCLK_FREQUENCY = 200
Parameter \RX_NODPA = 0

81.3. Executing AST frontend in derive mode using pre-parsed AST for module `\axi_ad9361_lvds_if'.
Parameter \FPGA_TECHNOLOGY = 0
Parameter \DAC_IODELAY_ENABLE = 0
Parameter \IO_DELAY_GROUP = 144'011001000110010101110110010111110110100101100110010111110110010001100101011011000110000101111001010111110110011101110010011011110111010101110000
Parameter \IODELAY_CTRL = 1
Parameter \CLK_DESKEW = 0
Parameter \USE_SSI_CLK = 1
Parameter \DELAY_REFCLK_FREQUENCY = 200
Parameter \RX_NODPA = 0
Generating RTLIL representation for module `$paramod$2828e6fa2c2c849584c016c07253c1d01eb88766\axi_ad9361_lvds_if'.
Parameter \ID = 0
Parameter \FPGA_TECHNOLOGY = 0
Parameter \FPGA_FAMILY = 0
Parameter \SPEED_GRADE = 0
Parameter \DEV_PACKAGE = 0
Parameter \MODE_1R1T = 0
Parameter \CLK_EDGE_SEL = 0
Parameter \CMOS_OR_LVDS_N = 0
Parameter \PPS_RECEIVER_ENABLE = 0
Parameter \INIT_DELAY = 0
Parameter \DAC_DDS_DISABLE = 0
Parameter \DAC_DDS_TYPE = 1
Parameter \DAC_DDS_PHASE_DW = 16
Parameter \DAC_DDS_CORDIC_DW = 14
Parameter \DAC_DDS_CORDIC_PHASE_DW = 13
Parameter \USERPORTS_DISABLE = 0
Parameter \DELAYCNTRL_DISABLE = 1
Parameter \IQCORRECTION_DISABLE = 0

81.4. Executing AST frontend in derive mode using pre-parsed AST for module `\axi_ad9361_tx'.
Parameter \ID = 0
Parameter \FPGA_TECHNOLOGY = 0
Parameter \FPGA_FAMILY = 0
Parameter \SPEED_GRADE = 0
Parameter \DEV_PACKAGE = 0
Parameter \MODE_1R1T = 0
Parameter \CLK_EDGE_SEL = 0
Parameter \CMOS_OR_LVDS_N = 0
Parameter \PPS_RECEIVER_ENABLE = 0
Parameter \INIT_DELAY = 0
Parameter \DAC_DDS_DISABLE = 0
Parameter \DAC_DDS_TYPE = 1
Parameter \DAC_DDS_PHASE_DW = 16
Parameter \DAC_DDS_CORDIC_DW = 14
Parameter \DAC_DDS_CORDIC_PHASE_DW = 13
Parameter \USERPORTS_DISABLE = 0
Parameter \DELAYCNTRL_DISABLE = 1
Parameter \IQCORRECTION_DISABLE = 0
Generating RTLIL representation for module `$paramod$5d70a5b32d31a338e01e61233e3f577e4629066f\axi_ad9361_tx'.
library/axi_ad9361/axi_ad9361_tx.v:167: Warning: Identifier `\dac_sync' is implicitly declared.
Parameter \ID = 0
Parameter \FPGA_TECHNOLOGY = 0
Parameter \FPGA_FAMILY = 0
Parameter \SPEED_GRADE = 0
Parameter \DEV_PACKAGE = 0
Parameter \MODE_1R1T = 0
Parameter \CMOS_OR_LVDS_N = 0
Parameter \PPS_RECEIVER_ENABLE = 0
Parameter \INIT_DELAY = 0
Parameter \USERPORTS_DISABLE = 0
Parameter \DATAFORMAT_DISABLE = 0
Parameter \DCFILTER_DISABLE = 0
Parameter \IQCORRECTION_DISABLE = 0

81.5. Executing AST frontend in derive mode using pre-parsed AST for module `\axi_ad9361_rx'.
Parameter \ID = 0
Parameter \FPGA_TECHNOLOGY = 0
Parameter \FPGA_FAMILY = 0
Parameter \SPEED_GRADE = 0
Parameter \DEV_PACKAGE = 0
Parameter \MODE_1R1T = 0
Parameter \CMOS_OR_LVDS_N = 0
Parameter \PPS_RECEIVER_ENABLE = 0
Parameter \INIT_DELAY = 0
Parameter \USERPORTS_DISABLE = 0
Parameter \DATAFORMAT_DISABLE = 0
Parameter \DCFILTER_DISABLE = 0
Parameter \IQCORRECTION_DISABLE = 0
Generating RTLIL representation for module `$paramod$70571672d3c68afe2654ab18134157cff15951bb\axi_ad9361_rx'.
Parameter \INIT_DELAY = 0
Parameter \DATA_WIDTH = 13
Parameter \BASE_ADDRESS = 6'000010
Parameter \CUSTOM_RST = 1

81.6. Executing AST frontend in derive mode using pre-parsed AST for module `\up_delay_cntrl'.
Parameter \INIT_DELAY = 0
Parameter \DATA_WIDTH = 13
Parameter \BASE_ADDRESS = 6'000010
Parameter \CUSTOM_RST = 1
Generating RTLIL representation for module `$paramod$808ffbb8e239195d81ff0b7e0fbc3f3bd1be5b72\up_delay_cntrl'.
Parameter \ID = 0
Parameter \FPGA_TECHNOLOGY = 0
Parameter \FPGA_FAMILY = 0
Parameter \SPEED_GRADE = 0
Parameter \DEV_PACKAGE = 0
Parameter \CONFIG = 0
Parameter \DRP_DISABLE = 1
Parameter \USERPORTS_DISABLE = 0
Parameter \GPIO_DISABLE = 0
Parameter \START_CODE_DISABLE = 0

81.7. Executing AST frontend in derive mode using pre-parsed AST for module `\up_adc_common'.
Parameter \ID = 0
Parameter \FPGA_TECHNOLOGY = 0
Parameter \FPGA_FAMILY = 0
Parameter \SPEED_GRADE = 0
Parameter \DEV_PACKAGE = 0
Parameter \CONFIG = 0
Parameter \DRP_DISABLE = 1
Parameter \USERPORTS_DISABLE = 0
Parameter \GPIO_DISABLE = 0
Parameter \START_CODE_DISABLE = 0
Generating RTLIL representation for module `$paramod$fb6a0404fbc12fe931811ed63b11595579d38020\up_adc_common'.
Parameter \Q_OR_I_N = 1
Parameter \CHANNEL_ID = 3
Parameter \DISABLE = 0
Parameter \USERPORTS_DISABLE = 0
Parameter \DATAFORMAT_DISABLE = 0
Parameter \DCFILTER_DISABLE = 0
Parameter \IQCORRECTION_DISABLE = 0

81.8. Executing AST frontend in derive mode using pre-parsed AST for module `\axi_ad9361_rx_channel'.
Parameter \Q_OR_I_N = 1
Parameter \CHANNEL_ID = 3
Parameter \DISABLE = 0
Parameter \USERPORTS_DISABLE = 0
Parameter \DATAFORMAT_DISABLE = 0
Parameter \DCFILTER_DISABLE = 0
Parameter \IQCORRECTION_DISABLE = 0
Generating RTLIL representation for module `$paramod$2bf098fb2a0cd3e466e22c156fdcb17a0d064d4c\axi_ad9361_rx_channel'.
Parameter \Q_OR_I_N = 0
Parameter \CHANNEL_ID = 2
Parameter \DISABLE = 0
Parameter \USERPORTS_DISABLE = 0
Parameter \DATAFORMAT_DISABLE = 0
Parameter \DCFILTER_DISABLE = 0
Parameter \IQCORRECTION_DISABLE = 0

81.9. Executing AST frontend in derive mode using pre-parsed AST for module `\axi_ad9361_rx_channel'.
Parameter \Q_OR_I_N = 0
Parameter \CHANNEL_ID = 2
Parameter \DISABLE = 0
Parameter \USERPORTS_DISABLE = 0
Parameter \DATAFORMAT_DISABLE = 0
Parameter \DCFILTER_DISABLE = 0
Parameter \IQCORRECTION_DISABLE = 0
Generating RTLIL representation for module `$paramod$7cfa42d7e3c96789b560d3b566db4bc10b761cc0\axi_ad9361_rx_channel'.
Parameter \Q_OR_I_N = 1
Parameter \CHANNEL_ID = 1
Parameter \DISABLE = 0
Parameter \USERPORTS_DISABLE = 0
Parameter \DATAFORMAT_DISABLE = 0
Parameter \DCFILTER_DISABLE = 0
Parameter \IQCORRECTION_DISABLE = 0

81.10. Executing AST frontend in derive mode using pre-parsed AST for module `\axi_ad9361_rx_channel'.
Parameter \Q_OR_I_N = 1
Parameter \CHANNEL_ID = 1
Parameter \DISABLE = 0
Parameter \USERPORTS_DISABLE = 0
Parameter \DATAFORMAT_DISABLE = 0
Parameter \DCFILTER_DISABLE = 0
Parameter \IQCORRECTION_DISABLE = 0
Generating RTLIL representation for module `$paramod$2ff6e2dcbc3ae32f49ad6e68fc72af49994b408a\axi_ad9361_rx_channel'.
Parameter \Q_OR_I_N = 0
Parameter \CHANNEL_ID = 0
Parameter \DISABLE = 0
Parameter \USERPORTS_DISABLE = 0
Parameter \DATAFORMAT_DISABLE = 0
Parameter \DCFILTER_DISABLE = 0
Parameter \IQCORRECTION_DISABLE = 0

81.11. Executing AST frontend in derive mode using pre-parsed AST for module `\axi_ad9361_rx_channel'.
Parameter \Q_OR_I_N = 0
Parameter \CHANNEL_ID = 0
Parameter \DISABLE = 0
Parameter \USERPORTS_DISABLE = 0
Parameter \DATAFORMAT_DISABLE = 0
Parameter \DCFILTER_DISABLE = 0
Parameter \IQCORRECTION_DISABLE = 0
Generating RTLIL representation for module `$paramod$b0f9cd840ebf625ce1cf48e7083633a06f859b31\axi_ad9361_rx_channel'.
Reprocessing module axi_ad9361_rx because instantiated module up_delay_cntrl has become available.
Generating RTLIL representation for module `\axi_ad9361_rx'.
Parameter \DISABLE = 0
Parameter \INIT_DELAY = 0
Parameter \DATA_WIDTH = 16
Parameter \BASE_ADDRESS = 6'010010

81.12. Executing AST frontend in derive mode using pre-parsed AST for module `\up_delay_cntrl'.
Parameter \DISABLE = 0
Parameter \INIT_DELAY = 0
Parameter \DATA_WIDTH = 16
Parameter \BASE_ADDRESS = 6'010010
Generating RTLIL representation for module `$paramod$5f31f13471339a1f4bc06657353fb62a37a4452d\up_delay_cntrl'.
Parameter \ID = 0
Parameter \FPGA_TECHNOLOGY = 0
Parameter \FPGA_FAMILY = 0
Parameter \SPEED_GRADE = 0
Parameter \DEV_PACKAGE = 0
Parameter \CONFIG = 0
Parameter \CLK_EDGE_SEL = 0
Parameter \DRP_DISABLE = 1
Parameter \USERPORTS_DISABLE = 0
Parameter \GPIO_DISABLE = 0

81.13. Executing AST frontend in derive mode using pre-parsed AST for module `\up_dac_common'.
Parameter \ID = 0
Parameter \FPGA_TECHNOLOGY = 0
Parameter \FPGA_FAMILY = 0
Parameter \SPEED_GRADE = 0
Parameter \DEV_PACKAGE = 0
Parameter \CONFIG = 0
Parameter \CLK_EDGE_SEL = 0
Parameter \DRP_DISABLE = 1
Parameter \USERPORTS_DISABLE = 0
Parameter \GPIO_DISABLE = 0
Generating RTLIL representation for module `$paramod$8839f903ed97afd27cd533f27e79fdaf6d5e1ec2\up_dac_common'.
Parameter \Q_OR_I_N = 1
Parameter \CHANNEL_ID = 3
Parameter \DISABLE = 0
Parameter \DAC_DDS_DISABLE = 0
Parameter \DAC_DDS_TYPE = 1
Parameter \DAC_DDS_PHASE_DW = 16
Parameter \DAC_DDS_CORDIC_DW = 14
Parameter \DAC_DDS_CORDIC_PHASE_DW = 13
Parameter \USERPORTS_DISABLE = 0
Parameter \IQCORRECTION_DISABLE = 0

81.14. Executing AST frontend in derive mode using pre-parsed AST for module `\axi_ad9361_tx_channel'.
Parameter \Q_OR_I_N = 1
Parameter \CHANNEL_ID = 3
Parameter \DISABLE = 0
Parameter \DAC_DDS_DISABLE = 0
Parameter \DAC_DDS_TYPE = 1
Parameter \DAC_DDS_PHASE_DW = 16
Parameter \DAC_DDS_CORDIC_DW = 14
Parameter \DAC_DDS_CORDIC_PHASE_DW = 13
Parameter \USERPORTS_DISABLE = 0
Parameter \IQCORRECTION_DISABLE = 0
Generating RTLIL representation for module `$paramod$f6ea464bb1fce90b40d536f2882157f5b72f51cd\axi_ad9361_tx_channel'.
Parameter \Q_OR_I_N = 0
Parameter \CHANNEL_ID = 2
Parameter \DISABLE = 0
Parameter \DAC_DDS_DISABLE = 0
Parameter \DAC_DDS_TYPE = 1
Parameter \DAC_DDS_PHASE_DW = 16
Parameter \DAC_DDS_CORDIC_DW = 14
Parameter \DAC_DDS_CORDIC_PHASE_DW = 13
Parameter \USERPORTS_DISABLE = 0
Parameter \IQCORRECTION_DISABLE = 0

81.15. Executing AST frontend in derive mode using pre-parsed AST for module `\axi_ad9361_tx_channel'.
Parameter \Q_OR_I_N = 0
Parameter \CHANNEL_ID = 2
Parameter \DISABLE = 0
Parameter \DAC_DDS_DISABLE = 0
Parameter \DAC_DDS_TYPE = 1
Parameter \DAC_DDS_PHASE_DW = 16
Parameter \DAC_DDS_CORDIC_DW = 14
Parameter \DAC_DDS_CORDIC_PHASE_DW = 13
Parameter \USERPORTS_DISABLE = 0
Parameter \IQCORRECTION_DISABLE = 0
Generating RTLIL representation for module `$paramod$b8407c642569fa76820e71254b3ce7f2cb70e5bd\axi_ad9361_tx_channel'.
Parameter \Q_OR_I_N = 1
Parameter \CHANNEL_ID = 1
Parameter \DISABLE = 0
Parameter \DAC_DDS_DISABLE = 0
Parameter \DAC_DDS_TYPE = 1
Parameter \DAC_DDS_PHASE_DW = 16
Parameter \DAC_DDS_CORDIC_DW = 14
Parameter \DAC_DDS_CORDIC_PHASE_DW = 13
Parameter \USERPORTS_DISABLE = 0
Parameter \IQCORRECTION_DISABLE = 0

81.16. Executing AST frontend in derive mode using pre-parsed AST for module `\axi_ad9361_tx_channel'.
Parameter \Q_OR_I_N = 1
Parameter \CHANNEL_ID = 1
Parameter \DISABLE = 0
Parameter \DAC_DDS_DISABLE = 0
Parameter \DAC_DDS_TYPE = 1
Parameter \DAC_DDS_PHASE_DW = 16
Parameter \DAC_DDS_CORDIC_DW = 14
Parameter \DAC_DDS_CORDIC_PHASE_DW = 13
Parameter \USERPORTS_DISABLE = 0
Parameter \IQCORRECTION_DISABLE = 0
Generating RTLIL representation for module `$paramod$f04ad40bdf8aa464691dadd35b854d225672423c\axi_ad9361_tx_channel'.
Parameter \Q_OR_I_N = 0
Parameter \CHANNEL_ID = 0
Parameter \DISABLE = 0
Parameter \DAC_DDS_DISABLE = 0
Parameter \DAC_DDS_TYPE = 1
Parameter \DAC_DDS_PHASE_DW = 16
Parameter \DAC_DDS_CORDIC_DW = 14
Parameter \DAC_DDS_CORDIC_PHASE_DW = 13
Parameter \USERPORTS_DISABLE = 0
Parameter \IQCORRECTION_DISABLE = 0

81.17. Executing AST frontend in derive mode using pre-parsed AST for module `\axi_ad9361_tx_channel'.
Parameter \Q_OR_I_N = 0
Parameter \CHANNEL_ID = 0
Parameter \DISABLE = 0
Parameter \DAC_DDS_DISABLE = 0
Parameter \DAC_DDS_TYPE = 1
Parameter \DAC_DDS_PHASE_DW = 16
Parameter \DAC_DDS_CORDIC_DW = 14
Parameter \DAC_DDS_CORDIC_PHASE_DW = 13
Parameter \USERPORTS_DISABLE = 0
Parameter \IQCORRECTION_DISABLE = 0
Generating RTLIL representation for module `$paramod$f18d4f07d8553268eed08c1891b68e073f6c5d4b\axi_ad9361_tx_channel'.
Reprocessing module axi_ad9361_tx because instantiated module up_delay_cntrl has become available.
Generating RTLIL representation for module `\axi_ad9361_tx'.
library/axi_ad9361/axi_ad9361_tx.v:167: Warning: Identifier `\dac_sync' is implicitly declared.
Parameter \FPGA_TECHNOLOGY = 0
Parameter \IODELAY_ENABLE = 0
Parameter \IODELAY_CTRL = 0
Parameter \IODELAY_GROUP = 144'011001000110010101110110010111110110100101100110010111110110010001100101011011000110000101111001010111110110011101110010011011110111010101110000
Parameter \REFCLK_FREQUENCY = 200

81.18. Executing AST frontend in derive mode using pre-parsed AST for module `\ad_data_out'.
Parameter \FPGA_TECHNOLOGY = 0
Parameter \IODELAY_ENABLE = 0
Parameter \IODELAY_CTRL = 0
Parameter \IODELAY_GROUP = 144'011001000110010101110110010111110110100101100110010111110110010001100101011011000110000101111001010111110110011101110010011011110111010101110000
Parameter \REFCLK_FREQUENCY = 200
Generating RTLIL representation for module `$paramod$728b24706c860792f9f94356aaefd85f2720cc90\ad_data_out'.
Parameter \FPGA_TECHNOLOGY = 0
Parameter \IODELAY_ENABLE = 0
Parameter \IODELAY_CTRL = 0
Parameter \IODELAY_GROUP = 144'011001000110010101110110010111110110100101100110010111110110010001100101011011000110000101111001010111110110011101110010011011110111010101110000
Parameter \REFCLK_FREQUENCY = 200
Found cached RTLIL representation for module `$paramod$728b24706c860792f9f94356aaefd85f2720cc90\ad_data_out'.
Parameter \FPGA_TECHNOLOGY = 0
Parameter \IODELAY_ENABLE = 0
Parameter \IODELAY_CTRL = 0
Parameter \IODELAY_GROUP = 144'011001000110010101110110010111110110100101100110010111110110010001100101011011000110000101111001010111110110011101110010011011110111010101110000
Parameter \REFCLK_FREQUENCY = 200
Found cached RTLIL representation for module `$paramod$728b24706c860792f9f94356aaefd85f2720cc90\ad_data_out'.
Parameter \FPGA_TECHNOLOGY = 0
Parameter \IODELAY_ENABLE = 0
Parameter \IODELAY_CTRL = 0
Parameter \IODELAY_GROUP = 144'011001000110010101110110010111110110100101100110010111110110010001100101011011000110000101111001010111110110011101110010011011110111010101110000
Parameter \REFCLK_FREQUENCY = 200
Found cached RTLIL representation for module `$paramod$728b24706c860792f9f94356aaefd85f2720cc90\ad_data_out'.
Parameter \FPGA_TECHNOLOGY = 0
Parameter \IODELAY_ENABLE = 0
Parameter \IODELAY_CTRL = 0
Parameter \IODELAY_GROUP = 144'011001000110010101110110010111110110100101100110010111110110010001100101011011000110000101111001010111110110011101110010011011110111010101110000
Parameter \REFCLK_FREQUENCY = 200
Found cached RTLIL representation for module `$paramod$728b24706c860792f9f94356aaefd85f2720cc90\ad_data_out'.
Parameter \FPGA_TECHNOLOGY = 0
Parameter \IODELAY_ENABLE = 0
Parameter \IODELAY_CTRL = 0
Parameter \IODELAY_GROUP = 144'011001000110010101110110010111110110100101100110010111110110010001100101011011000110000101111001010111110110011101110010011011110111010101110000
Parameter \REFCLK_FREQUENCY = 200
Found cached RTLIL representation for module `$paramod$728b24706c860792f9f94356aaefd85f2720cc90\ad_data_out'.
Parameter \FPGA_TECHNOLOGY = 0
Parameter \IODELAY_CTRL = 0
Parameter \IODELAY_GROUP = 144'011001000110010101110110010111110110100101100110010111110110010001100101011011000110000101111001010111110110011101110010011011110111010101110000
Parameter \REFCLK_FREQUENCY = 200

81.19. Executing AST frontend in derive mode using pre-parsed AST for module `\ad_data_in'.
Parameter \FPGA_TECHNOLOGY = 0
Parameter \IODELAY_CTRL = 0
Parameter \IODELAY_GROUP = 144'011001000110010101110110010111110110100101100110010111110110010001100101011011000110000101111001010111110110011101110010011011110111010101110000
Parameter \REFCLK_FREQUENCY = 200
Generating RTLIL representation for module `$paramod$ade101aacbcb73fc1c939f323e847488dbe340d8\ad_data_in'.
Parameter \FPGA_TECHNOLOGY = 0
Parameter \IODELAY_CTRL = 0
Parameter \IODELAY_GROUP = 144'011001000110010101110110010111110110100101100110010111110110010001100101011011000110000101111001010111110110011101110010011011110111010101110000
Parameter \REFCLK_FREQUENCY = 200
Found cached RTLIL representation for module `$paramod$ade101aacbcb73fc1c939f323e847488dbe340d8\ad_data_in'.
Parameter \FPGA_TECHNOLOGY = 0
Parameter \IODELAY_CTRL = 0
Parameter \IODELAY_GROUP = 144'011001000110010101110110010111110110100101100110010111110110010001100101011011000110000101111001010111110110011101110010011011110111010101110000
Parameter \REFCLK_FREQUENCY = 200
Found cached RTLIL representation for module `$paramod$ade101aacbcb73fc1c939f323e847488dbe340d8\ad_data_in'.
Parameter \FPGA_TECHNOLOGY = 0
Parameter \IODELAY_CTRL = 0
Parameter \IODELAY_GROUP = 144'011001000110010101110110010111110110100101100110010111110110010001100101011011000110000101111001010111110110011101110010011011110111010101110000
Parameter \REFCLK_FREQUENCY = 200
Found cached RTLIL representation for module `$paramod$ade101aacbcb73fc1c939f323e847488dbe340d8\ad_data_in'.
Parameter \FPGA_TECHNOLOGY = 0
Parameter \IODELAY_CTRL = 0
Parameter \IODELAY_GROUP = 144'011001000110010101110110010111110110100101100110010111110110010001100101011011000110000101111001010111110110011101110010011011110111010101110000
Parameter \REFCLK_FREQUENCY = 200
Found cached RTLIL representation for module `$paramod$ade101aacbcb73fc1c939f323e847488dbe340d8\ad_data_in'.
Parameter \FPGA_TECHNOLOGY = 0
Parameter \IODELAY_CTRL = 0
Parameter \IODELAY_GROUP = 144'011001000110010101110110010111110110100101100110010111110110010001100101011011000110000101111001010111110110011101110010011011110111010101110000
Parameter \REFCLK_FREQUENCY = 200
Found cached RTLIL representation for module `$paramod$ade101aacbcb73fc1c939f323e847488dbe340d8\ad_data_in'.
Parameter \FPGA_TECHNOLOGY = 0
Parameter \SINGLE_ENDED = 1
Parameter \IODELAY_ENABLE = 0
Parameter \IODELAY_CTRL = 0
Parameter \IODELAY_GROUP = 144'011001000110010101110110010111110110100101100110010111110110010001100101011011000110000101111001010111110110011101110010011011110111010101110000
Parameter \REFCLK_FREQUENCY = 200

81.20. Executing AST frontend in derive mode using pre-parsed AST for module `\ad_data_out'.
Parameter \FPGA_TECHNOLOGY = 0
Parameter \SINGLE_ENDED = 1
Parameter \IODELAY_ENABLE = 0
Parameter \IODELAY_CTRL = 0
Parameter \IODELAY_GROUP = 144'011001000110010101110110010111110110100101100110010111110110010001100101011011000110000101111001010111110110011101110010011011110111010101110000
Parameter \REFCLK_FREQUENCY = 200
Generating RTLIL representation for module `$paramod$e249e690c434685c21db867b58e14e4de13e5506\ad_data_out'.
Parameter \FPGA_TECHNOLOGY = 0
Parameter \SINGLE_ENDED = 1
Parameter \IODELAY_ENABLE = 0
Parameter \IODELAY_CTRL = 0
Parameter \IODELAY_GROUP = 144'011001000110010101110110010111110110100101100110010111110110010001100101011011000110000101111001010111110110011101110010011011110111010101110000
Parameter \REFCLK_FREQUENCY = 200
Found cached RTLIL representation for module `$paramod$e249e690c434685c21db867b58e14e4de13e5506\ad_data_out'.
Parameter \FPGA_TECHNOLOGY = 0
Parameter \IODELAY_ENABLE = 0
Parameter \IODELAY_CTRL = 0
Parameter \IODELAY_GROUP = 144'011001000110010101110110010111110110100101100110010111110110010001100101011011000110000101111001010111110110011101110010011011110111010101110000
Parameter \REFCLK_FREQUENCY = 200
Found cached RTLIL representation for module `$paramod$728b24706c860792f9f94356aaefd85f2720cc90\ad_data_out'.
Parameter \FPGA_TECHNOLOGY = 0
Parameter \IODELAY_ENABLE = 0
Parameter \IODELAY_CTRL = 0
Parameter \IODELAY_GROUP = 144'011001000110010101110110010111110110100101100110010111110110010001100101011011000110000101111001010111110110011101110010011011110111010101110000
Parameter \REFCLK_FREQUENCY = 200
Found cached RTLIL representation for module `$paramod$728b24706c860792f9f94356aaefd85f2720cc90\ad_data_out'.
Parameter \FPGA_TECHNOLOGY = 0
Parameter \IODELAY_CTRL = 1
Parameter \IODELAY_GROUP = 144'011001000110010101110110010111110110100101100110010111110110010001100101011011000110000101111001010111110110011101110010011011110111010101110000
Parameter \REFCLK_FREQUENCY = 200

81.21. Executing AST frontend in derive mode using pre-parsed AST for module `\ad_data_in'.
Parameter \FPGA_TECHNOLOGY = 0
Parameter \IODELAY_CTRL = 1
Parameter \IODELAY_GROUP = 144'011001000110010101110110010111110110100101100110010111110110010001100101011011000110000101111001010111110110011101110010011011110111010101110000
Parameter \REFCLK_FREQUENCY = 200
Generating RTLIL representation for module `$paramod$a9f54b726caf08e710b2a5a9bb259ec0d6f29569\ad_data_in'.
Parameter \CHANNEL_ID = 0
Parameter \USERPORTS_DISABLE = 0
Parameter \DATAFORMAT_DISABLE = 0
Parameter \DCFILTER_DISABLE = 0
Parameter \IQCORRECTION_DISABLE = 0

81.22. Executing AST frontend in derive mode using pre-parsed AST for module `\up_adc_channel'.
Parameter \CHANNEL_ID = 0
Parameter \USERPORTS_DISABLE = 0
Parameter \DATAFORMAT_DISABLE = 0
Parameter \DCFILTER_DISABLE = 0
Parameter \IQCORRECTION_DISABLE = 0
Generating RTLIL representation for module `$paramod$14da6df1ffa4dd878723ae3248ad2bc5f6833921\up_adc_channel'.
Parameter \Q_OR_I_N = 0
Parameter \DISABLE = 0

81.23. Executing AST frontend in derive mode using pre-parsed AST for module `\ad_iqcor'.
Parameter \Q_OR_I_N = 0
Parameter \DISABLE = 0
Generating RTLIL representation for module `$paramod$ecb8c849d1fece165b181ff695f184fcee3bfd2b\ad_iqcor'.
Parameter \DISABLE = 0

81.24. Executing AST frontend in derive mode using pre-parsed AST for module `\ad_dcfilter'.
Parameter \DISABLE = 0
Generating RTLIL representation for module `$paramod\ad_dcfilter\DISABLE=s32'00000000000000000000000000000000'.
Parameter \DATA_WIDTH = 12
Parameter \DISABLE = 0

81.25. Executing AST frontend in derive mode using pre-parsed AST for module `\ad_datafmt'.
Parameter \DATA_WIDTH = 12
Parameter \DISABLE = 0
Generating RTLIL representation for module `$paramod$e18066ee9732abcc60dcc8e048073733cad550f0\ad_datafmt'.
Parameter \Q_OR_I_N = 0
Parameter \PRBS_SEL = 0

81.26. Executing AST frontend in derive mode using pre-parsed AST for module `\axi_ad9361_rx_pnmon'.
Parameter \Q_OR_I_N = 0
Parameter \PRBS_SEL = 0
Generating RTLIL representation for module `$paramod$cf4ca76302ce6a67a0e28fc9fc904a3b0f8fdc13\axi_ad9361_rx_pnmon'.
Reprocessing module axi_ad9361_rx_channel because instantiated module up_adc_channel has become available.
Generating RTLIL representation for module `\axi_ad9361_rx_channel'.
Parameter \DATA_WIDTH = 36

81.27. Executing AST frontend in derive mode using pre-parsed AST for module `\up_xfer_status'.
Parameter \DATA_WIDTH = 36
Generating RTLIL representation for module `$paramod\up_xfer_status\DATA_WIDTH=s32'00000000000000000000000000100100'.
Parameter \DATA_WIDTH = 122

81.28. Executing AST frontend in derive mode using pre-parsed AST for module `\up_xfer_cntrl'.
Parameter \DATA_WIDTH = 122
Generating RTLIL representation for module `$paramod\up_xfer_cntrl\DATA_WIDTH=s32'00000000000000000000000001111010'.
Parameter \DATA_WIDTH = 44

81.29. Executing AST frontend in derive mode using pre-parsed AST for module `\up_xfer_status'.
Parameter \DATA_WIDTH = 44
Generating RTLIL representation for module `$paramod\up_xfer_status\DATA_WIDTH=s32'00000000000000000000000000101100'.
Parameter \DATA_WIDTH = 81

81.30. Executing AST frontend in derive mode using pre-parsed AST for module `\up_xfer_cntrl'.
Parameter \DATA_WIDTH = 81
Generating RTLIL representation for module `$paramod\up_xfer_cntrl\DATA_WIDTH=s32'00000000000000000000000001010001'.
Parameter \DATA_WIDTH = 24

81.31. Executing AST frontend in derive mode using pre-parsed AST for module `\ad_pnmon'.
Parameter \DATA_WIDTH = 24
Generating RTLIL representation for module `$paramod\ad_pnmon\DATA_WIDTH=s32'00000000000000000000000000011000'.
Parameter \DELAY_DATA_WIDTH = 16

81.32. Executing AST frontend in derive mode using pre-parsed AST for module `\ad_mul'.
Parameter \DELAY_DATA_WIDTH = 16
Generating RTLIL representation for module `$paramod\ad_mul\DELAY_DATA_WIDTH=s32'00000000000000000000000000010000'.
Parameter \DELAY_DATA_WIDTH = 17

81.33. Executing AST frontend in derive mode using pre-parsed AST for module `\ad_mul'.
Parameter \DELAY_DATA_WIDTH = 17
Generating RTLIL representation for module `$paramod\ad_mul\DELAY_DATA_WIDTH=s32'00000000000000000000000000010001'.
Parameter \DATA_WIDTH = 8

81.34. Executing AST frontend in derive mode using pre-parsed AST for module `\up_xfer_status'.
Parameter \DATA_WIDTH = 8
Generating RTLIL representation for module `$paramod\up_xfer_status\DATA_WIDTH=s32'00000000000000000000000000001000'.
Parameter \DATA_WIDTH = 144

81.35. Executing AST frontend in derive mode using pre-parsed AST for module `\up_xfer_cntrl'.
Parameter \DATA_WIDTH = 144
Generating RTLIL representation for module `$paramod\up_xfer_cntrl\DATA_WIDTH=s32'00000000000000000000000010010000'.
Parameter \DATA_WIDTH = 144
Found cached RTLIL representation for module `$paramod\up_xfer_cntrl\DATA_WIDTH=s32'00000000000000000000000010010000'.
Parameter \DATA_WIDTH = 144
Found cached RTLIL representation for module `$paramod\up_xfer_cntrl\DATA_WIDTH=s32'00000000000000000000000010010000'.
Parameter \DATA_WIDTH = 144
Found cached RTLIL representation for module `$paramod\up_xfer_cntrl\DATA_WIDTH=s32'00000000000000000000000010010000'.
Parameter \DATA_WIDTH = 63

81.36. Executing AST frontend in derive mode using pre-parsed AST for module `\up_xfer_cntrl'.
Parameter \DATA_WIDTH = 63
Generating RTLIL representation for module `$paramod\up_xfer_cntrl\DATA_WIDTH=s32'00000000000000000000000000111111'.
Parameter \A_DATA_WIDTH = 24
Parameter \B_DATA_VALUE = 0
Parameter \ADD_OR_SUB_N = 0

81.37. Executing AST frontend in derive mode using pre-parsed AST for module `\ad_addsub'.
Parameter \A_DATA_WIDTH = 24
Parameter \B_DATA_VALUE = 0
Parameter \ADD_OR_SUB_N = 0
Generating RTLIL representation for module `$paramod$672535e974e317b73c1012fddfa18786e8b6b3ea\ad_addsub'.
Parameter \A_DATA_WIDTH = 24
Parameter \B_DATA_VALUE = 0
Parameter \ADD_OR_SUB_N = 0
Found cached RTLIL representation for module `$paramod$672535e974e317b73c1012fddfa18786e8b6b3ea\ad_addsub'.
Parameter \A_DATA_WIDTH = 24
Parameter \B_DATA_VALUE = 0
Parameter \ADD_OR_SUB_N = 0
Found cached RTLIL representation for module `$paramod$672535e974e317b73c1012fddfa18786e8b6b3ea\ad_addsub'.
Parameter \A_DATA_WIDTH = 24
Parameter \B_DATA_VALUE = 0
Parameter \ADD_OR_SUB_N = 0
Found cached RTLIL representation for module `$paramod$672535e974e317b73c1012fddfa18786e8b6b3ea\ad_addsub'.
Parameter \A_DATA_WIDTH = 24
Parameter \B_DATA_VALUE = 0
Parameter \ADD_OR_SUB_N = 0
Found cached RTLIL representation for module `$paramod$672535e974e317b73c1012fddfa18786e8b6b3ea\ad_addsub'.
Parameter \A_DATA_WIDTH = 24
Parameter \B_DATA_VALUE = 0
Parameter \ADD_OR_SUB_N = 0
Found cached RTLIL representation for module `$paramod$672535e974e317b73c1012fddfa18786e8b6b3ea\ad_addsub'.
Parameter \A_DATA_WIDTH = 24
Parameter \B_DATA_VALUE = 0
Parameter \ADD_OR_SUB_N = 0
Found cached RTLIL representation for module `$paramod$672535e974e317b73c1012fddfa18786e8b6b3ea\ad_addsub'.
Parameter \A_DATA_WIDTH = 24
Parameter \B_DATA_VALUE = 0
Parameter \ADD_OR_SUB_N = 0
Found cached RTLIL representation for module `$paramod$672535e974e317b73c1012fddfa18786e8b6b3ea\ad_addsub'.
Parameter \A_DATA_WIDTH = 24
Parameter \B_DATA_VALUE = 0
Parameter \ADD_OR_SUB_N = 0
Found cached RTLIL representation for module `$paramod$672535e974e317b73c1012fddfa18786e8b6b3ea\ad_addsub'.
Parameter \A_DATA_WIDTH = 24
Parameter \B_DATA_VALUE = 0
Parameter \ADD_OR_SUB_N = 0
Found cached RTLIL representation for module `$paramod$672535e974e317b73c1012fddfa18786e8b6b3ea\ad_addsub'.
Parameter \A_DATA_WIDTH = 24
Parameter \B_DATA_VALUE = 0
Parameter \ADD_OR_SUB_N = 0
Found cached RTLIL representation for module `$paramod$672535e974e317b73c1012fddfa18786e8b6b3ea\ad_addsub'.
Parameter \A_DATA_WIDTH = 24
Parameter \B_DATA_VALUE = 0
Parameter \ADD_OR_SUB_N = 0
Found cached RTLIL representation for module `$paramod$672535e974e317b73c1012fddfa18786e8b6b3ea\ad_addsub'.
Parameter \A_DATA_WIDTH = 24
Parameter \B_DATA_VALUE = 0
Parameter \ADD_OR_SUB_N = 0
Found cached RTLIL representation for module `$paramod$672535e974e317b73c1012fddfa18786e8b6b3ea\ad_addsub'.
Parameter \A_DATA_WIDTH = 24
Parameter \B_DATA_VALUE = 0
Parameter \ADD_OR_SUB_N = 0
Found cached RTLIL representation for module `$paramod$672535e974e317b73c1012fddfa18786e8b6b3ea\ad_addsub'.
Parameter \A_DATA_WIDTH = 24
Parameter \B_DATA_VALUE = 0
Parameter \ADD_OR_SUB_N = 0
Found cached RTLIL representation for module `$paramod$672535e974e317b73c1012fddfa18786e8b6b3ea\ad_addsub'.
Parameter \A_DATA_WIDTH = 24
Parameter \B_DATA_VALUE = 0
Parameter \ADD_OR_SUB_N = 0
Found cached RTLIL representation for module `$paramod$672535e974e317b73c1012fddfa18786e8b6b3ea\ad_addsub'.
Parameter \A_DATA_WIDTH = 24
Parameter \B_DATA_VALUE = 0
Parameter \ADD_OR_SUB_N = 0
Found cached RTLIL representation for module `$paramod$672535e974e317b73c1012fddfa18786e8b6b3ea\ad_addsub'.
Parameter \A_DATA_WIDTH = 24
Parameter \B_DATA_VALUE = 0
Parameter \ADD_OR_SUB_N = 0
Found cached RTLIL representation for module `$paramod$672535e974e317b73c1012fddfa18786e8b6b3ea\ad_addsub'.
Parameter \A_DATA_WIDTH = 24
Parameter \B_DATA_VALUE = 0
Parameter \ADD_OR_SUB_N = 0
Found cached RTLIL representation for module `$paramod$672535e974e317b73c1012fddfa18786e8b6b3ea\ad_addsub'.
Parameter \A_DATA_WIDTH = 24
Parameter \B_DATA_VALUE = 0
Parameter \ADD_OR_SUB_N = 0
Found cached RTLIL representation for module `$paramod$672535e974e317b73c1012fddfa18786e8b6b3ea\ad_addsub'.
Parameter \COMMON_ID = 6'010001
Parameter \CHANNEL_ID = 0
Parameter \DDS_DISABLE = 0
Parameter \DDS_PHASE_DW = 16
Parameter \USERPORTS_DISABLE = 0
Parameter \IQCORRECTION_DISABLE = 0

81.38. Executing AST frontend in derive mode using pre-parsed AST for module `\up_dac_channel'.
Parameter \COMMON_ID = 6'010001
Parameter \CHANNEL_ID = 0
Parameter \DDS_DISABLE = 0
Parameter \DDS_PHASE_DW = 16
Parameter \USERPORTS_DISABLE = 0
Parameter \IQCORRECTION_DISABLE = 0
Generating RTLIL representation for module `$paramod$6d54ab4f464a1722e5f7488250c5db69e9e4010f\up_dac_channel'.
Parameter \DISABLE = 0
Parameter \DDS_DW = 12
Parameter \PHASE_DW = 16
Parameter \DDS_TYPE = 1
Parameter \CORDIC_DW = 14
Parameter \CORDIC_PHASE_DW = 13
Parameter \CLK_RATIO = 1

81.39. Executing AST frontend in derive mode using pre-parsed AST for module `\ad_dds'.
Parameter \DISABLE = 0
Parameter \DDS_DW = 12
Parameter \PHASE_DW = 16
Parameter \DDS_TYPE = 1
Parameter \CORDIC_DW = 14
Parameter \CORDIC_PHASE_DW = 13
Parameter \CLK_RATIO = 1
Generating RTLIL representation for module `$paramod$ec32750dd17643fa2370e38a1307ef14fa5df8c6\ad_dds'.
Warning: Replacing memory \genblk1.dac_dds_phase_1_m with list of registers. See library/common/ad_dds.v:155, library/common/ad_dds.v:106
Warning: Replacing memory \genblk1.dac_dds_phase_0_m with list of registers. See library/common/ad_dds.v:154, library/common/ad_dds.v:105
Warning: Replacing memory \genblk1.dac_dds_phase_1 with list of registers. See library/common/ad_dds.v:139, library/common/ad_dds.v:104
Warning: Replacing memory \genblk1.dac_dds_phase_0 with list of registers. See library/common/ad_dds.v:138, library/common/ad_dds.v:103
Parameter \Q_OR_I_N = 0
Parameter \DISABLE = 0
Found cached RTLIL representation for module `$paramod$ecb8c849d1fece165b181ff695f184fcee3bfd2b\ad_iqcor'.
Parameter \DATA_WIDTH = 36
Found cached RTLIL representation for module `$paramod\up_xfer_status\DATA_WIDTH=s32'00000000000000000000000000100100'.
Parameter \DATA_WIDTH = 99

81.40. Executing AST frontend in derive mode using pre-parsed AST for module `\up_xfer_cntrl'.
Parameter \DATA_WIDTH = 99
Generating RTLIL representation for module `$paramod\up_xfer_cntrl\DATA_WIDTH=s32'00000000000000000000000001100011'.
Parameter \DDS_DW = 16
Parameter \PHASE_DW = 16
Parameter \DDS_TYPE = 1
Parameter \CORDIC_DW = 16
Parameter \CORDIC_PHASE_DW = 16

81.41. Executing AST frontend in derive mode using pre-parsed AST for module `\ad_dds_2'.
Parameter \DDS_DW = 16
Parameter \PHASE_DW = 16
Parameter \DDS_TYPE = 1
Parameter \CORDIC_DW = 16
Parameter \CORDIC_PHASE_DW = 16
Generating RTLIL representation for module `$paramod$247e89b81513cb7fc0d1814140fcdb8ef4da83b2\ad_dds_2'.
Reprocessing module ad_dds because instantiated module ad_dds_2 has become available.
Generating RTLIL representation for module `\ad_dds'.
Warning: Replacing memory \genblk1.dac_dds_phase_1_m with list of registers. See library/common/ad_dds.v:155, library/common/ad_dds.v:106
Warning: Replacing memory \genblk1.dac_dds_phase_0_m with list of registers. See library/common/ad_dds.v:154, library/common/ad_dds.v:105
Warning: Replacing memory \genblk1.dac_dds_phase_1 with list of registers. See library/common/ad_dds.v:139, library/common/ad_dds.v:104
Warning: Replacing memory \genblk1.dac_dds_phase_0 with list of registers. See library/common/ad_dds.v:138, library/common/ad_dds.v:103
Parameter \DATA_WIDTH = 240

81.42. Executing AST frontend in derive mode using pre-parsed AST for module `\up_xfer_cntrl'.
Parameter \DATA_WIDTH = 240
Generating RTLIL representation for module `$paramod\up_xfer_cntrl\DATA_WIDTH=s32'00000000000000000000000011110000'.
Parameter \DDS_TYPE = 1
Parameter \DDS_D_DW = 16
Parameter \DDS_P_DW = 16

81.43. Executing AST frontend in derive mode using pre-parsed AST for module `\ad_dds_1'.
Parameter \DDS_TYPE = 1
Parameter \DDS_D_DW = 16
Parameter \DDS_P_DW = 16
Generating RTLIL representation for module `$paramod$edf0f11dfb4fc0714cc8b6408f44b7060064c50d\ad_dds_1'.
Parameter \DDS_TYPE = 1
Parameter \DDS_D_DW = 16
Parameter \DDS_P_DW = 16
Found cached RTLIL representation for module `$paramod$edf0f11dfb4fc0714cc8b6408f44b7060064c50d\ad_dds_1'.
Parameter \PHASE_DW = 16
Parameter \CORDIC_DW = 16
Parameter \DELAY_DW = 1

81.44. Executing AST frontend in derive mode using pre-parsed AST for module `\ad_dds_sine_cordic'.
Parameter \PHASE_DW = 16
Parameter \CORDIC_DW = 16
Parameter \DELAY_DW = 1
Generating RTLIL representation for module `$paramod$f919bfc20aae617ee45b556c6a5a532dda20ca62\ad_dds_sine_cordic'.
library/common/ad_dds_sine_cordic.v:66: Warning: converting real value 1.989447e+04 to binary 16'0100110110110110.
Parameter \A_DATA_WIDTH = 17
Parameter \B_DATA_WIDTH = 17
Parameter \DELAY_DATA_WIDTH = 1

81.45. Executing AST frontend in derive mode using pre-parsed AST for module `\ad_mul'.
Parameter \A_DATA_WIDTH = 17
Parameter \B_DATA_WIDTH = 17
Parameter \DELAY_DATA_WIDTH = 1
Generating RTLIL representation for module `$paramod$e389ee0f820e37cbd51baaa4a718ddaec50b9f02\ad_mul'.
Parameter \A_DATA_WIDTH = 17
Parameter \B_DATA_WIDTH = 17
Parameter \DELAY_DATA_WIDTH = 16

81.46. Executing AST frontend in derive mode using pre-parsed AST for module `\ad_mul_open'.
Parameter \A_DATA_WIDTH = 17
Parameter \B_DATA_WIDTH = 17
Parameter \DELAY_DATA_WIDTH = 16
Generating RTLIL representation for module `$paramod$8e25d8b6976da34eb2e4e8593925fe84a2ef1c64\ad_mul_open'.
Parameter \P_DW = 16
Parameter \D_DW = 16
Parameter \DELAY_DW = 1
Parameter \SHIFT = 14

81.47. Executing AST frontend in derive mode using pre-parsed AST for module `\ad_dds_cordic_pipe'.
Parameter \P_DW = 16
Parameter \D_DW = 16
Parameter \DELAY_DW = 1
Parameter \SHIFT = 14
Generating RTLIL representation for module `$paramod$bf59611eb29e42fd4c027720a518546848dbba9d\ad_dds_cordic_pipe'.
Parameter \P_DW = 16
Parameter \D_DW = 16
Parameter \DELAY_DW = 1
Parameter \SHIFT = 13

81.48. Executing AST frontend in derive mode using pre-parsed AST for module `\ad_dds_cordic_pipe'.
Parameter \P_DW = 16
Parameter \D_DW = 16
Parameter \DELAY_DW = 1
Parameter \SHIFT = 13
Generating RTLIL representation for module `$paramod$52a8922f0ce8a6b3c334392f2680a259dcba6426\ad_dds_cordic_pipe'.
Parameter \P_DW = 16
Parameter \D_DW = 16
Parameter \DELAY_DW = 1
Parameter \SHIFT = 12

81.49. Executing AST frontend in derive mode using pre-parsed AST for module `\ad_dds_cordic_pipe'.
Parameter \P_DW = 16
Parameter \D_DW = 16
Parameter \DELAY_DW = 1
Parameter \SHIFT = 12
Generating RTLIL representation for module `$paramod$f747b853a97badc5b9c0c4e2934791b60628ac6c\ad_dds_cordic_pipe'.
Parameter \P_DW = 16
Parameter \D_DW = 16
Parameter \DELAY_DW = 1
Parameter \SHIFT = 11

81.50. Executing AST frontend in derive mode using pre-parsed AST for module `\ad_dds_cordic_pipe'.
Parameter \P_DW = 16
Parameter \D_DW = 16
Parameter \DELAY_DW = 1
Parameter \SHIFT = 11
Generating RTLIL representation for module `$paramod$c8de5be879843654e172cb5d83ae94a2af9a11e7\ad_dds_cordic_pipe'.
Parameter \P_DW = 16
Parameter \D_DW = 16
Parameter \DELAY_DW = 1
Parameter \SHIFT = 10

81.51. Executing AST frontend in derive mode using pre-parsed AST for module `\ad_dds_cordic_pipe'.
Parameter \P_DW = 16
Parameter \D_DW = 16
Parameter \DELAY_DW = 1
Parameter \SHIFT = 10
Generating RTLIL representation for module `$paramod$9ff5d3c6179abbad0c1ac90857b6d1b9819e1dc4\ad_dds_cordic_pipe'.
Parameter \P_DW = 16
Parameter \D_DW = 16
Parameter \DELAY_DW = 1
Parameter \SHIFT = 9

81.52. Executing AST frontend in derive mode using pre-parsed AST for module `\ad_dds_cordic_pipe'.
Parameter \P_DW = 16
Parameter \D_DW = 16
Parameter \DELAY_DW = 1
Parameter \SHIFT = 9
Generating RTLIL representation for module `$paramod$836dae13ffa1dccb9dc4f09cebc754e5723523f8\ad_dds_cordic_pipe'.
Parameter \P_DW = 16
Parameter \D_DW = 16
Parameter \DELAY_DW = 1
Parameter \SHIFT = 8

81.53. Executing AST frontend in derive mode using pre-parsed AST for module `\ad_dds_cordic_pipe'.
Parameter \P_DW = 16
Parameter \D_DW = 16
Parameter \DELAY_DW = 1
Parameter \SHIFT = 8
Generating RTLIL representation for module `$paramod$e440a4caf0ca09d2263bd1f9af04cadde031b516\ad_dds_cordic_pipe'.
Parameter \P_DW = 16
Parameter \D_DW = 16
Parameter \DELAY_DW = 1
Parameter \SHIFT = 7

81.54. Executing AST frontend in derive mode using pre-parsed AST for module `\ad_dds_cordic_pipe'.
Parameter \P_DW = 16
Parameter \D_DW = 16
Parameter \DELAY_DW = 1
Parameter \SHIFT = 7
Generating RTLIL representation for module `$paramod$c0d9ac01f3c43c5c378c112fb1af98133592f698\ad_dds_cordic_pipe'.
Parameter \P_DW = 16
Parameter \D_DW = 16
Parameter \DELAY_DW = 1
Parameter \SHIFT = 6

81.55. Executing AST frontend in derive mode using pre-parsed AST for module `\ad_dds_cordic_pipe'.
Parameter \P_DW = 16
Parameter \D_DW = 16
Parameter \DELAY_DW = 1
Parameter \SHIFT = 6
Generating RTLIL representation for module `$paramod$ad9cedd27f016397b5ebe7cc215ac41cf7dcd498\ad_dds_cordic_pipe'.
Parameter \P_DW = 16
Parameter \D_DW = 16
Parameter \DELAY_DW = 1
Parameter \SHIFT = 5

81.56. Executing AST frontend in derive mode using pre-parsed AST for module `\ad_dds_cordic_pipe'.
Parameter \P_DW = 16
Parameter \D_DW = 16
Parameter \DELAY_DW = 1
Parameter \SHIFT = 5
Generating RTLIL representation for module `$paramod$16af622096e149dc8520fb2ad55478600bc02cbe\ad_dds_cordic_pipe'.
Parameter \P_DW = 16
Parameter \D_DW = 16
Parameter \DELAY_DW = 1
Parameter \SHIFT = 4

81.57. Executing AST frontend in derive mode using pre-parsed AST for module `\ad_dds_cordic_pipe'.
Parameter \P_DW = 16
Parameter \D_DW = 16
Parameter \DELAY_DW = 1
Parameter \SHIFT = 4
Generating RTLIL representation for module `$paramod$0222fe6ed579a6f3ca426fa95fdc90a61ba1e416\ad_dds_cordic_pipe'.
Parameter \P_DW = 16
Parameter \D_DW = 16
Parameter \DELAY_DW = 1
Parameter \SHIFT = 3

81.58. Executing AST frontend in derive mode using pre-parsed AST for module `\ad_dds_cordic_pipe'.
Parameter \P_DW = 16
Parameter \D_DW = 16
Parameter \DELAY_DW = 1
Parameter \SHIFT = 3
Generating RTLIL representation for module `$paramod$3d45f64e10347c204fb1992880ea5723261007a8\ad_dds_cordic_pipe'.
Parameter \P_DW = 16
Parameter \D_DW = 16
Parameter \DELAY_DW = 1
Parameter \SHIFT = 2

81.59. Executing AST frontend in derive mode using pre-parsed AST for module `\ad_dds_cordic_pipe'.
Parameter \P_DW = 16
Parameter \D_DW = 16
Parameter \DELAY_DW = 1
Parameter \SHIFT = 2
Generating RTLIL representation for module `$paramod$369adcb94b4137da2f7af331d708a9f2aa4db05e\ad_dds_cordic_pipe'.
Parameter \P_DW = 16
Parameter \D_DW = 16
Parameter \DELAY_DW = 1
Parameter \SHIFT = 1

81.60. Executing AST frontend in derive mode using pre-parsed AST for module `\ad_dds_cordic_pipe'.
Parameter \P_DW = 16
Parameter \D_DW = 16
Parameter \DELAY_DW = 1
Parameter \SHIFT = 1
Generating RTLIL representation for module `$paramod$0d65cb90a9a9bbf8a8ab5c5ad27afb254b3e65d8\ad_dds_cordic_pipe'.
Parameter \P_DW = 16
Parameter \D_DW = 16
Parameter \DELAY_DW = 1
Parameter \SHIFT = 0

81.61. Executing AST frontend in derive mode using pre-parsed AST for module `\ad_dds_cordic_pipe'.
Parameter \P_DW = 16
Parameter \D_DW = 16
Parameter \DELAY_DW = 1
Parameter \SHIFT = 0
Generating RTLIL representation for module `$paramod$56bd40c9cf3b6aa19d2a3e17a185872c1d89d18d\ad_dds_cordic_pipe'.
Reprocessing module ad_dds_sine_cordic because instantiated module $paramod$bf59611eb29e42fd4c027720a518546848dbba9d\ad_dds_cordic_pipe has become available.
Generating RTLIL representation for module `\ad_dds_sine_cordic'.
library/common/ad_dds_sine_cordic.v:66: Warning: converting real value 1.989447e+04 to binary 16'0100110110110110.

81.62. Analyzing design hierarchy..
Top module:  \axi_ad9361
Used module:     \axi_ad9361_tdd
Used module:         \ad_tdd_control
Used module:             $paramod$672535e974e317b73c1012fddfa18786e8b6b3ea\ad_addsub
Used module:         \up_tdd_cntrl
Used module:             $paramod\up_xfer_status\DATA_WIDTH=s32'00000000000000000000000000001000
Used module:             $paramod\up_xfer_cntrl\DATA_WIDTH=s32'00000000000000000000000010010000
Used module:             $paramod\up_xfer_cntrl\DATA_WIDTH=s32'00000000000000000000000000111111
Used module:     $paramod\axi_ad9361_tdd_if\LEVEL_OR_PULSE_N=s32'00000000000000000000000000000001
Used module:     $paramod$2828e6fa2c2c849584c016c07253c1d01eb88766\axi_ad9361_lvds_if
Used module:         \ad_data_clk
Used module:         \ad_data_out
Used module:         \ad_data_in
Used module:     \up_axi
Used module:     $paramod$5d70a5b32d31a338e01e61233e3f577e4629066f\axi_ad9361_tx
Used module:         \up_delay_cntrl
Used module:             \ad_rst
Used module:         \up_dac_common
Used module:             \up_clock_mon
Used module:             $paramod\up_xfer_status\DATA_WIDTH=s32'00000000000000000000000000100100
Used module:             $paramod\up_xfer_cntrl\DATA_WIDTH=s32'00000000000000000000000001100011
Used module:         \axi_ad9361_tx_channel
Used module:             $paramod$6d54ab4f464a1722e5f7488250c5db69e9e4010f\up_dac_channel
Used module:                 \up_xfer_cntrl
Used module:             $paramod$ec32750dd17643fa2370e38a1307ef14fa5df8c6\ad_dds
Used module:                 \ad_dds_2
Used module:                     $paramod$edf0f11dfb4fc0714cc8b6408f44b7060064c50d\ad_dds_1
Used module:                         \ad_dds_sine_cordic
Used module:                             \ad_dds_cordic_pipe
Used module:                         \ad_mul
Used module:                             $paramod$8e25d8b6976da34eb2e4e8593925fe84a2ef1c64\ad_mul_open
Used module:             $paramod$ecb8c849d1fece165b181ff695f184fcee3bfd2b\ad_iqcor
Used module:     $paramod$70571672d3c68afe2654ab18134157cff15951bb\axi_ad9361_rx
Used module:         \up_adc_common
Used module:             $paramod\up_xfer_cntrl\DATA_WIDTH=s32'00000000000000000000000001111010
Used module:         \axi_ad9361_rx_channel
Used module:             \up_adc_channel
Used module:                 $paramod\up_xfer_status\DATA_WIDTH=s32'00000000000000000000000000101100
Used module:                 $paramod\up_xfer_cntrl\DATA_WIDTH=s32'00000000000000000000000001010001
Used module:             \ad_iqcor
Used module:                 $paramod\ad_mul\DELAY_DATA_WIDTH=s32'00000000000000000000000000010000
Used module:                     \ad_mul_open
Used module:                 $paramod\ad_mul\DELAY_DATA_WIDTH=s32'00000000000000000000000000010001
Used module:             \ad_dcfilter
Used module:             \ad_datafmt
Used module:             \axi_ad9361_rx_pnmon
Used module:                 $paramod\ad_pnmon\DATA_WIDTH=s32'00000000000000000000000000011000
Parameter \CHANNEL_ID = 0
Parameter \USERPORTS_DISABLE = 0
Parameter \DATAFORMAT_DISABLE = 0
Parameter \DCFILTER_DISABLE = 0
Parameter \IQCORRECTION_DISABLE = 0
Found cached RTLIL representation for module `$paramod$14da6df1ffa4dd878723ae3248ad2bc5f6833921\up_adc_channel'.
Parameter \Q_OR_I_N = 0
Parameter \DISABLE = 0
Found cached RTLIL representation for module `$paramod$ecb8c849d1fece165b181ff695f184fcee3bfd2b\ad_iqcor'.
Parameter \DISABLE = 0
Found cached RTLIL representation for module `$paramod\ad_dcfilter\DISABLE=s32'00000000000000000000000000000000'.
Parameter \DATA_WIDTH = 12
Parameter \DISABLE = 0
Found cached RTLIL representation for module `$paramod$e18066ee9732abcc60dcc8e048073733cad550f0\ad_datafmt'.
Parameter \Q_OR_I_N = 0
Parameter \PRBS_SEL = 0
Found cached RTLIL representation for module `$paramod$cf4ca76302ce6a67a0e28fc9fc904a3b0f8fdc13\axi_ad9361_rx_pnmon'.
Parameter \P_DW = 16
Parameter \D_DW = 16
Parameter \DELAY_DW = 1
Parameter \SHIFT = 14
Found cached RTLIL representation for module `$paramod$bf59611eb29e42fd4c027720a518546848dbba9d\ad_dds_cordic_pipe'.
Parameter \P_DW = 16
Parameter \D_DW = 16
Parameter \DELAY_DW = 1
Parameter \SHIFT = 13
Found cached RTLIL representation for module `$paramod$52a8922f0ce8a6b3c334392f2680a259dcba6426\ad_dds_cordic_pipe'.
Parameter \P_DW = 16
Parameter \D_DW = 16
Parameter \DELAY_DW = 1
Parameter \SHIFT = 12
Found cached RTLIL representation for module `$paramod$f747b853a97badc5b9c0c4e2934791b60628ac6c\ad_dds_cordic_pipe'.
Parameter \P_DW = 16
Parameter \D_DW = 16
Parameter \DELAY_DW = 1
Parameter \SHIFT = 11
Found cached RTLIL representation for module `$paramod$c8de5be879843654e172cb5d83ae94a2af9a11e7\ad_dds_cordic_pipe'.
Parameter \P_DW = 16
Parameter \D_DW = 16
Parameter \DELAY_DW = 1
Parameter \SHIFT = 10
Found cached RTLIL representation for module `$paramod$9ff5d3c6179abbad0c1ac90857b6d1b9819e1dc4\ad_dds_cordic_pipe'.
Parameter \P_DW = 16
Parameter \D_DW = 16
Parameter \DELAY_DW = 1
Parameter \SHIFT = 9
Found cached RTLIL representation for module `$paramod$836dae13ffa1dccb9dc4f09cebc754e5723523f8\ad_dds_cordic_pipe'.
Parameter \P_DW = 16
Parameter \D_DW = 16
Parameter \DELAY_DW = 1
Parameter \SHIFT = 8
Found cached RTLIL representation for module `$paramod$e440a4caf0ca09d2263bd1f9af04cadde031b516\ad_dds_cordic_pipe'.
Parameter \P_DW = 16
Parameter \D_DW = 16
Parameter \DELAY_DW = 1
Parameter \SHIFT = 7
Found cached RTLIL representation for module `$paramod$c0d9ac01f3c43c5c378c112fb1af98133592f698\ad_dds_cordic_pipe'.
Parameter \P_DW = 16
Parameter \D_DW = 16
Parameter \DELAY_DW = 1
Parameter \SHIFT = 6
Found cached RTLIL representation for module `$paramod$ad9cedd27f016397b5ebe7cc215ac41cf7dcd498\ad_dds_cordic_pipe'.
Parameter \P_DW = 16
Parameter \D_DW = 16
Parameter \DELAY_DW = 1
Parameter \SHIFT = 5
Found cached RTLIL representation for module `$paramod$16af622096e149dc8520fb2ad55478600bc02cbe\ad_dds_cordic_pipe'.
Parameter \P_DW = 16
Parameter \D_DW = 16
Parameter \DELAY_DW = 1
Parameter \SHIFT = 4
Found cached RTLIL representation for module `$paramod$0222fe6ed579a6f3ca426fa95fdc90a61ba1e416\ad_dds_cordic_pipe'.
Parameter \P_DW = 16
Parameter \D_DW = 16
Parameter \DELAY_DW = 1
Parameter \SHIFT = 3
Found cached RTLIL representation for module `$paramod$3d45f64e10347c204fb1992880ea5723261007a8\ad_dds_cordic_pipe'.
Parameter \P_DW = 16
Parameter \D_DW = 16
Parameter \DELAY_DW = 1
Parameter \SHIFT = 2
Found cached RTLIL representation for module `$paramod$369adcb94b4137da2f7af331d708a9f2aa4db05e\ad_dds_cordic_pipe'.
Parameter \P_DW = 16
Parameter \D_DW = 16
Parameter \DELAY_DW = 1
Parameter \SHIFT = 1
Found cached RTLIL representation for module `$paramod$0d65cb90a9a9bbf8a8ab5c5ad27afb254b3e65d8\ad_dds_cordic_pipe'.
Parameter \P_DW = 16
Parameter \D_DW = 16
Parameter \DELAY_DW = 1
Parameter \SHIFT = 0
Found cached RTLIL representation for module `$paramod$56bd40c9cf3b6aa19d2a3e17a185872c1d89d18d\ad_dds_cordic_pipe'.
Parameter \FPGA_TECHNOLOGY = 0
Parameter \IODELAY_ENABLE = 0
Parameter \IODELAY_CTRL = 0
Parameter \IODELAY_GROUP = 144'011001000110010101110110010111110110100101100110010111110110010001100101011011000110000101111001010111110110011101110010011011110111010101110000
Parameter \REFCLK_FREQUENCY = 200
Found cached RTLIL representation for module `$paramod$728b24706c860792f9f94356aaefd85f2720cc90\ad_data_out'.
Parameter \FPGA_TECHNOLOGY = 0
Parameter \IODELAY_ENABLE = 0
Parameter \IODELAY_CTRL = 0
Parameter \IODELAY_GROUP = 144'011001000110010101110110010111110110100101100110010111110110010001100101011011000110000101111001010111110110011101110010011011110111010101110000
Parameter \REFCLK_FREQUENCY = 200
Found cached RTLIL representation for module `$paramod$728b24706c860792f9f94356aaefd85f2720cc90\ad_data_out'.
Parameter \FPGA_TECHNOLOGY = 0
Parameter \IODELAY_ENABLE = 0
Parameter \IODELAY_CTRL = 0
Parameter \IODELAY_GROUP = 144'011001000110010101110110010111110110100101100110010111110110010001100101011011000110000101111001010111110110011101110010011011110111010101110000
Parameter \REFCLK_FREQUENCY = 200
Found cached RTLIL representation for module `$paramod$728b24706c860792f9f94356aaefd85f2720cc90\ad_data_out'.
Parameter \FPGA_TECHNOLOGY = 0
Parameter \IODELAY_ENABLE = 0
Parameter \IODELAY_CTRL = 0
Parameter \IODELAY_GROUP = 144'011001000110010101110110010111110110100101100110010111110110010001100101011011000110000101111001010111110110011101110010011011110111010101110000
Parameter \REFCLK_FREQUENCY = 200
Found cached RTLIL representation for module `$paramod$728b24706c860792f9f94356aaefd85f2720cc90\ad_data_out'.
Parameter \FPGA_TECHNOLOGY = 0
Parameter \IODELAY_ENABLE = 0
Parameter \IODELAY_CTRL = 0
Parameter \IODELAY_GROUP = 144'011001000110010101110110010111110110100101100110010111110110010001100101011011000110000101111001010111110110011101110010011011110111010101110000
Parameter \REFCLK_FREQUENCY = 200
Found cached RTLIL representation for module `$paramod$728b24706c860792f9f94356aaefd85f2720cc90\ad_data_out'.
Parameter \FPGA_TECHNOLOGY = 0
Parameter \IODELAY_ENABLE = 0
Parameter \IODELAY_CTRL = 0
Parameter \IODELAY_GROUP = 144'011001000110010101110110010111110110100101100110010111110110010001100101011011000110000101111001010111110110011101110010011011110111010101110000
Parameter \REFCLK_FREQUENCY = 200
Found cached RTLIL representation for module `$paramod$728b24706c860792f9f94356aaefd85f2720cc90\ad_data_out'.
Parameter \FPGA_TECHNOLOGY = 0
Parameter \IODELAY_CTRL = 0
Parameter \IODELAY_GROUP = 144'011001000110010101110110010111110110100101100110010111110110010001100101011011000110000101111001010111110110011101110010011011110111010101110000
Parameter \REFCLK_FREQUENCY = 200
Found cached RTLIL representation for module `$paramod$ade101aacbcb73fc1c939f323e847488dbe340d8\ad_data_in'.
Parameter \FPGA_TECHNOLOGY = 0
Parameter \IODELAY_CTRL = 0
Parameter \IODELAY_GROUP = 144'011001000110010101110110010111110110100101100110010111110110010001100101011011000110000101111001010111110110011101110010011011110111010101110000
Parameter \REFCLK_FREQUENCY = 200
Found cached RTLIL representation for module `$paramod$ade101aacbcb73fc1c939f323e847488dbe340d8\ad_data_in'.
Parameter \FPGA_TECHNOLOGY = 0
Parameter \IODELAY_CTRL = 0
Parameter \IODELAY_GROUP = 144'011001000110010101110110010111110110100101100110010111110110010001100101011011000110000101111001010111110110011101110010011011110111010101110000
Parameter \REFCLK_FREQUENCY = 200
Found cached RTLIL representation for module `$paramod$ade101aacbcb73fc1c939f323e847488dbe340d8\ad_data_in'.
Parameter \FPGA_TECHNOLOGY = 0
Parameter \IODELAY_CTRL = 0
Parameter \IODELAY_GROUP = 144'011001000110010101110110010111110110100101100110010111110110010001100101011011000110000101111001010111110110011101110010011011110111010101110000
Parameter \REFCLK_FREQUENCY = 200
Found cached RTLIL representation for module `$paramod$ade101aacbcb73fc1c939f323e847488dbe340d8\ad_data_in'.
Parameter \FPGA_TECHNOLOGY = 0
Parameter \IODELAY_CTRL = 0
Parameter \IODELAY_GROUP = 144'011001000110010101110110010111110110100101100110010111110110010001100101011011000110000101111001010111110110011101110010011011110111010101110000
Parameter \REFCLK_FREQUENCY = 200
Found cached RTLIL representation for module `$paramod$ade101aacbcb73fc1c939f323e847488dbe340d8\ad_data_in'.
Parameter \FPGA_TECHNOLOGY = 0
Parameter \IODELAY_CTRL = 0
Parameter \IODELAY_GROUP = 144'011001000110010101110110010111110110100101100110010111110110010001100101011011000110000101111001010111110110011101110010011011110111010101110000
Parameter \REFCLK_FREQUENCY = 200
Found cached RTLIL representation for module `$paramod$ade101aacbcb73fc1c939f323e847488dbe340d8\ad_data_in'.
Parameter \FPGA_TECHNOLOGY = 0
Parameter \SINGLE_ENDED = 1
Parameter \IODELAY_ENABLE = 0
Parameter \IODELAY_CTRL = 0
Parameter \IODELAY_GROUP = 144'011001000110010101110110010111110110100101100110010111110110010001100101011011000110000101111001010111110110011101110010011011110111010101110000
Parameter \REFCLK_FREQUENCY = 200
Found cached RTLIL representation for module `$paramod$e249e690c434685c21db867b58e14e4de13e5506\ad_data_out'.
Parameter \FPGA_TECHNOLOGY = 0
Parameter \SINGLE_ENDED = 1
Parameter \IODELAY_ENABLE = 0
Parameter \IODELAY_CTRL = 0
Parameter \IODELAY_GROUP = 144'011001000110010101110110010111110110100101100110010111110110010001100101011011000110000101111001010111110110011101110010011011110111010101110000
Parameter \REFCLK_FREQUENCY = 200
Found cached RTLIL representation for module `$paramod$e249e690c434685c21db867b58e14e4de13e5506\ad_data_out'.
Parameter \FPGA_TECHNOLOGY = 0
Parameter \IODELAY_ENABLE = 0
Parameter \IODELAY_CTRL = 0
Parameter \IODELAY_GROUP = 144'011001000110010101110110010111110110100101100110010111110110010001100101011011000110000101111001010111110110011101110010011011110111010101110000
Parameter \REFCLK_FREQUENCY = 200
Found cached RTLIL representation for module `$paramod$728b24706c860792f9f94356aaefd85f2720cc90\ad_data_out'.
Parameter \FPGA_TECHNOLOGY = 0
Parameter \IODELAY_ENABLE = 0
Parameter \IODELAY_CTRL = 0
Parameter \IODELAY_GROUP = 144'011001000110010101110110010111110110100101100110010111110110010001100101011011000110000101111001010111110110011101110010011011110111010101110000
Parameter \REFCLK_FREQUENCY = 200
Found cached RTLIL representation for module `$paramod$728b24706c860792f9f94356aaefd85f2720cc90\ad_data_out'.
Parameter \FPGA_TECHNOLOGY = 0
Parameter \IODELAY_CTRL = 1
Parameter \IODELAY_GROUP = 144'011001000110010101110110010111110110100101100110010111110110010001100101011011000110000101111001010111110110011101110010011011110111010101110000
Parameter \REFCLK_FREQUENCY = 200
Found cached RTLIL representation for module `$paramod$a9f54b726caf08e710b2a5a9bb259ec0d6f29569\ad_data_in'.
Parameter \DISABLE = 1
Parameter \INIT_DELAY = 0
Parameter \DATA_WIDTH = 16
Parameter \BASE_ADDRESS = 6'010010

81.63. Executing AST frontend in derive mode using pre-parsed AST for module `\up_delay_cntrl'.
Parameter \DISABLE = 1
Parameter \INIT_DELAY = 0
Parameter \DATA_WIDTH = 16
Parameter \BASE_ADDRESS = 6'010010
Generating RTLIL representation for module `$paramod$96804e1f3670fc05a3cf88996835188cfbdda449\up_delay_cntrl'.
Parameter \ID = 0
Parameter \FPGA_TECHNOLOGY = 0
Parameter \FPGA_FAMILY = 0
Parameter \SPEED_GRADE = 0
Parameter \DEV_PACKAGE = 0
Parameter \CONFIG = 32
Parameter \CLK_EDGE_SEL = 0
Parameter \DRP_DISABLE = 1
Parameter \USERPORTS_DISABLE = 0
Parameter \GPIO_DISABLE = 0

81.64. Executing AST frontend in derive mode using pre-parsed AST for module `\up_dac_common'.
Parameter \ID = 0
Parameter \FPGA_TECHNOLOGY = 0
Parameter \FPGA_FAMILY = 0
Parameter \SPEED_GRADE = 0
Parameter \DEV_PACKAGE = 0
Parameter \CONFIG = 32
Parameter \CLK_EDGE_SEL = 0
Parameter \DRP_DISABLE = 1
Parameter \USERPORTS_DISABLE = 0
Parameter \GPIO_DISABLE = 0
Generating RTLIL representation for module `$paramod$30aceb5ec2152527a06812c6234c1010a7f8f343\up_dac_common'.
Parameter \Q_OR_I_N = 1
Parameter \CHANNEL_ID = 3
Parameter \DISABLE = 0
Parameter \DAC_DDS_DISABLE = 0
Parameter \DAC_DDS_TYPE = 1
Parameter \DAC_DDS_PHASE_DW = 16
Parameter \DAC_DDS_CORDIC_DW = 14
Parameter \DAC_DDS_CORDIC_PHASE_DW = 13
Parameter \USERPORTS_DISABLE = 0
Parameter \IQCORRECTION_DISABLE = 0
Found cached RTLIL representation for module `$paramod$f6ea464bb1fce90b40d536f2882157f5b72f51cd\axi_ad9361_tx_channel'.
Parameter \Q_OR_I_N = 0
Parameter \CHANNEL_ID = 2
Parameter \DISABLE = 0
Parameter \DAC_DDS_DISABLE = 0
Parameter \DAC_DDS_TYPE = 1
Parameter \DAC_DDS_PHASE_DW = 16
Parameter \DAC_DDS_CORDIC_DW = 14
Parameter \DAC_DDS_CORDIC_PHASE_DW = 13
Parameter \USERPORTS_DISABLE = 0
Parameter \IQCORRECTION_DISABLE = 0
Found cached RTLIL representation for module `$paramod$b8407c642569fa76820e71254b3ce7f2cb70e5bd\axi_ad9361_tx_channel'.
Parameter \Q_OR_I_N = 1
Parameter \CHANNEL_ID = 1
Parameter \DISABLE = 0
Parameter \DAC_DDS_DISABLE = 0
Parameter \DAC_DDS_TYPE = 1
Parameter \DAC_DDS_PHASE_DW = 16
Parameter \DAC_DDS_CORDIC_DW = 14
Parameter \DAC_DDS_CORDIC_PHASE_DW = 13
Parameter \USERPORTS_DISABLE = 0
Parameter \IQCORRECTION_DISABLE = 0
Found cached RTLIL representation for module `$paramod$f04ad40bdf8aa464691dadd35b854d225672423c\axi_ad9361_tx_channel'.
Parameter \Q_OR_I_N = 0
Parameter \CHANNEL_ID = 0
Parameter \DISABLE = 0
Parameter \DAC_DDS_DISABLE = 0
Parameter \DAC_DDS_TYPE = 1
Parameter \DAC_DDS_PHASE_DW = 16
Parameter \DAC_DDS_CORDIC_DW = 14
Parameter \DAC_DDS_CORDIC_PHASE_DW = 13
Parameter \USERPORTS_DISABLE = 0
Parameter \IQCORRECTION_DISABLE = 0
Found cached RTLIL representation for module `$paramod$f18d4f07d8553268eed08c1891b68e073f6c5d4b\axi_ad9361_tx_channel'.
Reprocessing module $paramod$5d70a5b32d31a338e01e61233e3f577e4629066f\axi_ad9361_tx because instantiated module $paramod$96804e1f3670fc05a3cf88996835188cfbdda449\up_delay_cntrl has become available.
Generating RTLIL representation for module `$paramod$5d70a5b32d31a338e01e61233e3f577e4629066f\axi_ad9361_tx'.
library/axi_ad9361/axi_ad9361_tx.v:167: Warning: Identifier `\dac_sync' is implicitly declared.
Parameter \INIT_DELAY = 0
Parameter \DATA_WIDTH = 13
Parameter \BASE_ADDRESS = 6'000010
Parameter \CUSTOM_RST = 1
Found cached RTLIL representation for module `$paramod$808ffbb8e239195d81ff0b7e0fbc3f3bd1be5b72\up_delay_cntrl'.
Parameter \ID = 0
Parameter \FPGA_TECHNOLOGY = 0
Parameter \FPGA_FAMILY = 0
Parameter \SPEED_GRADE = 0
Parameter \DEV_PACKAGE = 0
Parameter \CONFIG = 0
Parameter \DRP_DISABLE = 1
Parameter \USERPORTS_DISABLE = 0
Parameter \GPIO_DISABLE = 0
Parameter \START_CODE_DISABLE = 0
Found cached RTLIL representation for module `$paramod$fb6a0404fbc12fe931811ed63b11595579d38020\up_adc_common'.
Parameter \Q_OR_I_N = 1
Parameter \CHANNEL_ID = 3
Parameter \DISABLE = 0
Parameter \USERPORTS_DISABLE = 0
Parameter \DATAFORMAT_DISABLE = 0
Parameter \DCFILTER_DISABLE = 0
Parameter \IQCORRECTION_DISABLE = 0
Found cached RTLIL representation for module `$paramod$2bf098fb2a0cd3e466e22c156fdcb17a0d064d4c\axi_ad9361_rx_channel'.
Parameter \Q_OR_I_N = 0
Parameter \CHANNEL_ID = 2
Parameter \DISABLE = 0
Parameter \USERPORTS_DISABLE = 0
Parameter \DATAFORMAT_DISABLE = 0
Parameter \DCFILTER_DISABLE = 0
Parameter \IQCORRECTION_DISABLE = 0
Found cached RTLIL representation for module `$paramod$7cfa42d7e3c96789b560d3b566db4bc10b761cc0\axi_ad9361_rx_channel'.
Parameter \Q_OR_I_N = 1
Parameter \CHANNEL_ID = 1
Parameter \DISABLE = 0
Parameter \USERPORTS_DISABLE = 0
Parameter \DATAFORMAT_DISABLE = 0
Parameter \DCFILTER_DISABLE = 0
Parameter \IQCORRECTION_DISABLE = 0
Found cached RTLIL representation for module `$paramod$2ff6e2dcbc3ae32f49ad6e68fc72af49994b408a\axi_ad9361_rx_channel'.
Parameter \Q_OR_I_N = 0
Parameter \CHANNEL_ID = 0
Parameter \DISABLE = 0
Parameter \USERPORTS_DISABLE = 0
Parameter \DATAFORMAT_DISABLE = 0
Parameter \DCFILTER_DISABLE = 0
Parameter \IQCORRECTION_DISABLE = 0
Found cached RTLIL representation for module `$paramod$b0f9cd840ebf625ce1cf48e7083633a06f859b31\axi_ad9361_rx_channel'.
Reprocessing module $paramod$70571672d3c68afe2654ab18134157cff15951bb\axi_ad9361_rx because instantiated module $paramod$808ffbb8e239195d81ff0b7e0fbc3f3bd1be5b72\up_delay_cntrl has become available.
Generating RTLIL representation for module `$paramod$70571672d3c68afe2654ab18134157cff15951bb\axi_ad9361_rx'.
Parameter \DELAY_DATA_WIDTH = 16
Found cached RTLIL representation for module `$paramod\ad_mul\DELAY_DATA_WIDTH=s32'00000000000000000000000000010000'.
Parameter \DELAY_DATA_WIDTH = 17
Found cached RTLIL representation for module `$paramod\ad_mul\DELAY_DATA_WIDTH=s32'00000000000000000000000000010001'.
Parameter \A_DATA_WIDTH = 17
Parameter \B_DATA_WIDTH = 17
Parameter \DELAY_DATA_WIDTH = 16
Found cached RTLIL representation for module `$paramod$8e25d8b6976da34eb2e4e8593925fe84a2ef1c64\ad_mul_open'.
Parameter \A_DATA_WIDTH = 17
Parameter \B_DATA_WIDTH = 17
Parameter \DELAY_DATA_WIDTH = 17

81.65. Executing AST frontend in derive mode using pre-parsed AST for module `\ad_mul_open'.
Parameter \A_DATA_WIDTH = 17
Parameter \B_DATA_WIDTH = 17
Parameter \DELAY_DATA_WIDTH = 17
Generating RTLIL representation for module `$paramod$fab52015263978c9ad228c108a6b4269c7745603\ad_mul_open'.
Parameter \DATA_WIDTH = 240
Found cached RTLIL representation for module `$paramod\up_xfer_cntrl\DATA_WIDTH=s32'00000000000000000000000011110000'.
Parameter \DDS_DW = 12
Parameter \PHASE_DW = 16
Parameter \DDS_TYPE = 1
Parameter \CORDIC_DW = 14
Parameter \CORDIC_PHASE_DW = 13

81.66. Executing AST frontend in derive mode using pre-parsed AST for module `\ad_dds_2'.
Parameter \DDS_DW = 12
Parameter \PHASE_DW = 16
Parameter \DDS_TYPE = 1
Parameter \CORDIC_DW = 14
Parameter \CORDIC_PHASE_DW = 13
Generating RTLIL representation for module `$paramod$c37e31fbc1f035ee21d368ea72d250c9aaa1aaa4\ad_dds_2'.
Reprocessing module $paramod$ec32750dd17643fa2370e38a1307ef14fa5df8c6\ad_dds because instantiated module $paramod$c37e31fbc1f035ee21d368ea72d250c9aaa1aaa4\ad_dds_2 has become available.
Generating RTLIL representation for module `$paramod$ec32750dd17643fa2370e38a1307ef14fa5df8c6\ad_dds'.
Warning: Replacing memory \genblk1.dac_dds_phase_1_m with list of registers. See library/common/ad_dds.v:155, library/common/ad_dds.v:106
Warning: Replacing memory \genblk1.dac_dds_phase_0_m with list of registers. See library/common/ad_dds.v:154, library/common/ad_dds.v:105
Warning: Replacing memory \genblk1.dac_dds_phase_1 with list of registers. See library/common/ad_dds.v:139, library/common/ad_dds.v:104
Warning: Replacing memory \genblk1.dac_dds_phase_0 with list of registers. See library/common/ad_dds.v:138, library/common/ad_dds.v:103
Parameter \PHASE_DW = 16
Parameter \CORDIC_DW = 16
Parameter \DELAY_DW = 1
Found cached RTLIL representation for module `$paramod$f919bfc20aae617ee45b556c6a5a532dda20ca62\ad_dds_sine_cordic'.
Parameter \A_DATA_WIDTH = 17
Parameter \B_DATA_WIDTH = 17
Parameter \DELAY_DATA_WIDTH = 1
Found cached RTLIL representation for module `$paramod$e389ee0f820e37cbd51baaa4a718ddaec50b9f02\ad_mul'.

81.67. Analyzing design hierarchy..
Top module:  \axi_ad9361
Used module:     \axi_ad9361_tdd
Used module:         \ad_tdd_control
Used module:             $paramod$672535e974e317b73c1012fddfa18786e8b6b3ea\ad_addsub
Used module:         \up_tdd_cntrl
Used module:             $paramod\up_xfer_status\DATA_WIDTH=s32'00000000000000000000000000001000
Used module:             $paramod\up_xfer_cntrl\DATA_WIDTH=s32'00000000000000000000000010010000
Used module:             $paramod\up_xfer_cntrl\DATA_WIDTH=s32'00000000000000000000000000111111
Used module:     $paramod\axi_ad9361_tdd_if\LEVEL_OR_PULSE_N=s32'00000000000000000000000000000001
Used module:     $paramod$2828e6fa2c2c849584c016c07253c1d01eb88766\axi_ad9361_lvds_if
Used module:         \ad_data_clk
Used module:         $paramod$728b24706c860792f9f94356aaefd85f2720cc90\ad_data_out
Used module:         $paramod$ade101aacbcb73fc1c939f323e847488dbe340d8\ad_data_in
Used module:         $paramod$e249e690c434685c21db867b58e14e4de13e5506\ad_data_out
Used module:         $paramod$a9f54b726caf08e710b2a5a9bb259ec0d6f29569\ad_data_in
Used module:     \up_axi
Used module:     $paramod$5d70a5b32d31a338e01e61233e3f577e4629066f\axi_ad9361_tx
Used module:         \up_delay_cntrl
Used module:             \ad_rst
Used module:         \up_dac_common
Used module:             \up_clock_mon
Used module:             $paramod\up_xfer_status\DATA_WIDTH=s32'00000000000000000000000000100100
Used module:             $paramod\up_xfer_cntrl\DATA_WIDTH=s32'00000000000000000000000001100011
Used module:         \axi_ad9361_tx_channel
Used module:             $paramod$6d54ab4f464a1722e5f7488250c5db69e9e4010f\up_dac_channel
Used module:                 $paramod\up_xfer_cntrl\DATA_WIDTH=s32'00000000000000000000000011110000
Used module:             $paramod$ec32750dd17643fa2370e38a1307ef14fa5df8c6\ad_dds
Used module:                 \ad_dds_2
Used module:                     $paramod$edf0f11dfb4fc0714cc8b6408f44b7060064c50d\ad_dds_1
Used module:                         $paramod$f919bfc20aae617ee45b556c6a5a532dda20ca62\ad_dds_sine_cordic
Used module:                             \ad_dds_cordic_pipe
Used module:                         $paramod$e389ee0f820e37cbd51baaa4a718ddaec50b9f02\ad_mul
Used module:                             \ad_mul_open
Used module:             $paramod$ecb8c849d1fece165b181ff695f184fcee3bfd2b\ad_iqcor
Used module:                 $paramod\ad_mul\DELAY_DATA_WIDTH=s32'00000000000000000000000000010000
Used module:                     $paramod$8e25d8b6976da34eb2e4e8593925fe84a2ef1c64\ad_mul_open
Used module:                 $paramod\ad_mul\DELAY_DATA_WIDTH=s32'00000000000000000000000000010001
Used module:                     $paramod$fab52015263978c9ad228c108a6b4269c7745603\ad_mul_open
Used module:     $paramod$70571672d3c68afe2654ab18134157cff15951bb\axi_ad9361_rx
Used module:         \up_adc_common
Used module:             $paramod\up_xfer_cntrl\DATA_WIDTH=s32'00000000000000000000000001111010
Used module:         \axi_ad9361_rx_channel
Used module:             $paramod$14da6df1ffa4dd878723ae3248ad2bc5f6833921\up_adc_channel
Used module:                 \up_xfer_status
Used module:                 \up_xfer_cntrl
Used module:             $paramod\ad_dcfilter\DISABLE=s32'00000000000000000000000000000000
Used module:             $paramod$e18066ee9732abcc60dcc8e048073733cad550f0\ad_datafmt
Used module:             $paramod$cf4ca76302ce6a67a0e28fc9fc904a3b0f8fdc13\axi_ad9361_rx_pnmon
Used module:                 \ad_pnmon
Parameter \DISABLE = 1
Parameter \INIT_DELAY = 0
Parameter \DATA_WIDTH = 16
Parameter \BASE_ADDRESS = 6'010010
Found cached RTLIL representation for module `$paramod$96804e1f3670fc05a3cf88996835188cfbdda449\up_delay_cntrl'.
Parameter \ID = 0
Parameter \FPGA_TECHNOLOGY = 0
Parameter \FPGA_FAMILY = 0
Parameter \SPEED_GRADE = 0
Parameter \DEV_PACKAGE = 0
Parameter \CONFIG = 32
Parameter \CLK_EDGE_SEL = 0
Parameter \DRP_DISABLE = 1
Parameter \USERPORTS_DISABLE = 0
Parameter \GPIO_DISABLE = 0
Found cached RTLIL representation for module `$paramod$30aceb5ec2152527a06812c6234c1010a7f8f343\up_dac_common'.
Parameter \Q_OR_I_N = 1
Parameter \CHANNEL_ID = 3
Parameter \DISABLE = 0
Parameter \DAC_DDS_DISABLE = 0
Parameter \DAC_DDS_TYPE = 1
Parameter \DAC_DDS_PHASE_DW = 16
Parameter \DAC_DDS_CORDIC_DW = 14
Parameter \DAC_DDS_CORDIC_PHASE_DW = 13
Parameter \USERPORTS_DISABLE = 0
Parameter \IQCORRECTION_DISABLE = 0
Found cached RTLIL representation for module `$paramod$f6ea464bb1fce90b40d536f2882157f5b72f51cd\axi_ad9361_tx_channel'.
Parameter \Q_OR_I_N = 0
Parameter \CHANNEL_ID = 2
Parameter \DISABLE = 0
Parameter \DAC_DDS_DISABLE = 0
Parameter \DAC_DDS_TYPE = 1
Parameter \DAC_DDS_PHASE_DW = 16
Parameter \DAC_DDS_CORDIC_DW = 14
Parameter \DAC_DDS_CORDIC_PHASE_DW = 13
Parameter \USERPORTS_DISABLE = 0
Parameter \IQCORRECTION_DISABLE = 0
Found cached RTLIL representation for module `$paramod$b8407c642569fa76820e71254b3ce7f2cb70e5bd\axi_ad9361_tx_channel'.
Parameter \Q_OR_I_N = 1
Parameter \CHANNEL_ID = 1
Parameter \DISABLE = 0
Parameter \DAC_DDS_DISABLE = 0
Parameter \DAC_DDS_TYPE = 1
Parameter \DAC_DDS_PHASE_DW = 16
Parameter \DAC_DDS_CORDIC_DW = 14
Parameter \DAC_DDS_CORDIC_PHASE_DW = 13
Parameter \USERPORTS_DISABLE = 0
Parameter \IQCORRECTION_DISABLE = 0
Found cached RTLIL representation for module `$paramod$f04ad40bdf8aa464691dadd35b854d225672423c\axi_ad9361_tx_channel'.
Parameter \Q_OR_I_N = 0
Parameter \CHANNEL_ID = 0
Parameter \DISABLE = 0
Parameter \DAC_DDS_DISABLE = 0
Parameter \DAC_DDS_TYPE = 1
Parameter \DAC_DDS_PHASE_DW = 16
Parameter \DAC_DDS_CORDIC_DW = 14
Parameter \DAC_DDS_CORDIC_PHASE_DW = 13
Parameter \USERPORTS_DISABLE = 0
Parameter \IQCORRECTION_DISABLE = 0
Found cached RTLIL representation for module `$paramod$f18d4f07d8553268eed08c1891b68e073f6c5d4b\axi_ad9361_tx_channel'.
Parameter \INIT_DELAY = 0
Parameter \DATA_WIDTH = 13
Parameter \BASE_ADDRESS = 6'000010
Parameter \CUSTOM_RST = 1
Found cached RTLIL representation for module `$paramod$808ffbb8e239195d81ff0b7e0fbc3f3bd1be5b72\up_delay_cntrl'.
Parameter \ID = 0
Parameter \FPGA_TECHNOLOGY = 0
Parameter \FPGA_FAMILY = 0
Parameter \SPEED_GRADE = 0
Parameter \DEV_PACKAGE = 0
Parameter \CONFIG = 0
Parameter \DRP_DISABLE = 1
Parameter \USERPORTS_DISABLE = 0
Parameter \GPIO_DISABLE = 0
Parameter \START_CODE_DISABLE = 0
Found cached RTLIL representation for module `$paramod$fb6a0404fbc12fe931811ed63b11595579d38020\up_adc_common'.
Parameter \Q_OR_I_N = 1
Parameter \CHANNEL_ID = 3
Parameter \DISABLE = 0
Parameter \USERPORTS_DISABLE = 0
Parameter \DATAFORMAT_DISABLE = 0
Parameter \DCFILTER_DISABLE = 0
Parameter \IQCORRECTION_DISABLE = 0
Found cached RTLIL representation for module `$paramod$2bf098fb2a0cd3e466e22c156fdcb17a0d064d4c\axi_ad9361_rx_channel'.
Parameter \Q_OR_I_N = 0
Parameter \CHANNEL_ID = 2
Parameter \DISABLE = 0
Parameter \USERPORTS_DISABLE = 0
Parameter \DATAFORMAT_DISABLE = 0
Parameter \DCFILTER_DISABLE = 0
Parameter \IQCORRECTION_DISABLE = 0
Found cached RTLIL representation for module `$paramod$7cfa42d7e3c96789b560d3b566db4bc10b761cc0\axi_ad9361_rx_channel'.
Parameter \Q_OR_I_N = 1
Parameter \CHANNEL_ID = 1
Parameter \DISABLE = 0
Parameter \USERPORTS_DISABLE = 0
Parameter \DATAFORMAT_DISABLE = 0
Parameter \DCFILTER_DISABLE = 0
Parameter \IQCORRECTION_DISABLE = 0
Found cached RTLIL representation for module `$paramod$2ff6e2dcbc3ae32f49ad6e68fc72af49994b408a\axi_ad9361_rx_channel'.
Parameter \Q_OR_I_N = 0
Parameter \CHANNEL_ID = 0
Parameter \DISABLE = 0
Parameter \USERPORTS_DISABLE = 0
Parameter \DATAFORMAT_DISABLE = 0
Parameter \DCFILTER_DISABLE = 0
Parameter \IQCORRECTION_DISABLE = 0
Found cached RTLIL representation for module `$paramod$b0f9cd840ebf625ce1cf48e7083633a06f859b31\axi_ad9361_rx_channel'.
Parameter \DATA_WIDTH = 44
Found cached RTLIL representation for module `$paramod\up_xfer_status\DATA_WIDTH=s32'00000000000000000000000000101100'.
Parameter \DATA_WIDTH = 81
Found cached RTLIL representation for module `$paramod\up_xfer_cntrl\DATA_WIDTH=s32'00000000000000000000000001010001'.
Parameter \DATA_WIDTH = 24
Found cached RTLIL representation for module `$paramod\ad_pnmon\DATA_WIDTH=s32'00000000000000000000000000011000'.
Parameter \DDS_DW = 12
Parameter \PHASE_DW = 16
Parameter \DDS_TYPE = 1
Parameter \CORDIC_DW = 14
Parameter \CORDIC_PHASE_DW = 13
Found cached RTLIL representation for module `$paramod$c37e31fbc1f035ee21d368ea72d250c9aaa1aaa4\ad_dds_2'.
Parameter \P_DW = 16
Parameter \D_DW = 16
Parameter \DELAY_DW = 1
Parameter \SHIFT = 14
Found cached RTLIL representation for module `$paramod$bf59611eb29e42fd4c027720a518546848dbba9d\ad_dds_cordic_pipe'.
Parameter \P_DW = 16
Parameter \D_DW = 16
Parameter \DELAY_DW = 1
Parameter \SHIFT = 13
Found cached RTLIL representation for module `$paramod$52a8922f0ce8a6b3c334392f2680a259dcba6426\ad_dds_cordic_pipe'.
Parameter \P_DW = 16
Parameter \D_DW = 16
Parameter \DELAY_DW = 1
Parameter \SHIFT = 12
Found cached RTLIL representation for module `$paramod$f747b853a97badc5b9c0c4e2934791b60628ac6c\ad_dds_cordic_pipe'.
Parameter \P_DW = 16
Parameter \D_DW = 16
Parameter \DELAY_DW = 1
Parameter \SHIFT = 11
Found cached RTLIL representation for module `$paramod$c8de5be879843654e172cb5d83ae94a2af9a11e7\ad_dds_cordic_pipe'.
Parameter \P_DW = 16
Parameter \D_DW = 16
Parameter \DELAY_DW = 1
Parameter \SHIFT = 10
Found cached RTLIL representation for module `$paramod$9ff5d3c6179abbad0c1ac90857b6d1b9819e1dc4\ad_dds_cordic_pipe'.
Parameter \P_DW = 16
Parameter \D_DW = 16
Parameter \DELAY_DW = 1
Parameter \SHIFT = 9
Found cached RTLIL representation for module `$paramod$836dae13ffa1dccb9dc4f09cebc754e5723523f8\ad_dds_cordic_pipe'.
Parameter \P_DW = 16
Parameter \D_DW = 16
Parameter \DELAY_DW = 1
Parameter \SHIFT = 8
Found cached RTLIL representation for module `$paramod$e440a4caf0ca09d2263bd1f9af04cadde031b516\ad_dds_cordic_pipe'.
Parameter \P_DW = 16
Parameter \D_DW = 16
Parameter \DELAY_DW = 1
Parameter \SHIFT = 7
Found cached RTLIL representation for module `$paramod$c0d9ac01f3c43c5c378c112fb1af98133592f698\ad_dds_cordic_pipe'.
Parameter \P_DW = 16
Parameter \D_DW = 16
Parameter \DELAY_DW = 1
Parameter \SHIFT = 6
Found cached RTLIL representation for module `$paramod$ad9cedd27f016397b5ebe7cc215ac41cf7dcd498\ad_dds_cordic_pipe'.
Parameter \P_DW = 16
Parameter \D_DW = 16
Parameter \DELAY_DW = 1
Parameter \SHIFT = 5
Found cached RTLIL representation for module `$paramod$16af622096e149dc8520fb2ad55478600bc02cbe\ad_dds_cordic_pipe'.
Parameter \P_DW = 16
Parameter \D_DW = 16
Parameter \DELAY_DW = 1
Parameter \SHIFT = 4
Found cached RTLIL representation for module `$paramod$0222fe6ed579a6f3ca426fa95fdc90a61ba1e416\ad_dds_cordic_pipe'.
Parameter \P_DW = 16
Parameter \D_DW = 16
Parameter \DELAY_DW = 1
Parameter \SHIFT = 3
Found cached RTLIL representation for module `$paramod$3d45f64e10347c204fb1992880ea5723261007a8\ad_dds_cordic_pipe'.
Parameter \P_DW = 16
Parameter \D_DW = 16
Parameter \DELAY_DW = 1
Parameter \SHIFT = 2
Found cached RTLIL representation for module `$paramod$369adcb94b4137da2f7af331d708a9f2aa4db05e\ad_dds_cordic_pipe'.
Parameter \P_DW = 16
Parameter \D_DW = 16
Parameter \DELAY_DW = 1
Parameter \SHIFT = 1
Found cached RTLIL representation for module `$paramod$0d65cb90a9a9bbf8a8ab5c5ad27afb254b3e65d8\ad_dds_cordic_pipe'.
Parameter \P_DW = 16
Parameter \D_DW = 16
Parameter \DELAY_DW = 1
Parameter \SHIFT = 0
Found cached RTLIL representation for module `$paramod$56bd40c9cf3b6aa19d2a3e17a185872c1d89d18d\ad_dds_cordic_pipe'.
Reprocessing module $paramod$f919bfc20aae617ee45b556c6a5a532dda20ca62\ad_dds_sine_cordic because instantiated module $paramod$bf59611eb29e42fd4c027720a518546848dbba9d\ad_dds_cordic_pipe has become available.
Generating RTLIL representation for module `$paramod$f919bfc20aae617ee45b556c6a5a532dda20ca62\ad_dds_sine_cordic'.
library/common/ad_dds_sine_cordic.v:66: Warning: converting real value 1.989447e+04 to binary 16'0100110110110110.
Parameter \A_DATA_WIDTH = 17
Parameter \B_DATA_WIDTH = 17
Parameter \DELAY_DATA_WIDTH = 1

81.68. Executing AST frontend in derive mode using pre-parsed AST for module `\ad_mul_open'.
Parameter \A_DATA_WIDTH = 17
Parameter \B_DATA_WIDTH = 17
Parameter \DELAY_DATA_WIDTH = 1
Generating RTLIL representation for module `$paramod$e389ee0f820e37cbd51baaa4a718ddaec50b9f02\ad_mul_open'.

81.69. Analyzing design hierarchy..
Top module:  \axi_ad9361
Used module:     \axi_ad9361_tdd
Used module:         \ad_tdd_control
Used module:             $paramod$672535e974e317b73c1012fddfa18786e8b6b3ea\ad_addsub
Used module:         \up_tdd_cntrl
Used module:             $paramod\up_xfer_status\DATA_WIDTH=s32'00000000000000000000000000001000
Used module:             $paramod\up_xfer_cntrl\DATA_WIDTH=s32'00000000000000000000000010010000
Used module:             $paramod\up_xfer_cntrl\DATA_WIDTH=s32'00000000000000000000000000111111
Used module:     $paramod\axi_ad9361_tdd_if\LEVEL_OR_PULSE_N=s32'00000000000000000000000000000001
Used module:     $paramod$2828e6fa2c2c849584c016c07253c1d01eb88766\axi_ad9361_lvds_if
Used module:         \ad_data_clk
Used module:         $paramod$728b24706c860792f9f94356aaefd85f2720cc90\ad_data_out
Used module:         $paramod$ade101aacbcb73fc1c939f323e847488dbe340d8\ad_data_in
Used module:         $paramod$e249e690c434685c21db867b58e14e4de13e5506\ad_data_out
Used module:         $paramod$a9f54b726caf08e710b2a5a9bb259ec0d6f29569\ad_data_in
Used module:     \up_axi
Used module:     $paramod$5d70a5b32d31a338e01e61233e3f577e4629066f\axi_ad9361_tx
Used module:         $paramod$96804e1f3670fc05a3cf88996835188cfbdda449\up_delay_cntrl
Used module:         $paramod$30aceb5ec2152527a06812c6234c1010a7f8f343\up_dac_common
Used module:             \up_clock_mon
Used module:             \up_xfer_status
Used module:             \up_xfer_cntrl
Used module:             \ad_rst
Used module:         $paramod$f6ea464bb1fce90b40d536f2882157f5b72f51cd\axi_ad9361_tx_channel
Used module:             \up_dac_channel
Used module:                 $paramod\up_xfer_cntrl\DATA_WIDTH=s32'00000000000000000000000011110000
Used module:             \ad_dds
Used module:                 \ad_dds_2
Used module:                     $paramod$edf0f11dfb4fc0714cc8b6408f44b7060064c50d\ad_dds_1
Used module:                         $paramod$f919bfc20aae617ee45b556c6a5a532dda20ca62\ad_dds_sine_cordic
Used module:                             \ad_dds_cordic_pipe
Used module:                         $paramod$e389ee0f820e37cbd51baaa4a718ddaec50b9f02\ad_mul
Used module:                             $paramod$e389ee0f820e37cbd51baaa4a718ddaec50b9f02\ad_mul_open
Used module:             \ad_iqcor
Used module:                 $paramod\ad_mul\DELAY_DATA_WIDTH=s32'00000000000000000000000000010000
Used module:                     $paramod$8e25d8b6976da34eb2e4e8593925fe84a2ef1c64\ad_mul_open
Used module:                 $paramod\ad_mul\DELAY_DATA_WIDTH=s32'00000000000000000000000000010001
Used module:                     $paramod$fab52015263978c9ad228c108a6b4269c7745603\ad_mul_open
Used module:         $paramod$b8407c642569fa76820e71254b3ce7f2cb70e5bd\axi_ad9361_tx_channel
Used module:         $paramod$f04ad40bdf8aa464691dadd35b854d225672423c\axi_ad9361_tx_channel
Used module:         $paramod$f18d4f07d8553268eed08c1891b68e073f6c5d4b\axi_ad9361_tx_channel
Used module:     $paramod$70571672d3c68afe2654ab18134157cff15951bb\axi_ad9361_rx
Used module:         $paramod$808ffbb8e239195d81ff0b7e0fbc3f3bd1be5b72\up_delay_cntrl
Used module:         $paramod$fb6a0404fbc12fe931811ed63b11595579d38020\up_adc_common
Used module:         $paramod$2bf098fb2a0cd3e466e22c156fdcb17a0d064d4c\axi_ad9361_rx_channel
Used module:             \up_adc_channel
Used module:                 $paramod\up_xfer_status\DATA_WIDTH=s32'00000000000000000000000000101100
Used module:                 $paramod\up_xfer_cntrl\DATA_WIDTH=s32'00000000000000000000000001010001
Used module:             \ad_dcfilter
Used module:             \ad_datafmt
Used module:             \axi_ad9361_rx_pnmon
Used module:                 $paramod\ad_pnmon\DATA_WIDTH=s32'00000000000000000000000000011000
Used module:         $paramod$7cfa42d7e3c96789b560d3b566db4bc10b761cc0\axi_ad9361_rx_channel
Used module:         $paramod$2ff6e2dcbc3ae32f49ad6e68fc72af49994b408a\axi_ad9361_rx_channel
Used module:         $paramod$b0f9cd840ebf625ce1cf48e7083633a06f859b31\axi_ad9361_rx_channel
Parameter \DDS_DW = 16
Parameter \PHASE_DW = 16
Parameter \DDS_TYPE = 1
Parameter \CORDIC_DW = 16
Parameter \CORDIC_PHASE_DW = 16
Found cached RTLIL representation for module `$paramod$247e89b81513cb7fc0d1814140fcdb8ef4da83b2\ad_dds_2'.
Parameter \COMMON_ID = 6'010001
Parameter \CHANNEL_ID = 0
Parameter \DDS_DISABLE = 0
Parameter \DDS_PHASE_DW = 16
Parameter \USERPORTS_DISABLE = 0
Parameter \IQCORRECTION_DISABLE = 0

81.70. Executing AST frontend in derive mode using pre-parsed AST for module `\up_dac_channel'.
Parameter \COMMON_ID = 6'010001
Parameter \CHANNEL_ID = 0
Parameter \DDS_DISABLE = 0
Parameter \DDS_PHASE_DW = 16
Parameter \USERPORTS_DISABLE = 0
Parameter \IQCORRECTION_DISABLE = 0
Generating RTLIL representation for module `$paramod$e867bcf7a453308fbfda294525152f39765c1a1e\up_dac_channel'.
Parameter \DISABLE = 0
Parameter \DDS_DW = 12
Parameter \PHASE_DW = 16
Parameter \DDS_TYPE = 1
Parameter \CORDIC_DW = 14
Parameter \CORDIC_PHASE_DW = 13
Parameter \CLK_RATIO = 1
Found cached RTLIL representation for module `$paramod$ec32750dd17643fa2370e38a1307ef14fa5df8c6\ad_dds'.
Parameter \Q_OR_I_N = 0
Parameter \DISABLE = 0
Found cached RTLIL representation for module `$paramod$ecb8c849d1fece165b181ff695f184fcee3bfd2b\ad_iqcor'.
Parameter \COMMON_ID = 6'010001
Parameter \CHANNEL_ID = 1
Parameter \DDS_DISABLE = 0
Parameter \DDS_PHASE_DW = 16
Parameter \USERPORTS_DISABLE = 0
Parameter \IQCORRECTION_DISABLE = 0

81.71. Executing AST frontend in derive mode using pre-parsed AST for module `\up_dac_channel'.
Parameter \COMMON_ID = 6'010001
Parameter \CHANNEL_ID = 1
Parameter \DDS_DISABLE = 0
Parameter \DDS_PHASE_DW = 16
Parameter \USERPORTS_DISABLE = 0
Parameter \IQCORRECTION_DISABLE = 0
Generating RTLIL representation for module `$paramod$5d63389c7d4a52a6e195a41062986521c92dcd43\up_dac_channel'.
Parameter \DISABLE = 0
Parameter \DDS_DW = 12
Parameter \PHASE_DW = 16
Parameter \DDS_TYPE = 1
Parameter \CORDIC_DW = 14
Parameter \CORDIC_PHASE_DW = 13
Parameter \CLK_RATIO = 1
Found cached RTLIL representation for module `$paramod$ec32750dd17643fa2370e38a1307ef14fa5df8c6\ad_dds'.
Parameter \Q_OR_I_N = 1
Parameter \DISABLE = 0

81.72. Executing AST frontend in derive mode using pre-parsed AST for module `\ad_iqcor'.
Parameter \Q_OR_I_N = 1
Parameter \DISABLE = 0
Generating RTLIL representation for module `$paramod$002166e073bc16f0af47b2af4675ef322847d383\ad_iqcor'.
Parameter \COMMON_ID = 6'010001
Parameter \CHANNEL_ID = 2
Parameter \DDS_DISABLE = 0
Parameter \DDS_PHASE_DW = 16
Parameter \USERPORTS_DISABLE = 0
Parameter \IQCORRECTION_DISABLE = 0

81.73. Executing AST frontend in derive mode using pre-parsed AST for module `\up_dac_channel'.
Parameter \COMMON_ID = 6'010001
Parameter \CHANNEL_ID = 2
Parameter \DDS_DISABLE = 0
Parameter \DDS_PHASE_DW = 16
Parameter \USERPORTS_DISABLE = 0
Parameter \IQCORRECTION_DISABLE = 0
Generating RTLIL representation for module `$paramod$028851b7329d40fb191e05f7f27e97fb5c20066b\up_dac_channel'.
Parameter \DISABLE = 0
Parameter \DDS_DW = 12
Parameter \PHASE_DW = 16
Parameter \DDS_TYPE = 1
Parameter \CORDIC_DW = 14
Parameter \CORDIC_PHASE_DW = 13
Parameter \CLK_RATIO = 1
Found cached RTLIL representation for module `$paramod$ec32750dd17643fa2370e38a1307ef14fa5df8c6\ad_dds'.
Parameter \Q_OR_I_N = 0
Parameter \DISABLE = 0
Found cached RTLIL representation for module `$paramod$ecb8c849d1fece165b181ff695f184fcee3bfd2b\ad_iqcor'.
Parameter \COMMON_ID = 6'010001
Parameter \CHANNEL_ID = 3
Parameter \DDS_DISABLE = 0
Parameter \DDS_PHASE_DW = 16
Parameter \USERPORTS_DISABLE = 0
Parameter \IQCORRECTION_DISABLE = 0

81.74. Executing AST frontend in derive mode using pre-parsed AST for module `\up_dac_channel'.
Parameter \COMMON_ID = 6'010001
Parameter \CHANNEL_ID = 3
Parameter \DDS_DISABLE = 0
Parameter \DDS_PHASE_DW = 16
Parameter \USERPORTS_DISABLE = 0
Parameter \IQCORRECTION_DISABLE = 0
Generating RTLIL representation for module `$paramod$32ecc49b511816b382b19968d9724d9988cde396\up_dac_channel'.
Parameter \DISABLE = 0
Parameter \DDS_DW = 12
Parameter \PHASE_DW = 16
Parameter \DDS_TYPE = 1
Parameter \CORDIC_DW = 14
Parameter \CORDIC_PHASE_DW = 13
Parameter \CLK_RATIO = 1
Found cached RTLIL representation for module `$paramod$ec32750dd17643fa2370e38a1307ef14fa5df8c6\ad_dds'.
Parameter \Q_OR_I_N = 1
Parameter \DISABLE = 0
Found cached RTLIL representation for module `$paramod$002166e073bc16f0af47b2af4675ef322847d383\ad_iqcor'.
Parameter \DATA_WIDTH = 36
Found cached RTLIL representation for module `$paramod\up_xfer_status\DATA_WIDTH=s32'00000000000000000000000000100100'.
Parameter \DATA_WIDTH = 99
Found cached RTLIL representation for module `$paramod\up_xfer_cntrl\DATA_WIDTH=s32'00000000000000000000000001100011'.
Parameter \CHANNEL_ID = 0
Parameter \USERPORTS_DISABLE = 0
Parameter \DATAFORMAT_DISABLE = 0
Parameter \DCFILTER_DISABLE = 0
Parameter \IQCORRECTION_DISABLE = 0
Found cached RTLIL representation for module `$paramod$14da6df1ffa4dd878723ae3248ad2bc5f6833921\up_adc_channel'.
Parameter \Q_OR_I_N = 0
Parameter \DISABLE = 0
Found cached RTLIL representation for module `$paramod$ecb8c849d1fece165b181ff695f184fcee3bfd2b\ad_iqcor'.
Parameter \DISABLE = 0
Found cached RTLIL representation for module `$paramod\ad_dcfilter\DISABLE=s32'00000000000000000000000000000000'.
Parameter \DATA_WIDTH = 12
Parameter \DISABLE = 0
Found cached RTLIL representation for module `$paramod$e18066ee9732abcc60dcc8e048073733cad550f0\ad_datafmt'.
Parameter \Q_OR_I_N = 0
Parameter \PRBS_SEL = 0
Found cached RTLIL representation for module `$paramod$cf4ca76302ce6a67a0e28fc9fc904a3b0f8fdc13\axi_ad9361_rx_pnmon'.
Reprocessing module $paramod$b0f9cd840ebf625ce1cf48e7083633a06f859b31\axi_ad9361_rx_channel because instantiated module $paramod$14da6df1ffa4dd878723ae3248ad2bc5f6833921\up_adc_channel has become available.
Generating RTLIL representation for module `$paramod$b0f9cd840ebf625ce1cf48e7083633a06f859b31\axi_ad9361_rx_channel'.
Parameter \CHANNEL_ID = 1
Parameter \USERPORTS_DISABLE = 0
Parameter \DATAFORMAT_DISABLE = 0
Parameter \DCFILTER_DISABLE = 0
Parameter \IQCORRECTION_DISABLE = 0

81.75. Executing AST frontend in derive mode using pre-parsed AST for module `\up_adc_channel'.
Parameter \CHANNEL_ID = 1
Parameter \USERPORTS_DISABLE = 0
Parameter \DATAFORMAT_DISABLE = 0
Parameter \DCFILTER_DISABLE = 0
Parameter \IQCORRECTION_DISABLE = 0
Generating RTLIL representation for module `$paramod$454e10619c60c00c8e019a4ef328014acf0a3bb0\up_adc_channel'.
Parameter \Q_OR_I_N = 1
Parameter \DISABLE = 0
Found cached RTLIL representation for module `$paramod$002166e073bc16f0af47b2af4675ef322847d383\ad_iqcor'.
Parameter \DISABLE = 0
Found cached RTLIL representation for module `$paramod\ad_dcfilter\DISABLE=s32'00000000000000000000000000000000'.
Parameter \DATA_WIDTH = 12
Parameter \DISABLE = 0
Found cached RTLIL representation for module `$paramod$e18066ee9732abcc60dcc8e048073733cad550f0\ad_datafmt'.
Parameter \Q_OR_I_N = 1
Parameter \PRBS_SEL = 1

81.76. Executing AST frontend in derive mode using pre-parsed AST for module `\axi_ad9361_rx_pnmon'.
Parameter \Q_OR_I_N = 1
Parameter \PRBS_SEL = 1
Generating RTLIL representation for module `$paramod$08c0ef3c58e88d50542e5fe771550ae278f3ee26\axi_ad9361_rx_pnmon'.
Reprocessing module $paramod$2ff6e2dcbc3ae32f49ad6e68fc72af49994b408a\axi_ad9361_rx_channel because instantiated module $paramod$454e10619c60c00c8e019a4ef328014acf0a3bb0\up_adc_channel has become available.
Generating RTLIL representation for module `$paramod$2ff6e2dcbc3ae32f49ad6e68fc72af49994b408a\axi_ad9361_rx_channel'.
Parameter \CHANNEL_ID = 2
Parameter \USERPORTS_DISABLE = 0
Parameter \DATAFORMAT_DISABLE = 0
Parameter \DCFILTER_DISABLE = 0
Parameter \IQCORRECTION_DISABLE = 0

81.77. Executing AST frontend in derive mode using pre-parsed AST for module `\up_adc_channel'.
Parameter \CHANNEL_ID = 2
Parameter \USERPORTS_DISABLE = 0
Parameter \DATAFORMAT_DISABLE = 0
Parameter \DCFILTER_DISABLE = 0
Parameter \IQCORRECTION_DISABLE = 0
Generating RTLIL representation for module `$paramod$075db056168ce21a9940fcc6d11c505caa701339\up_adc_channel'.
Parameter \Q_OR_I_N = 0
Parameter \DISABLE = 0
Found cached RTLIL representation for module `$paramod$ecb8c849d1fece165b181ff695f184fcee3bfd2b\ad_iqcor'.
Parameter \DISABLE = 0
Found cached RTLIL representation for module `$paramod\ad_dcfilter\DISABLE=s32'00000000000000000000000000000000'.
Parameter \DATA_WIDTH = 12
Parameter \DISABLE = 0
Found cached RTLIL representation for module `$paramod$e18066ee9732abcc60dcc8e048073733cad550f0\ad_datafmt'.
Parameter \Q_OR_I_N = 0
Parameter \PRBS_SEL = 2

81.78. Executing AST frontend in derive mode using pre-parsed AST for module `\axi_ad9361_rx_pnmon'.
Parameter \Q_OR_I_N = 0
Parameter \PRBS_SEL = 2
Generating RTLIL representation for module `$paramod$8a16ee1ad89ca553e349b8e2b0b1c722be5cafa1\axi_ad9361_rx_pnmon'.
Reprocessing module $paramod$7cfa42d7e3c96789b560d3b566db4bc10b761cc0\axi_ad9361_rx_channel because instantiated module $paramod$075db056168ce21a9940fcc6d11c505caa701339\up_adc_channel has become available.
Generating RTLIL representation for module `$paramod$7cfa42d7e3c96789b560d3b566db4bc10b761cc0\axi_ad9361_rx_channel'.
Parameter \CHANNEL_ID = 3
Parameter \USERPORTS_DISABLE = 0
Parameter \DATAFORMAT_DISABLE = 0
Parameter \DCFILTER_DISABLE = 0
Parameter \IQCORRECTION_DISABLE = 0

81.79. Executing AST frontend in derive mode using pre-parsed AST for module `\up_adc_channel'.
Parameter \CHANNEL_ID = 3
Parameter \USERPORTS_DISABLE = 0
Parameter \DATAFORMAT_DISABLE = 0
Parameter \DCFILTER_DISABLE = 0
Parameter \IQCORRECTION_DISABLE = 0
Generating RTLIL representation for module `$paramod$6a10527713af470a1183d0e580292016979fac01\up_adc_channel'.
Parameter \Q_OR_I_N = 1
Parameter \DISABLE = 0
Found cached RTLIL representation for module `$paramod$002166e073bc16f0af47b2af4675ef322847d383\ad_iqcor'.
Parameter \DISABLE = 0
Found cached RTLIL representation for module `$paramod\ad_dcfilter\DISABLE=s32'00000000000000000000000000000000'.
Parameter \DATA_WIDTH = 12
Parameter \DISABLE = 0
Found cached RTLIL representation for module `$paramod$e18066ee9732abcc60dcc8e048073733cad550f0\ad_datafmt'.
Parameter \Q_OR_I_N = 1
Parameter \PRBS_SEL = 3

81.80. Executing AST frontend in derive mode using pre-parsed AST for module `\axi_ad9361_rx_pnmon'.
Parameter \Q_OR_I_N = 1
Parameter \PRBS_SEL = 3
Generating RTLIL representation for module `$paramod$510719eea8a5a56e59f75f0b457dfab6bd646089\axi_ad9361_rx_pnmon'.
Reprocessing module $paramod$2bf098fb2a0cd3e466e22c156fdcb17a0d064d4c\axi_ad9361_rx_channel because instantiated module $paramod$6a10527713af470a1183d0e580292016979fac01\up_adc_channel has become available.
Generating RTLIL representation for module `$paramod$2bf098fb2a0cd3e466e22c156fdcb17a0d064d4c\axi_ad9361_rx_channel'.
Parameter \DATA_WIDTH = 36
Found cached RTLIL representation for module `$paramod\up_xfer_status\DATA_WIDTH=s32'00000000000000000000000000100100'.
Parameter \DATA_WIDTH = 122
Found cached RTLIL representation for module `$paramod\up_xfer_cntrl\DATA_WIDTH=s32'00000000000000000000000001111010'.
Parameter \P_DW = 16
Parameter \D_DW = 16
Parameter \DELAY_DW = 1
Parameter \SHIFT = 14
Found cached RTLIL representation for module `$paramod$bf59611eb29e42fd4c027720a518546848dbba9d\ad_dds_cordic_pipe'.
Parameter \P_DW = 16
Parameter \D_DW = 16
Parameter \DELAY_DW = 1
Parameter \SHIFT = 13
Found cached RTLIL representation for module `$paramod$52a8922f0ce8a6b3c334392f2680a259dcba6426\ad_dds_cordic_pipe'.
Parameter \P_DW = 16
Parameter \D_DW = 16
Parameter \DELAY_DW = 1
Parameter \SHIFT = 12
Found cached RTLIL representation for module `$paramod$f747b853a97badc5b9c0c4e2934791b60628ac6c\ad_dds_cordic_pipe'.
Parameter \P_DW = 16
Parameter \D_DW = 16
Parameter \DELAY_DW = 1
Parameter \SHIFT = 11
Found cached RTLIL representation for module `$paramod$c8de5be879843654e172cb5d83ae94a2af9a11e7\ad_dds_cordic_pipe'.
Parameter \P_DW = 16
Parameter \D_DW = 16
Parameter \DELAY_DW = 1
Parameter \SHIFT = 10
Found cached RTLIL representation for module `$paramod$9ff5d3c6179abbad0c1ac90857b6d1b9819e1dc4\ad_dds_cordic_pipe'.
Parameter \P_DW = 16
Parameter \D_DW = 16
Parameter \DELAY_DW = 1
Parameter \SHIFT = 9
Found cached RTLIL representation for module `$paramod$836dae13ffa1dccb9dc4f09cebc754e5723523f8\ad_dds_cordic_pipe'.
Parameter \P_DW = 16
Parameter \D_DW = 16
Parameter \DELAY_DW = 1
Parameter \SHIFT = 8
Found cached RTLIL representation for module `$paramod$e440a4caf0ca09d2263bd1f9af04cadde031b516\ad_dds_cordic_pipe'.
Parameter \P_DW = 16
Parameter \D_DW = 16
Parameter \DELAY_DW = 1
Parameter \SHIFT = 7
Found cached RTLIL representation for module `$paramod$c0d9ac01f3c43c5c378c112fb1af98133592f698\ad_dds_cordic_pipe'.
Parameter \P_DW = 16
Parameter \D_DW = 16
Parameter \DELAY_DW = 1
Parameter \SHIFT = 6
Found cached RTLIL representation for module `$paramod$ad9cedd27f016397b5ebe7cc215ac41cf7dcd498\ad_dds_cordic_pipe'.
Parameter \P_DW = 16
Parameter \D_DW = 16
Parameter \DELAY_DW = 1
Parameter \SHIFT = 5
Found cached RTLIL representation for module `$paramod$16af622096e149dc8520fb2ad55478600bc02cbe\ad_dds_cordic_pipe'.
Parameter \P_DW = 16
Parameter \D_DW = 16
Parameter \DELAY_DW = 1
Parameter \SHIFT = 4
Found cached RTLIL representation for module `$paramod$0222fe6ed579a6f3ca426fa95fdc90a61ba1e416\ad_dds_cordic_pipe'.
Parameter \P_DW = 16
Parameter \D_DW = 16
Parameter \DELAY_DW = 1
Parameter \SHIFT = 3
Found cached RTLIL representation for module `$paramod$3d45f64e10347c204fb1992880ea5723261007a8\ad_dds_cordic_pipe'.
Parameter \P_DW = 16
Parameter \D_DW = 16
Parameter \DELAY_DW = 1
Parameter \SHIFT = 2
Found cached RTLIL representation for module `$paramod$369adcb94b4137da2f7af331d708a9f2aa4db05e\ad_dds_cordic_pipe'.
Parameter \P_DW = 16
Parameter \D_DW = 16
Parameter \DELAY_DW = 1
Parameter \SHIFT = 1
Found cached RTLIL representation for module `$paramod$0d65cb90a9a9bbf8a8ab5c5ad27afb254b3e65d8\ad_dds_cordic_pipe'.
Parameter \P_DW = 16
Parameter \D_DW = 16
Parameter \DELAY_DW = 1
Parameter \SHIFT = 0
Found cached RTLIL representation for module `$paramod$56bd40c9cf3b6aa19d2a3e17a185872c1d89d18d\ad_dds_cordic_pipe'.

81.81. Analyzing design hierarchy..
Top module:  \axi_ad9361
Used module:     \axi_ad9361_tdd
Used module:         \ad_tdd_control
Used module:             $paramod$672535e974e317b73c1012fddfa18786e8b6b3ea\ad_addsub
Used module:         \up_tdd_cntrl
Used module:             $paramod\up_xfer_status\DATA_WIDTH=s32'00000000000000000000000000001000
Used module:             $paramod\up_xfer_cntrl\DATA_WIDTH=s32'00000000000000000000000010010000
Used module:             $paramod\up_xfer_cntrl\DATA_WIDTH=s32'00000000000000000000000000111111
Used module:     $paramod\axi_ad9361_tdd_if\LEVEL_OR_PULSE_N=s32'00000000000000000000000000000001
Used module:     $paramod$2828e6fa2c2c849584c016c07253c1d01eb88766\axi_ad9361_lvds_if
Used module:         \ad_data_clk
Used module:         $paramod$728b24706c860792f9f94356aaefd85f2720cc90\ad_data_out
Used module:         $paramod$ade101aacbcb73fc1c939f323e847488dbe340d8\ad_data_in
Used module:         $paramod$e249e690c434685c21db867b58e14e4de13e5506\ad_data_out
Used module:         $paramod$a9f54b726caf08e710b2a5a9bb259ec0d6f29569\ad_data_in
Used module:     \up_axi
Used module:     $paramod$5d70a5b32d31a338e01e61233e3f577e4629066f\axi_ad9361_tx
Used module:         $paramod$96804e1f3670fc05a3cf88996835188cfbdda449\up_delay_cntrl
Used module:         $paramod$30aceb5ec2152527a06812c6234c1010a7f8f343\up_dac_common
Used module:             \up_clock_mon
Used module:             $paramod\up_xfer_status\DATA_WIDTH=s32'00000000000000000000000000100100
Used module:             $paramod\up_xfer_cntrl\DATA_WIDTH=s32'00000000000000000000000001100011
Used module:             \ad_rst
Used module:         $paramod$f6ea464bb1fce90b40d536f2882157f5b72f51cd\axi_ad9361_tx_channel
Used module:             $paramod$32ecc49b511816b382b19968d9724d9988cde396\up_dac_channel
Used module:                 \up_xfer_cntrl
Used module:             $paramod$ec32750dd17643fa2370e38a1307ef14fa5df8c6\ad_dds
Used module:                 $paramod$c37e31fbc1f035ee21d368ea72d250c9aaa1aaa4\ad_dds_2
Used module:                     \ad_dds_1
Used module:                         $paramod$f919bfc20aae617ee45b556c6a5a532dda20ca62\ad_dds_sine_cordic
Used module:                             $paramod$bf59611eb29e42fd4c027720a518546848dbba9d\ad_dds_cordic_pipe
Used module:                             $paramod$52a8922f0ce8a6b3c334392f2680a259dcba6426\ad_dds_cordic_pipe
Used module:                             $paramod$f747b853a97badc5b9c0c4e2934791b60628ac6c\ad_dds_cordic_pipe
Used module:                             $paramod$c8de5be879843654e172cb5d83ae94a2af9a11e7\ad_dds_cordic_pipe
Used module:                             $paramod$9ff5d3c6179abbad0c1ac90857b6d1b9819e1dc4\ad_dds_cordic_pipe
Used module:                             $paramod$836dae13ffa1dccb9dc4f09cebc754e5723523f8\ad_dds_cordic_pipe
Used module:                             $paramod$e440a4caf0ca09d2263bd1f9af04cadde031b516\ad_dds_cordic_pipe
Used module:                             $paramod$c0d9ac01f3c43c5c378c112fb1af98133592f698\ad_dds_cordic_pipe
Used module:                             $paramod$ad9cedd27f016397b5ebe7cc215ac41cf7dcd498\ad_dds_cordic_pipe
Used module:                             $paramod$16af622096e149dc8520fb2ad55478600bc02cbe\ad_dds_cordic_pipe
Used module:                             $paramod$0222fe6ed579a6f3ca426fa95fdc90a61ba1e416\ad_dds_cordic_pipe
Used module:                             $paramod$3d45f64e10347c204fb1992880ea5723261007a8\ad_dds_cordic_pipe
Used module:                             $paramod$369adcb94b4137da2f7af331d708a9f2aa4db05e\ad_dds_cordic_pipe
Used module:                             $paramod$0d65cb90a9a9bbf8a8ab5c5ad27afb254b3e65d8\ad_dds_cordic_pipe
Used module:                             $paramod$56bd40c9cf3b6aa19d2a3e17a185872c1d89d18d\ad_dds_cordic_pipe
Used module:                         $paramod$e389ee0f820e37cbd51baaa4a718ddaec50b9f02\ad_mul
Used module:                             $paramod$e389ee0f820e37cbd51baaa4a718ddaec50b9f02\ad_mul_open
Used module:             $paramod$002166e073bc16f0af47b2af4675ef322847d383\ad_iqcor
Used module:                 \ad_mul
Used module:                     $paramod$8e25d8b6976da34eb2e4e8593925fe84a2ef1c64\ad_mul_open
Used module:         $paramod$b8407c642569fa76820e71254b3ce7f2cb70e5bd\axi_ad9361_tx_channel
Used module:             $paramod$028851b7329d40fb191e05f7f27e97fb5c20066b\up_dac_channel
Used module:             $paramod$ecb8c849d1fece165b181ff695f184fcee3bfd2b\ad_iqcor
Used module:                 $paramod\ad_mul\DELAY_DATA_WIDTH=s32'00000000000000000000000000010000
Used module:                 $paramod\ad_mul\DELAY_DATA_WIDTH=s32'00000000000000000000000000010001
Used module:                     $paramod$fab52015263978c9ad228c108a6b4269c7745603\ad_mul_open
Used module:         $paramod$f04ad40bdf8aa464691dadd35b854d225672423c\axi_ad9361_tx_channel
Used module:             $paramod$5d63389c7d4a52a6e195a41062986521c92dcd43\up_dac_channel
Used module:         $paramod$f18d4f07d8553268eed08c1891b68e073f6c5d4b\axi_ad9361_tx_channel
Used module:             $paramod$e867bcf7a453308fbfda294525152f39765c1a1e\up_dac_channel
Used module:     $paramod$70571672d3c68afe2654ab18134157cff15951bb\axi_ad9361_rx
Used module:         $paramod$808ffbb8e239195d81ff0b7e0fbc3f3bd1be5b72\up_delay_cntrl
Used module:         $paramod$fb6a0404fbc12fe931811ed63b11595579d38020\up_adc_common
Used module:             $paramod\up_xfer_cntrl\DATA_WIDTH=s32'00000000000000000000000001111010
Used module:         $paramod$2bf098fb2a0cd3e466e22c156fdcb17a0d064d4c\axi_ad9361_rx_channel
Used module:             \up_adc_channel
Used module:                 $paramod\up_xfer_status\DATA_WIDTH=s32'00000000000000000000000000101100
Used module:                 $paramod\up_xfer_cntrl\DATA_WIDTH=s32'00000000000000000000000001010001
Used module:             \ad_iqcor
Used module:             \ad_dcfilter
Used module:             \ad_datafmt
Used module:             \axi_ad9361_rx_pnmon
Used module:                 $paramod\ad_pnmon\DATA_WIDTH=s32'00000000000000000000000000011000
Used module:         $paramod$7cfa42d7e3c96789b560d3b566db4bc10b761cc0\axi_ad9361_rx_channel
Used module:         $paramod$2ff6e2dcbc3ae32f49ad6e68fc72af49994b408a\axi_ad9361_rx_channel
Used module:         $paramod$b0f9cd840ebf625ce1cf48e7083633a06f859b31\axi_ad9361_rx_channel
Parameter \CHANNEL_ID = 0
Parameter \USERPORTS_DISABLE = 0
Parameter \DATAFORMAT_DISABLE = 0
Parameter \DCFILTER_DISABLE = 0
Parameter \IQCORRECTION_DISABLE = 0
Found cached RTLIL representation for module `$paramod$14da6df1ffa4dd878723ae3248ad2bc5f6833921\up_adc_channel'.
Parameter \Q_OR_I_N = 0
Parameter \DISABLE = 0
Found cached RTLIL representation for module `$paramod$ecb8c849d1fece165b181ff695f184fcee3bfd2b\ad_iqcor'.
Parameter \DISABLE = 0
Found cached RTLIL representation for module `$paramod\ad_dcfilter\DISABLE=s32'00000000000000000000000000000000'.
Parameter \DATA_WIDTH = 12
Parameter \DISABLE = 0
Found cached RTLIL representation for module `$paramod$e18066ee9732abcc60dcc8e048073733cad550f0\ad_datafmt'.
Parameter \Q_OR_I_N = 0
Parameter \PRBS_SEL = 0
Found cached RTLIL representation for module `$paramod$cf4ca76302ce6a67a0e28fc9fc904a3b0f8fdc13\axi_ad9361_rx_pnmon'.
Parameter \CHANNEL_ID = 1
Parameter \USERPORTS_DISABLE = 0
Parameter \DATAFORMAT_DISABLE = 0
Parameter \DCFILTER_DISABLE = 0
Parameter \IQCORRECTION_DISABLE = 0
Found cached RTLIL representation for module `$paramod$454e10619c60c00c8e019a4ef328014acf0a3bb0\up_adc_channel'.
Parameter \Q_OR_I_N = 1
Parameter \DISABLE = 0
Found cached RTLIL representation for module `$paramod$002166e073bc16f0af47b2af4675ef322847d383\ad_iqcor'.
Parameter \DISABLE = 0
Found cached RTLIL representation for module `$paramod\ad_dcfilter\DISABLE=s32'00000000000000000000000000000000'.
Parameter \DATA_WIDTH = 12
Parameter \DISABLE = 0
Found cached RTLIL representation for module `$paramod$e18066ee9732abcc60dcc8e048073733cad550f0\ad_datafmt'.
Parameter \Q_OR_I_N = 1
Parameter \PRBS_SEL = 1
Found cached RTLIL representation for module `$paramod$08c0ef3c58e88d50542e5fe771550ae278f3ee26\axi_ad9361_rx_pnmon'.
Parameter \CHANNEL_ID = 2
Parameter \USERPORTS_DISABLE = 0
Parameter \DATAFORMAT_DISABLE = 0
Parameter \DCFILTER_DISABLE = 0
Parameter \IQCORRECTION_DISABLE = 0
Found cached RTLIL representation for module `$paramod$075db056168ce21a9940fcc6d11c505caa701339\up_adc_channel'.
Parameter \Q_OR_I_N = 0
Parameter \DISABLE = 0
Found cached RTLIL representation for module `$paramod$ecb8c849d1fece165b181ff695f184fcee3bfd2b\ad_iqcor'.
Parameter \DISABLE = 0
Found cached RTLIL representation for module `$paramod\ad_dcfilter\DISABLE=s32'00000000000000000000000000000000'.
Parameter \DATA_WIDTH = 12
Parameter \DISABLE = 0
Found cached RTLIL representation for module `$paramod$e18066ee9732abcc60dcc8e048073733cad550f0\ad_datafmt'.
Parameter \Q_OR_I_N = 0
Parameter \PRBS_SEL = 2
Found cached RTLIL representation for module `$paramod$8a16ee1ad89ca553e349b8e2b0b1c722be5cafa1\axi_ad9361_rx_pnmon'.
Parameter \CHANNEL_ID = 3
Parameter \USERPORTS_DISABLE = 0
Parameter \DATAFORMAT_DISABLE = 0
Parameter \DCFILTER_DISABLE = 0
Parameter \IQCORRECTION_DISABLE = 0
Found cached RTLIL representation for module `$paramod$6a10527713af470a1183d0e580292016979fac01\up_adc_channel'.
Parameter \Q_OR_I_N = 1
Parameter \DISABLE = 0
Found cached RTLIL representation for module `$paramod$002166e073bc16f0af47b2af4675ef322847d383\ad_iqcor'.
Parameter \DISABLE = 0
Found cached RTLIL representation for module `$paramod\ad_dcfilter\DISABLE=s32'00000000000000000000000000000000'.
Parameter \DATA_WIDTH = 12
Parameter \DISABLE = 0
Found cached RTLIL representation for module `$paramod$e18066ee9732abcc60dcc8e048073733cad550f0\ad_datafmt'.
Parameter \Q_OR_I_N = 1
Parameter \PRBS_SEL = 3
Found cached RTLIL representation for module `$paramod$510719eea8a5a56e59f75f0b457dfab6bd646089\axi_ad9361_rx_pnmon'.
Parameter \DDS_TYPE = 1
Parameter \DDS_D_DW = 14
Parameter \DDS_P_DW = 13

81.82. Executing AST frontend in derive mode using pre-parsed AST for module `\ad_dds_1'.
Parameter \DDS_TYPE = 1
Parameter \DDS_D_DW = 14
Parameter \DDS_P_DW = 13
Generating RTLIL representation for module `$paramod$546ffe6dc78127b62ab6a6cc7630e99f923b57fc\ad_dds_1'.
Parameter \DDS_TYPE = 1
Parameter \DDS_D_DW = 14
Parameter \DDS_P_DW = 13
Found cached RTLIL representation for module `$paramod$546ffe6dc78127b62ab6a6cc7630e99f923b57fc\ad_dds_1'.
Parameter \DATA_WIDTH = 240
Found cached RTLIL representation for module `$paramod\up_xfer_cntrl\DATA_WIDTH=s32'00000000000000000000000011110000'.
Parameter \DATA_WIDTH = 240
Found cached RTLIL representation for module `$paramod\up_xfer_cntrl\DATA_WIDTH=s32'00000000000000000000000011110000'.
Parameter \DELAY_DATA_WIDTH = 16
Found cached RTLIL representation for module `$paramod\ad_mul\DELAY_DATA_WIDTH=s32'00000000000000000000000000010000'.
Parameter \DELAY_DATA_WIDTH = 17
Found cached RTLIL representation for module `$paramod\ad_mul\DELAY_DATA_WIDTH=s32'00000000000000000000000000010001'.
Parameter \DATA_WIDTH = 240
Found cached RTLIL representation for module `$paramod\up_xfer_cntrl\DATA_WIDTH=s32'00000000000000000000000011110000'.
Parameter \DATA_WIDTH = 240
Found cached RTLIL representation for module `$paramod\up_xfer_cntrl\DATA_WIDTH=s32'00000000000000000000000011110000'.

81.83. Analyzing design hierarchy..
Top module:  \axi_ad9361
Used module:     \axi_ad9361_tdd
Used module:         \ad_tdd_control
Used module:             $paramod$672535e974e317b73c1012fddfa18786e8b6b3ea\ad_addsub
Used module:         \up_tdd_cntrl
Used module:             $paramod\up_xfer_status\DATA_WIDTH=s32'00000000000000000000000000001000
Used module:             $paramod\up_xfer_cntrl\DATA_WIDTH=s32'00000000000000000000000010010000
Used module:             $paramod\up_xfer_cntrl\DATA_WIDTH=s32'00000000000000000000000000111111
Used module:     $paramod\axi_ad9361_tdd_if\LEVEL_OR_PULSE_N=s32'00000000000000000000000000000001
Used module:     $paramod$2828e6fa2c2c849584c016c07253c1d01eb88766\axi_ad9361_lvds_if
Used module:         \ad_data_clk
Used module:         $paramod$728b24706c860792f9f94356aaefd85f2720cc90\ad_data_out
Used module:         $paramod$ade101aacbcb73fc1c939f323e847488dbe340d8\ad_data_in
Used module:         $paramod$e249e690c434685c21db867b58e14e4de13e5506\ad_data_out
Used module:         $paramod$a9f54b726caf08e710b2a5a9bb259ec0d6f29569\ad_data_in
Used module:     \up_axi
Used module:     $paramod$5d70a5b32d31a338e01e61233e3f577e4629066f\axi_ad9361_tx
Used module:         $paramod$96804e1f3670fc05a3cf88996835188cfbdda449\up_delay_cntrl
Used module:         $paramod$30aceb5ec2152527a06812c6234c1010a7f8f343\up_dac_common
Used module:             \up_clock_mon
Used module:             $paramod\up_xfer_status\DATA_WIDTH=s32'00000000000000000000000000100100
Used module:             $paramod\up_xfer_cntrl\DATA_WIDTH=s32'00000000000000000000000001100011
Used module:             \ad_rst
Used module:         $paramod$f6ea464bb1fce90b40d536f2882157f5b72f51cd\axi_ad9361_tx_channel
Used module:             $paramod$32ecc49b511816b382b19968d9724d9988cde396\up_dac_channel
Used module:                 $paramod\up_xfer_cntrl\DATA_WIDTH=s32'00000000000000000000000011110000
Used module:             $paramod$ec32750dd17643fa2370e38a1307ef14fa5df8c6\ad_dds
Used module:                 $paramod$c37e31fbc1f035ee21d368ea72d250c9aaa1aaa4\ad_dds_2
Used module:                     $paramod$546ffe6dc78127b62ab6a6cc7630e99f923b57fc\ad_dds_1
Used module:                         \ad_dds_sine_cordic
Used module:                             $paramod$bf59611eb29e42fd4c027720a518546848dbba9d\ad_dds_cordic_pipe
Used module:                             $paramod$52a8922f0ce8a6b3c334392f2680a259dcba6426\ad_dds_cordic_pipe
Used module:                             $paramod$f747b853a97badc5b9c0c4e2934791b60628ac6c\ad_dds_cordic_pipe
Used module:                             $paramod$c8de5be879843654e172cb5d83ae94a2af9a11e7\ad_dds_cordic_pipe
Used module:                             $paramod$9ff5d3c6179abbad0c1ac90857b6d1b9819e1dc4\ad_dds_cordic_pipe
Used module:                             $paramod$836dae13ffa1dccb9dc4f09cebc754e5723523f8\ad_dds_cordic_pipe
Used module:                             $paramod$e440a4caf0ca09d2263bd1f9af04cadde031b516\ad_dds_cordic_pipe
Used module:                             $paramod$c0d9ac01f3c43c5c378c112fb1af98133592f698\ad_dds_cordic_pipe
Used module:                             $paramod$ad9cedd27f016397b5ebe7cc215ac41cf7dcd498\ad_dds_cordic_pipe
Used module:                             $paramod$16af622096e149dc8520fb2ad55478600bc02cbe\ad_dds_cordic_pipe
Used module:                             $paramod$0222fe6ed579a6f3ca426fa95fdc90a61ba1e416\ad_dds_cordic_pipe
Used module:                             $paramod$3d45f64e10347c204fb1992880ea5723261007a8\ad_dds_cordic_pipe
Used module:                             $paramod$369adcb94b4137da2f7af331d708a9f2aa4db05e\ad_dds_cordic_pipe
Used module:                             $paramod$0d65cb90a9a9bbf8a8ab5c5ad27afb254b3e65d8\ad_dds_cordic_pipe
Used module:                             $paramod$56bd40c9cf3b6aa19d2a3e17a185872c1d89d18d\ad_dds_cordic_pipe
Used module:                         \ad_mul
Used module:                             $paramod$8e25d8b6976da34eb2e4e8593925fe84a2ef1c64\ad_mul_open
Used module:             $paramod$002166e073bc16f0af47b2af4675ef322847d383\ad_iqcor
Used module:                 $paramod\ad_mul\DELAY_DATA_WIDTH=s32'00000000000000000000000000010000
Used module:                 $paramod\ad_mul\DELAY_DATA_WIDTH=s32'00000000000000000000000000010001
Used module:                     $paramod$fab52015263978c9ad228c108a6b4269c7745603\ad_mul_open
Used module:         $paramod$b8407c642569fa76820e71254b3ce7f2cb70e5bd\axi_ad9361_tx_channel
Used module:             $paramod$028851b7329d40fb191e05f7f27e97fb5c20066b\up_dac_channel
Used module:             $paramod$ecb8c849d1fece165b181ff695f184fcee3bfd2b\ad_iqcor
Used module:         $paramod$f04ad40bdf8aa464691dadd35b854d225672423c\axi_ad9361_tx_channel
Used module:             $paramod$5d63389c7d4a52a6e195a41062986521c92dcd43\up_dac_channel
Used module:         $paramod$f18d4f07d8553268eed08c1891b68e073f6c5d4b\axi_ad9361_tx_channel
Used module:             $paramod$e867bcf7a453308fbfda294525152f39765c1a1e\up_dac_channel
Used module:     $paramod$70571672d3c68afe2654ab18134157cff15951bb\axi_ad9361_rx
Used module:         $paramod$808ffbb8e239195d81ff0b7e0fbc3f3bd1be5b72\up_delay_cntrl
Used module:         $paramod$fb6a0404fbc12fe931811ed63b11595579d38020\up_adc_common
Used module:             $paramod\up_xfer_cntrl\DATA_WIDTH=s32'00000000000000000000000001111010
Used module:         $paramod$2bf098fb2a0cd3e466e22c156fdcb17a0d064d4c\axi_ad9361_rx_channel
Used module:             $paramod$6a10527713af470a1183d0e580292016979fac01\up_adc_channel
Used module:                 \up_xfer_status
Used module:                 \up_xfer_cntrl
Used module:             $paramod\ad_dcfilter\DISABLE=s32'00000000000000000000000000000000
Used module:             $paramod$e18066ee9732abcc60dcc8e048073733cad550f0\ad_datafmt
Used module:             $paramod$510719eea8a5a56e59f75f0b457dfab6bd646089\axi_ad9361_rx_pnmon
Used module:                 \ad_pnmon
Used module:         $paramod$7cfa42d7e3c96789b560d3b566db4bc10b761cc0\axi_ad9361_rx_channel
Used module:             $paramod$075db056168ce21a9940fcc6d11c505caa701339\up_adc_channel
Used module:             $paramod$8a16ee1ad89ca553e349b8e2b0b1c722be5cafa1\axi_ad9361_rx_pnmon
Used module:         $paramod$2ff6e2dcbc3ae32f49ad6e68fc72af49994b408a\axi_ad9361_rx_channel
Used module:             $paramod$454e10619c60c00c8e019a4ef328014acf0a3bb0\up_adc_channel
Used module:             $paramod$08c0ef3c58e88d50542e5fe771550ae278f3ee26\axi_ad9361_rx_pnmon
Used module:         $paramod$b0f9cd840ebf625ce1cf48e7083633a06f859b31\axi_ad9361_rx_channel
Used module:             $paramod$14da6df1ffa4dd878723ae3248ad2bc5f6833921\up_adc_channel
Used module:                 $paramod\up_xfer_status\DATA_WIDTH=s32'00000000000000000000000000101100
Used module:                 $paramod\up_xfer_cntrl\DATA_WIDTH=s32'00000000000000000000000001010001
Used module:             $paramod$cf4ca76302ce6a67a0e28fc9fc904a3b0f8fdc13\axi_ad9361_rx_pnmon
Used module:                 $paramod\ad_pnmon\DATA_WIDTH=s32'00000000000000000000000000011000
Parameter \DATA_WIDTH = 44
Found cached RTLIL representation for module `$paramod\up_xfer_status\DATA_WIDTH=s32'00000000000000000000000000101100'.
Parameter \DATA_WIDTH = 81
Found cached RTLIL representation for module `$paramod\up_xfer_cntrl\DATA_WIDTH=s32'00000000000000000000000001010001'.
Parameter \DATA_WIDTH = 44
Found cached RTLIL representation for module `$paramod\up_xfer_status\DATA_WIDTH=s32'00000000000000000000000000101100'.
Parameter \DATA_WIDTH = 81
Found cached RTLIL representation for module `$paramod\up_xfer_cntrl\DATA_WIDTH=s32'00000000000000000000000001010001'.
Parameter \DATA_WIDTH = 44
Found cached RTLIL representation for module `$paramod\up_xfer_status\DATA_WIDTH=s32'00000000000000000000000000101100'.
Parameter \DATA_WIDTH = 81
Found cached RTLIL representation for module `$paramod\up_xfer_cntrl\DATA_WIDTH=s32'00000000000000000000000001010001'.
Parameter \DATA_WIDTH = 24
Found cached RTLIL representation for module `$paramod\ad_pnmon\DATA_WIDTH=s32'00000000000000000000000000011000'.
Parameter \DATA_WIDTH = 24
Found cached RTLIL representation for module `$paramod\ad_pnmon\DATA_WIDTH=s32'00000000000000000000000000011000'.
Parameter \DATA_WIDTH = 24
Found cached RTLIL representation for module `$paramod\ad_pnmon\DATA_WIDTH=s32'00000000000000000000000000011000'.
Parameter \PHASE_DW = 13
Parameter \CORDIC_DW = 14
Parameter \DELAY_DW = 1

81.84. Executing AST frontend in derive mode using pre-parsed AST for module `\ad_dds_sine_cordic'.
Parameter \PHASE_DW = 13
Parameter \CORDIC_DW = 14
Parameter \DELAY_DW = 1
Generating RTLIL representation for module `$paramod$6c99c05f86b3907b75c557c6dff46444a85f6c17\ad_dds_sine_cordic'.
library/common/ad_dds_sine_cordic.v:66: Warning: converting real value 4.970617e+03 to binary 14'01001101101011.
Parameter \A_DATA_WIDTH = 15
Parameter \B_DATA_WIDTH = 17
Parameter \DELAY_DATA_WIDTH = 1

81.85. Executing AST frontend in derive mode using pre-parsed AST for module `\ad_mul'.
Parameter \A_DATA_WIDTH = 15
Parameter \B_DATA_WIDTH = 17
Parameter \DELAY_DATA_WIDTH = 1
Generating RTLIL representation for module `$paramod$15273182d2228022d0d61c66c34c770e1beabe2a\ad_mul'.

81.86. Analyzing design hierarchy..
Top module:  \axi_ad9361
Used module:     \axi_ad9361_tdd
Used module:         \ad_tdd_control
Used module:             $paramod$672535e974e317b73c1012fddfa18786e8b6b3ea\ad_addsub
Used module:         \up_tdd_cntrl
Used module:             $paramod\up_xfer_status\DATA_WIDTH=s32'00000000000000000000000000001000
Used module:             $paramod\up_xfer_cntrl\DATA_WIDTH=s32'00000000000000000000000010010000
Used module:             $paramod\up_xfer_cntrl\DATA_WIDTH=s32'00000000000000000000000000111111
Used module:     $paramod\axi_ad9361_tdd_if\LEVEL_OR_PULSE_N=s32'00000000000000000000000000000001
Used module:     $paramod$2828e6fa2c2c849584c016c07253c1d01eb88766\axi_ad9361_lvds_if
Used module:         \ad_data_clk
Used module:         $paramod$728b24706c860792f9f94356aaefd85f2720cc90\ad_data_out
Used module:         $paramod$ade101aacbcb73fc1c939f323e847488dbe340d8\ad_data_in
Used module:         $paramod$e249e690c434685c21db867b58e14e4de13e5506\ad_data_out
Used module:         $paramod$a9f54b726caf08e710b2a5a9bb259ec0d6f29569\ad_data_in
Used module:     \up_axi
Used module:     $paramod$5d70a5b32d31a338e01e61233e3f577e4629066f\axi_ad9361_tx
Used module:         $paramod$96804e1f3670fc05a3cf88996835188cfbdda449\up_delay_cntrl
Used module:         $paramod$30aceb5ec2152527a06812c6234c1010a7f8f343\up_dac_common
Used module:             \up_clock_mon
Used module:             $paramod\up_xfer_status\DATA_WIDTH=s32'00000000000000000000000000100100
Used module:             $paramod\up_xfer_cntrl\DATA_WIDTH=s32'00000000000000000000000001100011
Used module:             \ad_rst
Used module:         $paramod$f6ea464bb1fce90b40d536f2882157f5b72f51cd\axi_ad9361_tx_channel
Used module:             $paramod$32ecc49b511816b382b19968d9724d9988cde396\up_dac_channel
Used module:                 $paramod\up_xfer_cntrl\DATA_WIDTH=s32'00000000000000000000000011110000
Used module:             $paramod$ec32750dd17643fa2370e38a1307ef14fa5df8c6\ad_dds
Used module:                 $paramod$c37e31fbc1f035ee21d368ea72d250c9aaa1aaa4\ad_dds_2
Used module:                     $paramod$546ffe6dc78127b62ab6a6cc7630e99f923b57fc\ad_dds_1
Used module:                         $paramod$6c99c05f86b3907b75c557c6dff46444a85f6c17\ad_dds_sine_cordic
Used module:                             \ad_dds_cordic_pipe
Used module:                         $paramod$15273182d2228022d0d61c66c34c770e1beabe2a\ad_mul
Used module:                             \ad_mul_open
Used module:             $paramod$002166e073bc16f0af47b2af4675ef322847d383\ad_iqcor
Used module:                 $paramod\ad_mul\DELAY_DATA_WIDTH=s32'00000000000000000000000000010000
Used module:                     $paramod$8e25d8b6976da34eb2e4e8593925fe84a2ef1c64\ad_mul_open
Used module:                 $paramod\ad_mul\DELAY_DATA_WIDTH=s32'00000000000000000000000000010001
Used module:                     $paramod$fab52015263978c9ad228c108a6b4269c7745603\ad_mul_open
Used module:         $paramod$b8407c642569fa76820e71254b3ce7f2cb70e5bd\axi_ad9361_tx_channel
Used module:             $paramod$028851b7329d40fb191e05f7f27e97fb5c20066b\up_dac_channel
Used module:             $paramod$ecb8c849d1fece165b181ff695f184fcee3bfd2b\ad_iqcor
Used module:         $paramod$f04ad40bdf8aa464691dadd35b854d225672423c\axi_ad9361_tx_channel
Used module:             $paramod$5d63389c7d4a52a6e195a41062986521c92dcd43\up_dac_channel
Used module:         $paramod$f18d4f07d8553268eed08c1891b68e073f6c5d4b\axi_ad9361_tx_channel
Used module:             $paramod$e867bcf7a453308fbfda294525152f39765c1a1e\up_dac_channel
Used module:     $paramod$70571672d3c68afe2654ab18134157cff15951bb\axi_ad9361_rx
Used module:         $paramod$808ffbb8e239195d81ff0b7e0fbc3f3bd1be5b72\up_delay_cntrl
Used module:         $paramod$fb6a0404fbc12fe931811ed63b11595579d38020\up_adc_common
Used module:             $paramod\up_xfer_cntrl\DATA_WIDTH=s32'00000000000000000000000001111010
Used module:         $paramod$2bf098fb2a0cd3e466e22c156fdcb17a0d064d4c\axi_ad9361_rx_channel
Used module:             $paramod$6a10527713af470a1183d0e580292016979fac01\up_adc_channel
Used module:                 $paramod\up_xfer_status\DATA_WIDTH=s32'00000000000000000000000000101100
Used module:                 $paramod\up_xfer_cntrl\DATA_WIDTH=s32'00000000000000000000000001010001
Used module:             $paramod\ad_dcfilter\DISABLE=s32'00000000000000000000000000000000
Used module:             $paramod$e18066ee9732abcc60dcc8e048073733cad550f0\ad_datafmt
Used module:             $paramod$510719eea8a5a56e59f75f0b457dfab6bd646089\axi_ad9361_rx_pnmon
Used module:                 $paramod\ad_pnmon\DATA_WIDTH=s32'00000000000000000000000000011000
Used module:         $paramod$7cfa42d7e3c96789b560d3b566db4bc10b761cc0\axi_ad9361_rx_channel
Used module:             $paramod$075db056168ce21a9940fcc6d11c505caa701339\up_adc_channel
Used module:             $paramod$8a16ee1ad89ca553e349b8e2b0b1c722be5cafa1\axi_ad9361_rx_pnmon
Used module:         $paramod$2ff6e2dcbc3ae32f49ad6e68fc72af49994b408a\axi_ad9361_rx_channel
Used module:             $paramod$454e10619c60c00c8e019a4ef328014acf0a3bb0\up_adc_channel
Used module:             $paramod$08c0ef3c58e88d50542e5fe771550ae278f3ee26\axi_ad9361_rx_pnmon
Used module:         $paramod$b0f9cd840ebf625ce1cf48e7083633a06f859b31\axi_ad9361_rx_channel
Used module:             $paramod$14da6df1ffa4dd878723ae3248ad2bc5f6833921\up_adc_channel
Used module:             $paramod$cf4ca76302ce6a67a0e28fc9fc904a3b0f8fdc13\axi_ad9361_rx_pnmon
Parameter \P_DW = 13
Parameter \D_DW = 14
Parameter \DELAY_DW = 1
Parameter \SHIFT = 11

81.87. Executing AST frontend in derive mode using pre-parsed AST for module `\ad_dds_cordic_pipe'.
Parameter \P_DW = 13
Parameter \D_DW = 14
Parameter \DELAY_DW = 1
Parameter \SHIFT = 11
Generating RTLIL representation for module `$paramod$2fe7ed7454b60c828eb4a4c55d31054877343382\ad_dds_cordic_pipe'.
Parameter \P_DW = 13
Parameter \D_DW = 14
Parameter \DELAY_DW = 1
Parameter \SHIFT = 10

81.88. Executing AST frontend in derive mode using pre-parsed AST for module `\ad_dds_cordic_pipe'.
Parameter \P_DW = 13
Parameter \D_DW = 14
Parameter \DELAY_DW = 1
Parameter \SHIFT = 10
Generating RTLIL representation for module `$paramod$8573fd32694f05eccd77e7edaa94e92975bc9002\ad_dds_cordic_pipe'.
Parameter \P_DW = 13
Parameter \D_DW = 14
Parameter \DELAY_DW = 1
Parameter \SHIFT = 9

81.89. Executing AST frontend in derive mode using pre-parsed AST for module `\ad_dds_cordic_pipe'.
Parameter \P_DW = 13
Parameter \D_DW = 14
Parameter \DELAY_DW = 1
Parameter \SHIFT = 9
Generating RTLIL representation for module `$paramod$a6c7de10d7bb72ac236701fb32f34e2182e638ab\ad_dds_cordic_pipe'.
Parameter \P_DW = 13
Parameter \D_DW = 14
Parameter \DELAY_DW = 1
Parameter \SHIFT = 8

81.90. Executing AST frontend in derive mode using pre-parsed AST for module `\ad_dds_cordic_pipe'.
Parameter \P_DW = 13
Parameter \D_DW = 14
Parameter \DELAY_DW = 1
Parameter \SHIFT = 8
Generating RTLIL representation for module `$paramod$2837a52e23f322510c843fae875b96016661879e\ad_dds_cordic_pipe'.
Parameter \P_DW = 13
Parameter \D_DW = 14
Parameter \DELAY_DW = 1
Parameter \SHIFT = 7

81.91. Executing AST frontend in derive mode using pre-parsed AST for module `\ad_dds_cordic_pipe'.
Parameter \P_DW = 13
Parameter \D_DW = 14
Parameter \DELAY_DW = 1
Parameter \SHIFT = 7
Generating RTLIL representation for module `$paramod$d909b6278967e003194823490e16defafd60b999\ad_dds_cordic_pipe'.
Parameter \P_DW = 13
Parameter \D_DW = 14
Parameter \DELAY_DW = 1
Parameter \SHIFT = 6

81.92. Executing AST frontend in derive mode using pre-parsed AST for module `\ad_dds_cordic_pipe'.
Parameter \P_DW = 13
Parameter \D_DW = 14
Parameter \DELAY_DW = 1
Parameter \SHIFT = 6
Generating RTLIL representation for module `$paramod$fd30997b5cd0a78546a301ac919d10911a6e4364\ad_dds_cordic_pipe'.
Parameter \P_DW = 13
Parameter \D_DW = 14
Parameter \DELAY_DW = 1
Parameter \SHIFT = 5

81.93. Executing AST frontend in derive mode using pre-parsed AST for module `\ad_dds_cordic_pipe'.
Parameter \P_DW = 13
Parameter \D_DW = 14
Parameter \DELAY_DW = 1
Parameter \SHIFT = 5
Generating RTLIL representation for module `$paramod$ee8df78853dade35495c425410a6b344e9c9e3fd\ad_dds_cordic_pipe'.
Parameter \P_DW = 13
Parameter \D_DW = 14
Parameter \DELAY_DW = 1
Parameter \SHIFT = 4

81.94. Executing AST frontend in derive mode using pre-parsed AST for module `\ad_dds_cordic_pipe'.
Parameter \P_DW = 13
Parameter \D_DW = 14
Parameter \DELAY_DW = 1
Parameter \SHIFT = 4
Generating RTLIL representation for module `$paramod$32c0f7f972e2b523fd7ccda621d804d8fad61fbe\ad_dds_cordic_pipe'.
Parameter \P_DW = 13
Parameter \D_DW = 14
Parameter \DELAY_DW = 1
Parameter \SHIFT = 3

81.95. Executing AST frontend in derive mode using pre-parsed AST for module `\ad_dds_cordic_pipe'.
Parameter \P_DW = 13
Parameter \D_DW = 14
Parameter \DELAY_DW = 1
Parameter \SHIFT = 3
Generating RTLIL representation for module `$paramod$f12e8c08b3a94357044c0ebe7e139f578711d384\ad_dds_cordic_pipe'.
Parameter \P_DW = 13
Parameter \D_DW = 14
Parameter \DELAY_DW = 1
Parameter \SHIFT = 2

81.96. Executing AST frontend in derive mode using pre-parsed AST for module `\ad_dds_cordic_pipe'.
Parameter \P_DW = 13
Parameter \D_DW = 14
Parameter \DELAY_DW = 1
Parameter \SHIFT = 2
Generating RTLIL representation for module `$paramod$9bdba6dd52feb802f29e54f5147d1ce080ae5041\ad_dds_cordic_pipe'.
Parameter \P_DW = 13
Parameter \D_DW = 14
Parameter \DELAY_DW = 1
Parameter \SHIFT = 1

81.97. Executing AST frontend in derive mode using pre-parsed AST for module `\ad_dds_cordic_pipe'.
Parameter \P_DW = 13
Parameter \D_DW = 14
Parameter \DELAY_DW = 1
Parameter \SHIFT = 1
Generating RTLIL representation for module `$paramod$76913691fe38ea8616cd6ae6b6332987f3e9dcc3\ad_dds_cordic_pipe'.
Parameter \P_DW = 13
Parameter \D_DW = 14
Parameter \DELAY_DW = 1
Parameter \SHIFT = 0

81.98. Executing AST frontend in derive mode using pre-parsed AST for module `\ad_dds_cordic_pipe'.
Parameter \P_DW = 13
Parameter \D_DW = 14
Parameter \DELAY_DW = 1
Parameter \SHIFT = 0
Generating RTLIL representation for module `$paramod$64d5233825eed4e8a7b6f83c7c826a2f4b170d83\ad_dds_cordic_pipe'.
Reprocessing module $paramod$6c99c05f86b3907b75c557c6dff46444a85f6c17\ad_dds_sine_cordic because instantiated module $paramod$2fe7ed7454b60c828eb4a4c55d31054877343382\ad_dds_cordic_pipe has become available.
Generating RTLIL representation for module `$paramod$6c99c05f86b3907b75c557c6dff46444a85f6c17\ad_dds_sine_cordic'.
library/common/ad_dds_sine_cordic.v:66: Warning: converting real value 4.970617e+03 to binary 14'01001101101011.
Parameter \A_DATA_WIDTH = 15
Parameter \B_DATA_WIDTH = 17
Parameter \DELAY_DATA_WIDTH = 1

81.99. Executing AST frontend in derive mode using pre-parsed AST for module `\ad_mul_open'.
Parameter \A_DATA_WIDTH = 15
Parameter \B_DATA_WIDTH = 17
Parameter \DELAY_DATA_WIDTH = 1
Generating RTLIL representation for module `$paramod$15273182d2228022d0d61c66c34c770e1beabe2a\ad_mul_open'.

81.100. Analyzing design hierarchy..
Top module:  \axi_ad9361
Used module:     \axi_ad9361_tdd
Used module:         \ad_tdd_control
Used module:             $paramod$672535e974e317b73c1012fddfa18786e8b6b3ea\ad_addsub
Used module:         \up_tdd_cntrl
Used module:             $paramod\up_xfer_status\DATA_WIDTH=s32'00000000000000000000000000001000
Used module:             $paramod\up_xfer_cntrl\DATA_WIDTH=s32'00000000000000000000000010010000
Used module:             $paramod\up_xfer_cntrl\DATA_WIDTH=s32'00000000000000000000000000111111
Used module:     $paramod\axi_ad9361_tdd_if\LEVEL_OR_PULSE_N=s32'00000000000000000000000000000001
Used module:     $paramod$2828e6fa2c2c849584c016c07253c1d01eb88766\axi_ad9361_lvds_if
Used module:         \ad_data_clk
Used module:         $paramod$728b24706c860792f9f94356aaefd85f2720cc90\ad_data_out
Used module:         $paramod$ade101aacbcb73fc1c939f323e847488dbe340d8\ad_data_in
Used module:         $paramod$e249e690c434685c21db867b58e14e4de13e5506\ad_data_out
Used module:         $paramod$a9f54b726caf08e710b2a5a9bb259ec0d6f29569\ad_data_in
Used module:     \up_axi
Used module:     $paramod$5d70a5b32d31a338e01e61233e3f577e4629066f\axi_ad9361_tx
Used module:         $paramod$96804e1f3670fc05a3cf88996835188cfbdda449\up_delay_cntrl
Used module:         $paramod$30aceb5ec2152527a06812c6234c1010a7f8f343\up_dac_common
Used module:             \up_clock_mon
Used module:             $paramod\up_xfer_status\DATA_WIDTH=s32'00000000000000000000000000100100
Used module:             $paramod\up_xfer_cntrl\DATA_WIDTH=s32'00000000000000000000000001100011
Used module:             \ad_rst
Used module:         $paramod$f6ea464bb1fce90b40d536f2882157f5b72f51cd\axi_ad9361_tx_channel
Used module:             $paramod$32ecc49b511816b382b19968d9724d9988cde396\up_dac_channel
Used module:                 $paramod\up_xfer_cntrl\DATA_WIDTH=s32'00000000000000000000000011110000
Used module:             $paramod$ec32750dd17643fa2370e38a1307ef14fa5df8c6\ad_dds
Used module:                 $paramod$c37e31fbc1f035ee21d368ea72d250c9aaa1aaa4\ad_dds_2
Used module:                     $paramod$546ffe6dc78127b62ab6a6cc7630e99f923b57fc\ad_dds_1
Used module:                         $paramod$6c99c05f86b3907b75c557c6dff46444a85f6c17\ad_dds_sine_cordic
Used module:                             \ad_dds_cordic_pipe
Used module:                         $paramod$15273182d2228022d0d61c66c34c770e1beabe2a\ad_mul
Used module:                             $paramod$15273182d2228022d0d61c66c34c770e1beabe2a\ad_mul_open
Used module:             $paramod$002166e073bc16f0af47b2af4675ef322847d383\ad_iqcor
Used module:                 $paramod\ad_mul\DELAY_DATA_WIDTH=s32'00000000000000000000000000010000
Used module:                     $paramod$8e25d8b6976da34eb2e4e8593925fe84a2ef1c64\ad_mul_open
Used module:                 $paramod\ad_mul\DELAY_DATA_WIDTH=s32'00000000000000000000000000010001
Used module:                     $paramod$fab52015263978c9ad228c108a6b4269c7745603\ad_mul_open
Used module:         $paramod$b8407c642569fa76820e71254b3ce7f2cb70e5bd\axi_ad9361_tx_channel
Used module:             $paramod$028851b7329d40fb191e05f7f27e97fb5c20066b\up_dac_channel
Used module:             $paramod$ecb8c849d1fece165b181ff695f184fcee3bfd2b\ad_iqcor
Used module:         $paramod$f04ad40bdf8aa464691dadd35b854d225672423c\axi_ad9361_tx_channel
Used module:             $paramod$5d63389c7d4a52a6e195a41062986521c92dcd43\up_dac_channel
Used module:         $paramod$f18d4f07d8553268eed08c1891b68e073f6c5d4b\axi_ad9361_tx_channel
Used module:             $paramod$e867bcf7a453308fbfda294525152f39765c1a1e\up_dac_channel
Used module:     $paramod$70571672d3c68afe2654ab18134157cff15951bb\axi_ad9361_rx
Used module:         $paramod$808ffbb8e239195d81ff0b7e0fbc3f3bd1be5b72\up_delay_cntrl
Used module:         $paramod$fb6a0404fbc12fe931811ed63b11595579d38020\up_adc_common
Used module:             $paramod\up_xfer_cntrl\DATA_WIDTH=s32'00000000000000000000000001111010
Used module:         $paramod$2bf098fb2a0cd3e466e22c156fdcb17a0d064d4c\axi_ad9361_rx_channel
Used module:             $paramod$6a10527713af470a1183d0e580292016979fac01\up_adc_channel
Used module:                 $paramod\up_xfer_status\DATA_WIDTH=s32'00000000000000000000000000101100
Used module:                 $paramod\up_xfer_cntrl\DATA_WIDTH=s32'00000000000000000000000001010001
Used module:             $paramod\ad_dcfilter\DISABLE=s32'00000000000000000000000000000000
Used module:             $paramod$e18066ee9732abcc60dcc8e048073733cad550f0\ad_datafmt
Used module:             $paramod$510719eea8a5a56e59f75f0b457dfab6bd646089\axi_ad9361_rx_pnmon
Used module:                 $paramod\ad_pnmon\DATA_WIDTH=s32'00000000000000000000000000011000
Used module:         $paramod$7cfa42d7e3c96789b560d3b566db4bc10b761cc0\axi_ad9361_rx_channel
Used module:             $paramod$075db056168ce21a9940fcc6d11c505caa701339\up_adc_channel
Used module:             $paramod$8a16ee1ad89ca553e349b8e2b0b1c722be5cafa1\axi_ad9361_rx_pnmon
Used module:         $paramod$2ff6e2dcbc3ae32f49ad6e68fc72af49994b408a\axi_ad9361_rx_channel
Used module:             $paramod$454e10619c60c00c8e019a4ef328014acf0a3bb0\up_adc_channel
Used module:             $paramod$08c0ef3c58e88d50542e5fe771550ae278f3ee26\axi_ad9361_rx_pnmon
Used module:         $paramod$b0f9cd840ebf625ce1cf48e7083633a06f859b31\axi_ad9361_rx_channel
Used module:             $paramod$14da6df1ffa4dd878723ae3248ad2bc5f6833921\up_adc_channel
Used module:             $paramod$cf4ca76302ce6a67a0e28fc9fc904a3b0f8fdc13\axi_ad9361_rx_pnmon
Parameter \P_DW = 13
Parameter \D_DW = 14
Parameter \DELAY_DW = 1
Parameter \SHIFT = 11
Found cached RTLIL representation for module `$paramod$2fe7ed7454b60c828eb4a4c55d31054877343382\ad_dds_cordic_pipe'.
Parameter \P_DW = 13
Parameter \D_DW = 14
Parameter \DELAY_DW = 1
Parameter \SHIFT = 10
Found cached RTLIL representation for module `$paramod$8573fd32694f05eccd77e7edaa94e92975bc9002\ad_dds_cordic_pipe'.
Parameter \P_DW = 13
Parameter \D_DW = 14
Parameter \DELAY_DW = 1
Parameter \SHIFT = 9
Found cached RTLIL representation for module `$paramod$a6c7de10d7bb72ac236701fb32f34e2182e638ab\ad_dds_cordic_pipe'.
Parameter \P_DW = 13
Parameter \D_DW = 14
Parameter \DELAY_DW = 1
Parameter \SHIFT = 8
Found cached RTLIL representation for module `$paramod$2837a52e23f322510c843fae875b96016661879e\ad_dds_cordic_pipe'.
Parameter \P_DW = 13
Parameter \D_DW = 14
Parameter \DELAY_DW = 1
Parameter \SHIFT = 7
Found cached RTLIL representation for module `$paramod$d909b6278967e003194823490e16defafd60b999\ad_dds_cordic_pipe'.
Parameter \P_DW = 13
Parameter \D_DW = 14
Parameter \DELAY_DW = 1
Parameter \SHIFT = 6
Found cached RTLIL representation for module `$paramod$fd30997b5cd0a78546a301ac919d10911a6e4364\ad_dds_cordic_pipe'.
Parameter \P_DW = 13
Parameter \D_DW = 14
Parameter \DELAY_DW = 1
Parameter \SHIFT = 5
Found cached RTLIL representation for module `$paramod$ee8df78853dade35495c425410a6b344e9c9e3fd\ad_dds_cordic_pipe'.
Parameter \P_DW = 13
Parameter \D_DW = 14
Parameter \DELAY_DW = 1
Parameter \SHIFT = 4
Found cached RTLIL representation for module `$paramod$32c0f7f972e2b523fd7ccda621d804d8fad61fbe\ad_dds_cordic_pipe'.
Parameter \P_DW = 13
Parameter \D_DW = 14
Parameter \DELAY_DW = 1
Parameter \SHIFT = 3
Found cached RTLIL representation for module `$paramod$f12e8c08b3a94357044c0ebe7e139f578711d384\ad_dds_cordic_pipe'.
Parameter \P_DW = 13
Parameter \D_DW = 14
Parameter \DELAY_DW = 1
Parameter \SHIFT = 2
Found cached RTLIL representation for module `$paramod$9bdba6dd52feb802f29e54f5147d1ce080ae5041\ad_dds_cordic_pipe'.
Parameter \P_DW = 13
Parameter \D_DW = 14
Parameter \DELAY_DW = 1
Parameter \SHIFT = 1
Found cached RTLIL representation for module `$paramod$76913691fe38ea8616cd6ae6b6332987f3e9dcc3\ad_dds_cordic_pipe'.
Parameter \P_DW = 13
Parameter \D_DW = 14
Parameter \DELAY_DW = 1
Parameter \SHIFT = 0
Found cached RTLIL representation for module `$paramod$64d5233825eed4e8a7b6f83c7c826a2f4b170d83\ad_dds_cordic_pipe'.

81.101. Analyzing design hierarchy..
Top module:  \axi_ad9361
Used module:     \axi_ad9361_tdd
Used module:         \ad_tdd_control
Used module:             $paramod$672535e974e317b73c1012fddfa18786e8b6b3ea\ad_addsub
Used module:         \up_tdd_cntrl
Used module:             $paramod\up_xfer_status\DATA_WIDTH=s32'00000000000000000000000000001000
Used module:             $paramod\up_xfer_cntrl\DATA_WIDTH=s32'00000000000000000000000010010000
Used module:             $paramod\up_xfer_cntrl\DATA_WIDTH=s32'00000000000000000000000000111111
Used module:     $paramod\axi_ad9361_tdd_if\LEVEL_OR_PULSE_N=s32'00000000000000000000000000000001
Used module:     $paramod$2828e6fa2c2c849584c016c07253c1d01eb88766\axi_ad9361_lvds_if
Used module:         \ad_data_clk
Used module:         $paramod$728b24706c860792f9f94356aaefd85f2720cc90\ad_data_out
Used module:         $paramod$ade101aacbcb73fc1c939f323e847488dbe340d8\ad_data_in
Used module:         $paramod$e249e690c434685c21db867b58e14e4de13e5506\ad_data_out
Used module:         $paramod$a9f54b726caf08e710b2a5a9bb259ec0d6f29569\ad_data_in
Used module:     \up_axi
Used module:     $paramod$5d70a5b32d31a338e01e61233e3f577e4629066f\axi_ad9361_tx
Used module:         $paramod$96804e1f3670fc05a3cf88996835188cfbdda449\up_delay_cntrl
Used module:         $paramod$30aceb5ec2152527a06812c6234c1010a7f8f343\up_dac_common
Used module:             \up_clock_mon
Used module:             $paramod\up_xfer_status\DATA_WIDTH=s32'00000000000000000000000000100100
Used module:             $paramod\up_xfer_cntrl\DATA_WIDTH=s32'00000000000000000000000001100011
Used module:             \ad_rst
Used module:         $paramod$f6ea464bb1fce90b40d536f2882157f5b72f51cd\axi_ad9361_tx_channel
Used module:             $paramod$32ecc49b511816b382b19968d9724d9988cde396\up_dac_channel
Used module:                 $paramod\up_xfer_cntrl\DATA_WIDTH=s32'00000000000000000000000011110000
Used module:             $paramod$ec32750dd17643fa2370e38a1307ef14fa5df8c6\ad_dds
Used module:                 $paramod$c37e31fbc1f035ee21d368ea72d250c9aaa1aaa4\ad_dds_2
Used module:                     $paramod$546ffe6dc78127b62ab6a6cc7630e99f923b57fc\ad_dds_1
Used module:                         $paramod$6c99c05f86b3907b75c557c6dff46444a85f6c17\ad_dds_sine_cordic
Used module:                             $paramod$2fe7ed7454b60c828eb4a4c55d31054877343382\ad_dds_cordic_pipe
Used module:                             $paramod$8573fd32694f05eccd77e7edaa94e92975bc9002\ad_dds_cordic_pipe
Used module:                             $paramod$a6c7de10d7bb72ac236701fb32f34e2182e638ab\ad_dds_cordic_pipe
Used module:                             $paramod$2837a52e23f322510c843fae875b96016661879e\ad_dds_cordic_pipe
Used module:                             $paramod$d909b6278967e003194823490e16defafd60b999\ad_dds_cordic_pipe
Used module:                             $paramod$fd30997b5cd0a78546a301ac919d10911a6e4364\ad_dds_cordic_pipe
Used module:                             $paramod$ee8df78853dade35495c425410a6b344e9c9e3fd\ad_dds_cordic_pipe
Used module:                             $paramod$32c0f7f972e2b523fd7ccda621d804d8fad61fbe\ad_dds_cordic_pipe
Used module:                             $paramod$f12e8c08b3a94357044c0ebe7e139f578711d384\ad_dds_cordic_pipe
Used module:                             $paramod$9bdba6dd52feb802f29e54f5147d1ce080ae5041\ad_dds_cordic_pipe
Used module:                             $paramod$76913691fe38ea8616cd6ae6b6332987f3e9dcc3\ad_dds_cordic_pipe
Used module:                             $paramod$64d5233825eed4e8a7b6f83c7c826a2f4b170d83\ad_dds_cordic_pipe
Used module:                         $paramod$15273182d2228022d0d61c66c34c770e1beabe2a\ad_mul
Used module:                             $paramod$15273182d2228022d0d61c66c34c770e1beabe2a\ad_mul_open
Used module:             $paramod$002166e073bc16f0af47b2af4675ef322847d383\ad_iqcor
Used module:                 $paramod\ad_mul\DELAY_DATA_WIDTH=s32'00000000000000000000000000010000
Used module:                     $paramod$8e25d8b6976da34eb2e4e8593925fe84a2ef1c64\ad_mul_open
Used module:                 $paramod\ad_mul\DELAY_DATA_WIDTH=s32'00000000000000000000000000010001
Used module:                     $paramod$fab52015263978c9ad228c108a6b4269c7745603\ad_mul_open
Used module:         $paramod$b8407c642569fa76820e71254b3ce7f2cb70e5bd\axi_ad9361_tx_channel
Used module:             $paramod$028851b7329d40fb191e05f7f27e97fb5c20066b\up_dac_channel
Used module:             $paramod$ecb8c849d1fece165b181ff695f184fcee3bfd2b\ad_iqcor
Used module:         $paramod$f04ad40bdf8aa464691dadd35b854d225672423c\axi_ad9361_tx_channel
Used module:             $paramod$5d63389c7d4a52a6e195a41062986521c92dcd43\up_dac_channel
Used module:         $paramod$f18d4f07d8553268eed08c1891b68e073f6c5d4b\axi_ad9361_tx_channel
Used module:             $paramod$e867bcf7a453308fbfda294525152f39765c1a1e\up_dac_channel
Used module:     $paramod$70571672d3c68afe2654ab18134157cff15951bb\axi_ad9361_rx
Used module:         $paramod$808ffbb8e239195d81ff0b7e0fbc3f3bd1be5b72\up_delay_cntrl
Used module:         $paramod$fb6a0404fbc12fe931811ed63b11595579d38020\up_adc_common
Used module:             $paramod\up_xfer_cntrl\DATA_WIDTH=s32'00000000000000000000000001111010
Used module:         $paramod$2bf098fb2a0cd3e466e22c156fdcb17a0d064d4c\axi_ad9361_rx_channel
Used module:             $paramod$6a10527713af470a1183d0e580292016979fac01\up_adc_channel
Used module:                 $paramod\up_xfer_status\DATA_WIDTH=s32'00000000000000000000000000101100
Used module:                 $paramod\up_xfer_cntrl\DATA_WIDTH=s32'00000000000000000000000001010001
Used module:             $paramod\ad_dcfilter\DISABLE=s32'00000000000000000000000000000000
Used module:             $paramod$e18066ee9732abcc60dcc8e048073733cad550f0\ad_datafmt
Used module:             $paramod$510719eea8a5a56e59f75f0b457dfab6bd646089\axi_ad9361_rx_pnmon
Used module:                 $paramod\ad_pnmon\DATA_WIDTH=s32'00000000000000000000000000011000
Used module:         $paramod$7cfa42d7e3c96789b560d3b566db4bc10b761cc0\axi_ad9361_rx_channel
Used module:             $paramod$075db056168ce21a9940fcc6d11c505caa701339\up_adc_channel
Used module:             $paramod$8a16ee1ad89ca553e349b8e2b0b1c722be5cafa1\axi_ad9361_rx_pnmon
Used module:         $paramod$2ff6e2dcbc3ae32f49ad6e68fc72af49994b408a\axi_ad9361_rx_channel
Used module:             $paramod$454e10619c60c00c8e019a4ef328014acf0a3bb0\up_adc_channel
Used module:             $paramod$08c0ef3c58e88d50542e5fe771550ae278f3ee26\axi_ad9361_rx_pnmon
Used module:         $paramod$b0f9cd840ebf625ce1cf48e7083633a06f859b31\axi_ad9361_rx_channel
Used module:             $paramod$14da6df1ffa4dd878723ae3248ad2bc5f6833921\up_adc_channel
Used module:             $paramod$cf4ca76302ce6a67a0e28fc9fc904a3b0f8fdc13\axi_ad9361_rx_pnmon

81.102. Analyzing design hierarchy..
Top module:  \axi_ad9361
Used module:     \axi_ad9361_tdd
Used module:         \ad_tdd_control
Used module:             $paramod$672535e974e317b73c1012fddfa18786e8b6b3ea\ad_addsub
Used module:         \up_tdd_cntrl
Used module:             $paramod\up_xfer_status\DATA_WIDTH=s32'00000000000000000000000000001000
Used module:             $paramod\up_xfer_cntrl\DATA_WIDTH=s32'00000000000000000000000010010000
Used module:             $paramod\up_xfer_cntrl\DATA_WIDTH=s32'00000000000000000000000000111111
Used module:     $paramod\axi_ad9361_tdd_if\LEVEL_OR_PULSE_N=s32'00000000000000000000000000000001
Used module:     $paramod$2828e6fa2c2c849584c016c07253c1d01eb88766\axi_ad9361_lvds_if
Used module:         \ad_data_clk
Used module:         $paramod$728b24706c860792f9f94356aaefd85f2720cc90\ad_data_out
Used module:         $paramod$ade101aacbcb73fc1c939f323e847488dbe340d8\ad_data_in
Used module:         $paramod$e249e690c434685c21db867b58e14e4de13e5506\ad_data_out
Used module:         $paramod$a9f54b726caf08e710b2a5a9bb259ec0d6f29569\ad_data_in
Used module:     \up_axi
Used module:     $paramod$5d70a5b32d31a338e01e61233e3f577e4629066f\axi_ad9361_tx
Used module:         $paramod$96804e1f3670fc05a3cf88996835188cfbdda449\up_delay_cntrl
Used module:         $paramod$30aceb5ec2152527a06812c6234c1010a7f8f343\up_dac_common
Used module:             \up_clock_mon
Used module:             $paramod\up_xfer_status\DATA_WIDTH=s32'00000000000000000000000000100100
Used module:             $paramod\up_xfer_cntrl\DATA_WIDTH=s32'00000000000000000000000001100011
Used module:             \ad_rst
Used module:         $paramod$f6ea464bb1fce90b40d536f2882157f5b72f51cd\axi_ad9361_tx_channel
Used module:             $paramod$32ecc49b511816b382b19968d9724d9988cde396\up_dac_channel
Used module:                 $paramod\up_xfer_cntrl\DATA_WIDTH=s32'00000000000000000000000011110000
Used module:             $paramod$ec32750dd17643fa2370e38a1307ef14fa5df8c6\ad_dds
Used module:                 $paramod$c37e31fbc1f035ee21d368ea72d250c9aaa1aaa4\ad_dds_2
Used module:                     $paramod$546ffe6dc78127b62ab6a6cc7630e99f923b57fc\ad_dds_1
Used module:                         $paramod$6c99c05f86b3907b75c557c6dff46444a85f6c17\ad_dds_sine_cordic
Used module:                             $paramod$2fe7ed7454b60c828eb4a4c55d31054877343382\ad_dds_cordic_pipe
Used module:                             $paramod$8573fd32694f05eccd77e7edaa94e92975bc9002\ad_dds_cordic_pipe
Used module:                             $paramod$a6c7de10d7bb72ac236701fb32f34e2182e638ab\ad_dds_cordic_pipe
Used module:                             $paramod$2837a52e23f322510c843fae875b96016661879e\ad_dds_cordic_pipe
Used module:                             $paramod$d909b6278967e003194823490e16defafd60b999\ad_dds_cordic_pipe
Used module:                             $paramod$fd30997b5cd0a78546a301ac919d10911a6e4364\ad_dds_cordic_pipe
Used module:                             $paramod$ee8df78853dade35495c425410a6b344e9c9e3fd\ad_dds_cordic_pipe
Used module:                             $paramod$32c0f7f972e2b523fd7ccda621d804d8fad61fbe\ad_dds_cordic_pipe
Used module:                             $paramod$f12e8c08b3a94357044c0ebe7e139f578711d384\ad_dds_cordic_pipe
Used module:                             $paramod$9bdba6dd52feb802f29e54f5147d1ce080ae5041\ad_dds_cordic_pipe
Used module:                             $paramod$76913691fe38ea8616cd6ae6b6332987f3e9dcc3\ad_dds_cordic_pipe
Used module:                             $paramod$64d5233825eed4e8a7b6f83c7c826a2f4b170d83\ad_dds_cordic_pipe
Used module:                         $paramod$15273182d2228022d0d61c66c34c770e1beabe2a\ad_mul
Used module:                             $paramod$15273182d2228022d0d61c66c34c770e1beabe2a\ad_mul_open
Used module:             $paramod$002166e073bc16f0af47b2af4675ef322847d383\ad_iqcor
Used module:                 $paramod\ad_mul\DELAY_DATA_WIDTH=s32'00000000000000000000000000010000
Used module:                     $paramod$8e25d8b6976da34eb2e4e8593925fe84a2ef1c64\ad_mul_open
Used module:                 $paramod\ad_mul\DELAY_DATA_WIDTH=s32'00000000000000000000000000010001
Used module:                     $paramod$fab52015263978c9ad228c108a6b4269c7745603\ad_mul_open
Used module:         $paramod$b8407c642569fa76820e71254b3ce7f2cb70e5bd\axi_ad9361_tx_channel
Used module:             $paramod$028851b7329d40fb191e05f7f27e97fb5c20066b\up_dac_channel
Used module:             $paramod$ecb8c849d1fece165b181ff695f184fcee3bfd2b\ad_iqcor
Used module:         $paramod$f04ad40bdf8aa464691dadd35b854d225672423c\axi_ad9361_tx_channel
Used module:             $paramod$5d63389c7d4a52a6e195a41062986521c92dcd43\up_dac_channel
Used module:         $paramod$f18d4f07d8553268eed08c1891b68e073f6c5d4b\axi_ad9361_tx_channel
Used module:             $paramod$e867bcf7a453308fbfda294525152f39765c1a1e\up_dac_channel
Used module:     $paramod$70571672d3c68afe2654ab18134157cff15951bb\axi_ad9361_rx
Used module:         $paramod$808ffbb8e239195d81ff0b7e0fbc3f3bd1be5b72\up_delay_cntrl
Used module:         $paramod$fb6a0404fbc12fe931811ed63b11595579d38020\up_adc_common
Used module:             $paramod\up_xfer_cntrl\DATA_WIDTH=s32'00000000000000000000000001111010
Used module:         $paramod$2bf098fb2a0cd3e466e22c156fdcb17a0d064d4c\axi_ad9361_rx_channel
Used module:             $paramod$6a10527713af470a1183d0e580292016979fac01\up_adc_channel
Used module:                 $paramod\up_xfer_status\DATA_WIDTH=s32'00000000000000000000000000101100
Used module:                 $paramod\up_xfer_cntrl\DATA_WIDTH=s32'00000000000000000000000001010001
Used module:             $paramod\ad_dcfilter\DISABLE=s32'00000000000000000000000000000000
Used module:             $paramod$e18066ee9732abcc60dcc8e048073733cad550f0\ad_datafmt
Used module:             $paramod$510719eea8a5a56e59f75f0b457dfab6bd646089\axi_ad9361_rx_pnmon
Used module:                 $paramod\ad_pnmon\DATA_WIDTH=s32'00000000000000000000000000011000
Used module:         $paramod$7cfa42d7e3c96789b560d3b566db4bc10b761cc0\axi_ad9361_rx_channel
Used module:             $paramod$075db056168ce21a9940fcc6d11c505caa701339\up_adc_channel
Used module:             $paramod$8a16ee1ad89ca553e349b8e2b0b1c722be5cafa1\axi_ad9361_rx_pnmon
Used module:         $paramod$2ff6e2dcbc3ae32f49ad6e68fc72af49994b408a\axi_ad9361_rx_channel
Used module:             $paramod$454e10619c60c00c8e019a4ef328014acf0a3bb0\up_adc_channel
Used module:             $paramod$08c0ef3c58e88d50542e5fe771550ae278f3ee26\axi_ad9361_rx_pnmon
Used module:         $paramod$b0f9cd840ebf625ce1cf48e7083633a06f859b31\axi_ad9361_rx_channel
Used module:             $paramod$14da6df1ffa4dd878723ae3248ad2bc5f6833921\up_adc_channel
Used module:             $paramod$cf4ca76302ce6a67a0e28fc9fc904a3b0f8fdc13\axi_ad9361_rx_pnmon
Removing unused module `$paramod$f919bfc20aae617ee45b556c6a5a532dda20ca62\ad_dds_sine_cordic'.
Removing unused module `$paramod$e389ee0f820e37cbd51baaa4a718ddaec50b9f02\ad_mul_open'.
Removing unused module `$paramod$0222fe6ed579a6f3ca426fa95fdc90a61ba1e416\ad_dds_cordic_pipe'.
Removing unused module `$paramod$16af622096e149dc8520fb2ad55478600bc02cbe\ad_dds_cordic_pipe'.
Removing unused module `$paramod$ad9cedd27f016397b5ebe7cc215ac41cf7dcd498\ad_dds_cordic_pipe'.
Removing unused module `$paramod$c0d9ac01f3c43c5c378c112fb1af98133592f698\ad_dds_cordic_pipe'.
Removing unused module `$paramod$e440a4caf0ca09d2263bd1f9af04cadde031b516\ad_dds_cordic_pipe'.
Removing unused module `$paramod$836dae13ffa1dccb9dc4f09cebc754e5723523f8\ad_dds_cordic_pipe'.
Removing unused module `$paramod$9ff5d3c6179abbad0c1ac90857b6d1b9819e1dc4\ad_dds_cordic_pipe'.
Removing unused module `$paramod$c8de5be879843654e172cb5d83ae94a2af9a11e7\ad_dds_cordic_pipe'.
Removing unused module `$paramod$f747b853a97badc5b9c0c4e2934791b60628ac6c\ad_dds_cordic_pipe'.
Removing unused module `$paramod$52a8922f0ce8a6b3c334392f2680a259dcba6426\ad_dds_cordic_pipe'.
Removing unused module `$paramod$bf59611eb29e42fd4c027720a518546848dbba9d\ad_dds_cordic_pipe'.
Removing unused module `$paramod$e389ee0f820e37cbd51baaa4a718ddaec50b9f02\ad_mul'.
Removing unused module `$paramod$edf0f11dfb4fc0714cc8b6408f44b7060064c50d\ad_dds_1'.
Removing unused module `\ad_dds'.
Removing unused module `\ad_dds_sine_cordic'.
Removing unused module `$paramod$6d54ab4f464a1722e5f7488250c5db69e9e4010f\up_dac_channel'.
Removing unused module `\axi_ad9361_rx_channel'.
Removing unused module `$paramod$0d65cb90a9a9bbf8a8ab5c5ad27afb254b3e65d8\ad_dds_cordic_pipe'.
Removing unused module `\axi_ad9361_tx'.
Removing unused module `$paramod$369adcb94b4137da2f7af331d708a9f2aa4db05e\ad_dds_cordic_pipe'.
Removing unused module `$paramod$8839f903ed97afd27cd533f27e79fdaf6d5e1ec2\up_dac_common'.
Removing unused module `$paramod$5f31f13471339a1f4bc06657353fb62a37a4452d\up_delay_cntrl'.
Removing unused module `\axi_ad9361_rx'.
Removing unused module `$paramod$3d45f64e10347c204fb1992880ea5723261007a8\ad_dds_cordic_pipe'.
Removing unused module `\ad_serdes_out'.
Removing unused module `\ad_serdes_in'.
Removing unused module `\ad_serdes_clk'.
Removing unused module `\ad_mul'.
Removing unused module `\ad_mul_open'.
Removing unused module `\ad_mul_ORIG'.
Removing unused module `\ad_mmcm_drp'.
Removing unused module `\ad_dcfilter'.
Removing unused module `\ad_data_out'.
Removing unused module `\ad_data_in'.
Removing unused module `\util_pulse_gen'.
Removing unused module `\util_pipeline_stage'.
Removing unused module `\util_ext_sync'.
Removing unused module `\util_delay'.
Removing unused module `\util_dec256sinc24b'.
Removing unused module `\util_axis_upscale'.
Removing unused module `\up_xfer_status'.
Removing unused module `\up_xfer_cntrl'.
Removing unused module `\up_pmod'.
Removing unused module `\up_hdmi_tx'.
Removing unused module `\up_hdmi_rx'.
Removing unused module `\up_delay_cntrl'.
Removing unused module `\up_dac_common'.
Removing unused module `\up_dac_channel'.
Removing unused module `\up_clkgen'.
Removing unused module `\up_adc_common'.
Removing unused module `\up_adc_channel'.
Removing unused module `\ad_xcvr_rx_if'.
Removing unused module `\ad_upack'.
Removing unused module `\ad_sysref_gen'.
Removing unused module `\ad_ss_444to422'.
Removing unused module `\ad_ss_422to444'.
Removing unused module `\ad_pps_receiver'.
Removing unused module `\ad_pnmon'.
Removing unused module `\ad_pngen'.
Removing unused module `\ad_perfect_shuffle'.
Removing unused module `\ad_pack'.
Removing unused module `\ad_mux_core'.
Removing unused module `\ad_mux'.
Removing unused module `\ad_mem_dual'.
Removing unused module `\ad_mem_asym'.
Removing unused module `\ad_mem'.
Removing unused module `\ad_iqcor'.
Removing unused module `\ad_iobuf'.
Removing unused module `\ad_g2b'.
Removing unused module `\ad_edge_detect'.
Removing unused module `$paramod$56bd40c9cf3b6aa19d2a3e17a185872c1d89d18d\ad_dds_cordic_pipe'.
Removing unused module `\ad_dds_sine'.
Removing unused module `\ad_dds_cordic_pipe'.
Removing unused module `\ad_dds_2'.
Removing unused module `\ad_dds_1'.
Removing unused module `$paramod$247e89b81513cb7fc0d1814140fcdb8ef4da83b2\ad_dds_2'.
Removing unused module `\ad_datafmt'.
Removing unused module `\ad_csc_RGB2CrYCb'.
Removing unused module `\ad_csc_CrYCb2RGB'.
Removing unused module `\ad_csc'.
Removing unused module `\ad_bus_mux'.
Removing unused module `\ad_b2g'.
Removing unused module `\ad_axis_inf_rx'.
Removing unused module `\ad_adl5904_rst'.
Removing unused module `\ad_addsub'.
Removing unused module `\ad_3w_spi'.
Removing unused module `\axi_ad9361_lvds_if'.
Removing unused module `\axi_ad9361_cmos_if'.
Removing unused module `\axi_ad9361_tx_channel'.
Removing unused module `\axi_ad9361_tdd_if'.
Removing unused module `\axi_ad9361_rx_pnmon'.
Removed 93 unused modules.

82. Printing statistics.

=== $paramod$6c99c05f86b3907b75c557c6dff46444a85f6c17\ad_dds_sine_cordic ===

        +----------Local Count, excluding submodules.
        | 
      272 wires
     2833 wire bits
       79 public wires
      844 public wire bits
        6 ports
       44 port bits
       69 processes
       12 submodules
        1   $paramod$2837a52e23f322510c843fae875b96016661879e\ad_dds_cordic_pipe
        1   $paramod$2fe7ed7454b60c828eb4a4c55d31054877343382\ad_dds_cordic_pipe
        1   $paramod$32c0f7f972e2b523fd7ccda621d804d8fad61fbe\ad_dds_cordic_pipe
        1   $paramod$64d5233825eed4e8a7b6f83c7c826a2f4b170d83\ad_dds_cordic_pipe
        1   $paramod$76913691fe38ea8616cd6ae6b6332987f3e9dcc3\ad_dds_cordic_pipe
        1   $paramod$8573fd32694f05eccd77e7edaa94e92975bc9002\ad_dds_cordic_pipe
        1   $paramod$9bdba6dd52feb802f29e54f5147d1ce080ae5041\ad_dds_cordic_pipe
        1   $paramod$a6c7de10d7bb72ac236701fb32f34e2182e638ab\ad_dds_cordic_pipe
        1   $paramod$d909b6278967e003194823490e16defafd60b999\ad_dds_cordic_pipe
        1   $paramod$ee8df78853dade35495c425410a6b344e9c9e3fd\ad_dds_cordic_pipe
        1   $paramod$f12e8c08b3a94357044c0ebe7e139f578711d384\ad_dds_cordic_pipe
        1   $paramod$fd30997b5cd0a78546a301ac919d10911a6e4364\ad_dds_cordic_pipe

=== $paramod$15273182d2228022d0d61c66c34c770e1beabe2a\ad_mul_open ===

        +----------Local Count, excluding submodules.
        | 
       27 wires
      395 wire bits
       12 public wires
      165 public wire bits
        6 ports
       67 port bits
        9 processes
        1 cells
        1   $mul

=== $paramod$ec32750dd17643fa2370e38a1307ef14fa5df8c6\ad_dds ===

        +----------Local Count, excluding submodules.
        | 
       60 wires
      708 wire bits
       25 public wires
      318 public wire bits
       11 ports
      112 port bits
        9 processes
       14 cells
        2   $add
        2   $and
        4   $eq
        2   $logic_not
        1   $logic_or
        2   $mul
        1   $or
        1 submodules
        1   $paramod$c37e31fbc1f035ee21d368ea72d250c9aaa1aaa4\ad_dds_2

=== $paramod$fab52015263978c9ad228c108a6b4269c7745603\ad_mul_open ===

        +----------Local Count, excluding submodules.
        | 
       27 wires
      579 wire bits
       12 public wires
      239 public wire bits
        6 ports
      103 port bits
        9 processes
        1 cells
        1   $mul

=== $paramod$96804e1f3670fc05a3cf88996835188cfbdda449\up_delay_cntrl ===

        +----------Local Count, excluding submodules.
        | 
       17 wires
      278 wire bits
       17 public wires
      278 public wire bits
       17 ports
      278 port bits

=== $paramod$76913691fe38ea8616cd6ae6b6332987f3e9dcc3\ad_dds_cordic_pipe ===

        +----------Local Count, excluding submodules.
        | 
       29 wires
      295 wire bits
       15 public wires
      129 public wire bits
       11 ports
       99 port bits
        2 processes
       10 cells
        6   $add
        1   $not
        3   $xor

=== $paramod$9bdba6dd52feb802f29e54f5147d1ce080ae5041\ad_dds_cordic_pipe ===

        +----------Local Count, excluding submodules.
        | 
       29 wires
      295 wire bits
       15 public wires
      129 public wire bits
       11 ports
       99 port bits
        2 processes
       10 cells
        6   $add
        1   $not
        3   $xor

=== $paramod$f12e8c08b3a94357044c0ebe7e139f578711d384\ad_dds_cordic_pipe ===

        +----------Local Count, excluding submodules.
        | 
       29 wires
      295 wire bits
       15 public wires
      129 public wire bits
       11 ports
       99 port bits
        2 processes
       10 cells
        6   $add
        1   $not
        3   $xor

=== $paramod$32c0f7f972e2b523fd7ccda621d804d8fad61fbe\ad_dds_cordic_pipe ===

        +----------Local Count, excluding submodules.
        | 
       29 wires
      295 wire bits
       15 public wires
      129 public wire bits
       11 ports
       99 port bits
        2 processes
       10 cells
        6   $add
        1   $not
        3   $xor

=== ad_data_clk ===

        +----------Local Count, excluding submodules.
        | 
        6 wires
        6 wire bits
        6 public wires
        6 public wire bits
        5 ports
        5 port bits
        2 cells
        1   BUFG
        1   IBUFGDS

=== $paramod$ee8df78853dade35495c425410a6b344e9c9e3fd\ad_dds_cordic_pipe ===

        +----------Local Count, excluding submodules.
        | 
       29 wires
      295 wire bits
       15 public wires
      129 public wire bits
       11 ports
       99 port bits
        2 processes
       10 cells
        6   $add
        1   $not
        3   $xor

=== $paramod$fd30997b5cd0a78546a301ac919d10911a6e4364\ad_dds_cordic_pipe ===

        +----------Local Count, excluding submodules.
        | 
       29 wires
      295 wire bits
       15 public wires
      129 public wire bits
       11 ports
       99 port bits
        2 processes
       10 cells
        6   $add
        1   $not
        3   $xor

=== $paramod$d909b6278967e003194823490e16defafd60b999\ad_dds_cordic_pipe ===

        +----------Local Count, excluding submodules.
        | 
       29 wires
      295 wire bits
       15 public wires
      129 public wire bits
       11 ports
       99 port bits
        2 processes
       10 cells
        6   $add
        1   $not
        3   $xor

=== $paramod$2837a52e23f322510c843fae875b96016661879e\ad_dds_cordic_pipe ===

        +----------Local Count, excluding submodules.
        | 
       29 wires
      295 wire bits
       15 public wires
      129 public wire bits
       11 ports
       99 port bits
        2 processes
       10 cells
        6   $add
        1   $not
        3   $xor

=== $paramod$a6c7de10d7bb72ac236701fb32f34e2182e638ab\ad_dds_cordic_pipe ===

        +----------Local Count, excluding submodules.
        | 
       29 wires
      295 wire bits
       15 public wires
      129 public wire bits
       11 ports
       99 port bits
        2 processes
       10 cells
        6   $add
        1   $not
        3   $xor

=== $paramod$8573fd32694f05eccd77e7edaa94e92975bc9002\ad_dds_cordic_pipe ===

        +----------Local Count, excluding submodules.
        | 
       29 wires
      295 wire bits
       15 public wires
      129 public wire bits
       11 ports
       99 port bits
        2 processes
       10 cells
        6   $add
        1   $not
        3   $xor

=== $paramod$2fe7ed7454b60c828eb4a4c55d31054877343382\ad_dds_cordic_pipe ===

        +----------Local Count, excluding submodules.
        | 
       29 wires
      295 wire bits
       15 public wires
      129 public wire bits
       11 ports
       99 port bits
        2 processes
       10 cells
        6   $add
        1   $not
        3   $xor

=== $paramod$8e25d8b6976da34eb2e4e8593925fe84a2ef1c64\ad_mul_open ===

        +----------Local Count, excluding submodules.
        | 
       27 wires
      569 wire bits
       12 public wires
      235 public wire bits
        6 ports
      101 port bits
        9 processes
        1 cells
        1   $mul

=== up_tdd_cntrl ===

        +----------Local Count, excluding submodules.
        | 
      255 wires
     2901 wire bits
       85 public wires
     1428 public wire bits
       47 ports
      747 port bits
       37 processes
       97 cells
       65   $eq
       30   $logic_and
        2   $mux
        6 submodules
        1   $paramod\up_xfer_cntrl\DATA_WIDTH=s32'00000000000000000000000000111111
        4   $paramod\up_xfer_cntrl\DATA_WIDTH=s32'00000000000000000000000010010000
        1   $paramod\up_xfer_status\DATA_WIDTH=s32'00000000000000000000000000001000

=== $paramod$15273182d2228022d0d61c66c34c770e1beabe2a\ad_mul ===

        +----------Local Count, excluding submodules.
        | 
        6 wires
       67 wire bits
        6 public wires
       67 public wire bits
        6 ports
       67 port bits
        1 submodules
        1   $paramod$15273182d2228022d0d61c66c34c770e1beabe2a\ad_mul_open

=== $paramod$70571672d3c68afe2654ab18134157cff15951bb\axi_ad9361_rx ===

        +----------Local Count, excluding submodules.
        | 
      156 wires
     1790 wire bits
       72 public wires
      916 public wire bits
       50 ports
      598 port bits
       13 processes
       15 cells
        1   $eq
        2   $mux
        5   $or
        7   $reduce_or
        6 submodules
        1   $paramod$2bf098fb2a0cd3e466e22c156fdcb17a0d064d4c\axi_ad9361_rx_channel
        1   $paramod$2ff6e2dcbc3ae32f49ad6e68fc72af49994b408a\axi_ad9361_rx_channel
        1   $paramod$7cfa42d7e3c96789b560d3b566db4bc10b761cc0\axi_ad9361_rx_channel
        1   $paramod$808ffbb8e239195d81ff0b7e0fbc3f3bd1be5b72\up_delay_cntrl
        1   $paramod$b0f9cd840ebf625ce1cf48e7083633a06f859b31\axi_ad9361_rx_channel
        1   $paramod$fb6a0404fbc12fe931811ed63b11595579d38020\up_adc_common

=== $paramod$64d5233825eed4e8a7b6f83c7c826a2f4b170d83\ad_dds_cordic_pipe ===

        +----------Local Count, excluding submodules.
        | 
       29 wires
      295 wire bits
       15 public wires
      129 public wire bits
       11 ports
       99 port bits
        2 processes
       10 cells
        6   $add
        1   $not
        3   $xor

=== $paramod\up_xfer_cntrl\DATA_WIDTH=s32'00000000000000000000000011110000 ===

        +----------Local Count, excluding submodules.
        | 
       58 wires
     1990 wire bits
       21 public wires
      982 public wire bits
        7 ports
      485 port bits
       14 processes
       13 cells
        1   $add
        6   $eq
        1   $logic_and
        1   $mux
        2   $not
        2   $xor

=== $paramod$546ffe6dc78127b62ab6a6cc7630e99f923b57fc\ad_dds_1 ===

        +----------Local Count, excluding submodules.
        | 
        7 wires
      104 wire bits
        6 public wires
       90 public wire bits
        4 ports
       44 port bits
        1 processes
        2 submodules
        1   $paramod$15273182d2228022d0d61c66c34c770e1beabe2a\ad_mul
        1   $paramod$6c99c05f86b3907b75c557c6dff46444a85f6c17\ad_dds_sine_cordic

=== $paramod$2bf098fb2a0cd3e466e22c156fdcb17a0d064d4c\axi_ad9361_rx_channel ===

        +----------Local Count, excluding submodules.
        | 
       55 wires
      428 wire bits
       43 public wires
      316 public wire bits
       25 ports
      191 port bits
        2 cells
        1   $eq
        1   $mux
        5 submodules
        1   $paramod$002166e073bc16f0af47b2af4675ef322847d383\ad_iqcor
        1   $paramod$510719eea8a5a56e59f75f0b457dfab6bd646089\axi_ad9361_rx_pnmon
        1   $paramod$6a10527713af470a1183d0e580292016979fac01\up_adc_channel
        1   $paramod$e18066ee9732abcc60dcc8e048073733cad550f0\ad_datafmt
        1   $paramod\ad_dcfilter\DISABLE=s32'00000000000000000000000000000000

=== up_clock_mon ===

        +----------Local Count, excluding submodules.
        | 
       58 wires
      308 wire bits
       16 public wires
       94 public wire bits
        5 ports
       36 port bits
       14 processes
       23 cells
        2   $add
       16   $eq
        4   $logic_and
        1   $ne

=== $paramod\up_xfer_cntrl\DATA_WIDTH=s32'00000000000000000000000001100011 ===

        +----------Local Count, excluding submodules.
        | 
       58 wires
      862 wire bits
       21 public wires
      418 public wire bits
        7 ports
      203 port bits
       14 processes
       13 cells
        1   $add
        6   $eq
        1   $logic_and
        1   $mux
        2   $not
        2   $xor

=== up_axi ===

        +----------Local Count, excluding submodules.
        | 
      128 wires
      764 wire bits
       48 public wires
      391 public wire bits
       27 ports
      212 port bits
       22 processes
       44 cells
        2   $add
        4   $and
       31   $eq
        4   $logic_and
        3   $mux

=== $paramod$c37e31fbc1f035ee21d368ea72d250c9aaa1aaa4\ad_dds_2 ===

        +----------Local Count, excluding submodules.
        | 
       32 wires
      413 wire bits
       17 public wires
      216 public wire bits
        7 ports
       78 port bits
       10 processes
        3 cells
        2   $add
        1   $xor
        2 submodules
        2   $paramod$546ffe6dc78127b62ab6a6cc7630e99f923b57fc\ad_dds_1

=== $paramod$075db056168ce21a9940fcc6d11c505caa701339\up_adc_channel ===

        +----------Local Count, excluding submodules.
        | 
      278 wires
     1712 wire bits
      102 public wires
      774 public wire bits
       49 ports
      345 port bits
       47 processes
       88 cells
        2   $add
        4   $and
       55   $eq
       17   $logic_and
        4   $mux
        6   $not
        2 submodules
        1   $paramod\up_xfer_cntrl\DATA_WIDTH=s32'00000000000000000000000001010001
        1   $paramod\up_xfer_status\DATA_WIDTH=s32'00000000000000000000000000101100

=== $paramod$672535e974e317b73c1012fddfa18786e8b6b3ea\ad_addsub ===

        +----------Local Count, excluding submodules.
        | 
       26 wires
      563 wire bits
       11 public wires
      220 public wire bits
        5 ports
       74 port bits
       10 processes
        3 cells
        1   $add
        1   $eq
        1   $sub

=== $paramod\up_xfer_cntrl\DATA_WIDTH=s32'00000000000000000000000000111111 ===

        +----------Local Count, excluding submodules.
        | 
       58 wires
      574 wire bits
       21 public wires
      274 public wire bits
        7 ports
      131 port bits
       14 processes
       13 cells
        1   $add
        6   $eq
        1   $logic_and
        1   $mux
        2   $not
        2   $xor

=== ad_tdd_control ===

        +----------Local Count, excluding submodules.
        | 
      356 wires
     1602 wire bits
       96 public wires
     1212 public wire bits
       41 ports
      669 port bits
       70 processes
      188 cells
        1   $add
        2   $and
      130   $eq
       26   $logic_and
       19   $logic_or
        4   $mux
        1   $ne
        2   $not
        2   $sub
        1   $xor
       20 submodules
       20   $paramod$672535e974e317b73c1012fddfa18786e8b6b3ea\ad_addsub

=== $paramod\up_xfer_cntrl\DATA_WIDTH=s32'00000000000000000000000010010000 ===

        +----------Local Count, excluding submodules.
        | 
       58 wires
     1222 wire bits
       21 public wires
      598 public wire bits
        7 ports
      293 port bits
       14 processes
       13 cells
        1   $add
        6   $eq
        1   $logic_and
        1   $mux
        2   $not
        2   $xor

=== $paramod\up_xfer_status\DATA_WIDTH=s32'00000000000000000000000000001000 ===

        +----------Local Count, excluding submodules.
        | 
       58 wires
      162 wire bits
       20 public wires
       60 public wire bits
        6 ports
       20 port bits
       14 processes
       14 cells
        1   $add
        7   $eq
        2   $logic_and
        1   $not
        1   $or
        2   $xor

=== $paramod\ad_mul\DELAY_DATA_WIDTH=s32'00000000000000000000000000010001 ===

        +----------Local Count, excluding submodules.
        | 
        6 wires
      103 wire bits
        6 public wires
      103 public wire bits
        6 ports
      103 port bits
        1 submodules
        1   $paramod$fab52015263978c9ad228c108a6b4269c7745603\ad_mul_open

=== ad_rst ===

        +----------Local Count, excluding submodules.
        | 
       18 wires
       18 wire bits
        8 public wires
        8 public wire bits
        4 ports
        4 port bits
        6 processes
        1 cells
        1   $not

=== $paramod\ad_mul\DELAY_DATA_WIDTH=s32'00000000000000000000000000010000 ===

        +----------Local Count, excluding submodules.
        | 
        6 wires
      101 wire bits
        6 public wires
      101 public wire bits
        6 ports
      101 port bits
        1 submodules
        1   $paramod$8e25d8b6976da34eb2e4e8593925fe84a2ef1c64\ad_mul_open

=== $paramod\ad_pnmon\DATA_WIDTH=s32'00000000000000000000000000011000 ===

        +----------Local Count, excluding submodules.
        | 
       57 wires
      270 wire bits
       20 public wires
       69 public wire bits
        7 ports
       53 port bits
        8 processes
       23 cells
        1   $add
        4   $and
        5   $eq
        1   $ge
        1   $logic_and
        2   $mux
        5   $not
        2   $or
        1   $pos
        1   $xor

=== $paramod\up_xfer_cntrl\DATA_WIDTH=s32'00000000000000000000000001010001 ===

        +----------Local Count, excluding submodules.
        | 
       58 wires
      718 wire bits
       21 public wires
      346 public wire bits
        7 ports
      167 port bits
       14 processes
       13 cells
        1   $add
        6   $eq
        1   $logic_and
        1   $mux
        2   $not
        2   $xor

=== $paramod\up_xfer_status\DATA_WIDTH=s32'00000000000000000000000000101100 ===

        +----------Local Count, excluding submodules.
        | 
       58 wires
      594 wire bits
       20 public wires
      240 public wire bits
        6 ports
       92 port bits
       14 processes
       14 cells
        1   $add
        7   $eq
        2   $logic_and
        1   $not
        1   $or
        2   $xor

=== $paramod\up_xfer_cntrl\DATA_WIDTH=s32'00000000000000000000000001111010 ===

        +----------Local Count, excluding submodules.
        | 
       58 wires
     1046 wire bits
       21 public wires
      510 public wire bits
        7 ports
      249 port bits
       14 processes
       13 cells
        1   $add
        6   $eq
        1   $logic_and
        1   $mux
        2   $not
        2   $xor

=== $paramod\up_xfer_status\DATA_WIDTH=s32'00000000000000000000000000100100 ===

        +----------Local Count, excluding submodules.
        | 
       58 wires
      498 wire bits
       20 public wires
      200 public wire bits
        6 ports
       76 port bits
       14 processes
       14 cells
        1   $add
        7   $eq
        2   $logic_and
        1   $not
        1   $or
        2   $xor

=== $paramod$2ff6e2dcbc3ae32f49ad6e68fc72af49994b408a\axi_ad9361_rx_channel ===

        +----------Local Count, excluding submodules.
        | 
       55 wires
      428 wire bits
       43 public wires
      316 public wire bits
       25 ports
      191 port bits
        2 cells
        1   $eq
        1   $mux
        5 submodules
        1   $paramod$002166e073bc16f0af47b2af4675ef322847d383\ad_iqcor
        1   $paramod$08c0ef3c58e88d50542e5fe771550ae278f3ee26\axi_ad9361_rx_pnmon
        1   $paramod$454e10619c60c00c8e019a4ef328014acf0a3bb0\up_adc_channel
        1   $paramod$e18066ee9732abcc60dcc8e048073733cad550f0\ad_datafmt
        1   $paramod\ad_dcfilter\DISABLE=s32'00000000000000000000000000000000

=== $paramod$6a10527713af470a1183d0e580292016979fac01\up_adc_channel ===

        +----------Local Count, excluding submodules.
        | 
      278 wires
     1712 wire bits
      102 public wires
      774 public wire bits
       49 ports
      345 port bits
       47 processes
       88 cells
        2   $add
        4   $and
       55   $eq
       17   $logic_and
        4   $mux
        6   $not
        2 submodules
        1   $paramod\up_xfer_cntrl\DATA_WIDTH=s32'00000000000000000000000001010001
        1   $paramod\up_xfer_status\DATA_WIDTH=s32'00000000000000000000000000101100

=== $paramod$e18066ee9732abcc60dcc8e048073733cad550f0\ad_datafmt ===

        +----------Local Count, excluding submodules.
        | 
       23 wires
      109 wire bits
       14 public wires
       70 public wire bits
        8 ports
       34 port bits
        3 processes
        5 cells
        3   $and
        2   $xor

=== $paramod\ad_dcfilter\DISABLE=s32'00000000000000000000000000000000 ===

        +----------Local Count, excluding submodules.
        | 
       43 wires
      687 wire bits
       19 public wires
      295 public wire bits
        8 ports
       68 port bits
       12 processes
        5 cells
        1   $add
        2   $eq
        1   $sub
        1   DSP48E1

=== $paramod$ecb8c849d1fece165b181ff695f184fcee3bfd2b\ad_iqcor ===

        +----------Local Count, excluding submodules.
        | 
       43 wires
      601 wire bits
       27 public wires
      366 public wire bits
        9 ports
       84 port bits
       11 processes
        2 cells
        1   $add
        1   $eq
        2 submodules
        1   $paramod\ad_mul\DELAY_DATA_WIDTH=s32'00000000000000000000000000010000
        1   $paramod\ad_mul\DELAY_DATA_WIDTH=s32'00000000000000000000000000010001

=== $paramod$14da6df1ffa4dd878723ae3248ad2bc5f6833921\up_adc_channel ===

        +----------Local Count, excluding submodules.
        | 
      278 wires
     1712 wire bits
      102 public wires
      774 public wire bits
       49 ports
      345 port bits
       47 processes
       88 cells
        2   $add
        4   $and
       55   $eq
       17   $logic_and
        4   $mux
        6   $not
        2 submodules
        1   $paramod\up_xfer_cntrl\DATA_WIDTH=s32'00000000000000000000000001010001
        1   $paramod\up_xfer_status\DATA_WIDTH=s32'00000000000000000000000000101100

=== $paramod$a9f54b726caf08e710b2a5a9bb259ec0d6f29569\ad_data_in ===

        +----------Local Count, excluding submodules.
        | 
       17 wires
       33 wire bits
       16 public wires
       32 public wire bits
       12 ports
       20 port bits
        1 processes
        2 cells
        1   IBUFDS
        1   IDELAYCTRL

=== $paramod$e249e690c434685c21db867b58e14e4de13e5506\ad_data_out ===

        +----------Local Count, excluding submodules.
        | 
       16 wires
       24 wire bits
       15 public wires
       23 public wire bits
       12 ports
       20 port bits
        1 processes
        1 cells
        1   OBUF

=== $paramod$ade101aacbcb73fc1c939f323e847488dbe340d8\ad_data_in ===

        +----------Local Count, excluding submodules.
        | 
       17 wires
       33 wire bits
       16 public wires
       32 public wire bits
       12 ports
       20 port bits
        1 processes
        1 cells
        1   IBUFDS

=== $paramod$728b24706c860792f9f94356aaefd85f2720cc90\ad_data_out ===

        +----------Local Count, excluding submodules.
        | 
       16 wires
       24 wire bits
       15 public wires
       23 public wire bits
       12 ports
       20 port bits
        1 processes
        1 cells
        1   OBUFDS

=== $paramod$454e10619c60c00c8e019a4ef328014acf0a3bb0\up_adc_channel ===

        +----------Local Count, excluding submodules.
        | 
      278 wires
     1712 wire bits
      102 public wires
      774 public wire bits
       49 ports
      345 port bits
       47 processes
       88 cells
        2   $add
        4   $and
       55   $eq
       17   $logic_and
        4   $mux
        6   $not
        2 submodules
        1   $paramod\up_xfer_cntrl\DATA_WIDTH=s32'00000000000000000000000001010001
        1   $paramod\up_xfer_status\DATA_WIDTH=s32'00000000000000000000000000101100

=== $paramod$b0f9cd840ebf625ce1cf48e7083633a06f859b31\axi_ad9361_rx_channel ===

        +----------Local Count, excluding submodules.
        | 
       55 wires
      428 wire bits
       43 public wires
      316 public wire bits
       25 ports
      191 port bits
        2 cells
        1   $eq
        1   $mux
        5 submodules
        1   $paramod$14da6df1ffa4dd878723ae3248ad2bc5f6833921\up_adc_channel
        1   $paramod$cf4ca76302ce6a67a0e28fc9fc904a3b0f8fdc13\axi_ad9361_rx_pnmon
        1   $paramod$e18066ee9732abcc60dcc8e048073733cad550f0\ad_datafmt
        1   $paramod$ecb8c849d1fece165b181ff695f184fcee3bfd2b\ad_iqcor
        1   $paramod\ad_dcfilter\DISABLE=s32'00000000000000000000000000000000

=== $paramod$f04ad40bdf8aa464691dadd35b854d225672423c\axi_ad9361_tx_channel ===

        +----------Local Count, excluding submodules.
        | 
      121 wires
     1059 wire bits
       49 public wires
      546 public wire bits
       21 ports
      168 port bits
       12 processes
       45 cells
        9   $eq
        1   $mux
        1   $not
       34   $xor
        3 submodules
        1   $paramod$002166e073bc16f0af47b2af4675ef322847d383\ad_iqcor
        1   $paramod$5d63389c7d4a52a6e195a41062986521c92dcd43\up_dac_channel
        1   $paramod$ec32750dd17643fa2370e38a1307ef14fa5df8c6\ad_dds

=== $paramod$b8407c642569fa76820e71254b3ce7f2cb70e5bd\axi_ad9361_tx_channel ===

        +----------Local Count, excluding submodules.
        | 
      112 wires
     1050 wire bits
       49 public wires
      546 public wire bits
       21 ports
      168 port bits
       12 processes
       36 cells
        9   $eq
        1   $mux
        1   $not
       25   $xor
        3 submodules
        1   $paramod$028851b7329d40fb191e05f7f27e97fb5c20066b\up_dac_channel
        1   $paramod$ec32750dd17643fa2370e38a1307ef14fa5df8c6\ad_dds
        1   $paramod$ecb8c849d1fece165b181ff695f184fcee3bfd2b\ad_iqcor

=== $paramod$f6ea464bb1fce90b40d536f2882157f5b72f51cd\axi_ad9361_tx_channel ===

        +----------Local Count, excluding submodules.
        | 
      191 wires
     1129 wire bits
       49 public wires
      546 public wire bits
       21 ports
      168 port bits
       12 processes
      115 cells
        9   $eq
        1   $mux
        1   $not
      104   $xor
        3 submodules
        1   $paramod$002166e073bc16f0af47b2af4675ef322847d383\ad_iqcor
        1   $paramod$32ecc49b511816b382b19968d9724d9988cde396\up_dac_channel
        1   $paramod$ec32750dd17643fa2370e38a1307ef14fa5df8c6\ad_dds

=== $paramod$7cfa42d7e3c96789b560d3b566db4bc10b761cc0\axi_ad9361_rx_channel ===

        +----------Local Count, excluding submodules.
        | 
       55 wires
      428 wire bits
       43 public wires
      316 public wire bits
       25 ports
      191 port bits
        2 cells
        1   $eq
        1   $mux
        5 submodules
        1   $paramod$075db056168ce21a9940fcc6d11c505caa701339\up_adc_channel
        1   $paramod$8a16ee1ad89ca553e349b8e2b0b1c722be5cafa1\axi_ad9361_rx_pnmon
        1   $paramod$e18066ee9732abcc60dcc8e048073733cad550f0\ad_datafmt
        1   $paramod$ecb8c849d1fece165b181ff695f184fcee3bfd2b\ad_iqcor
        1   $paramod\ad_dcfilter\DISABLE=s32'00000000000000000000000000000000

=== $paramod$028851b7329d40fb191e05f7f27e97fb5c20066b\up_dac_channel ===

        +----------Local Count, excluding submodules.
        | 
      298 wires
     2952 wire bits
      108 public wires
     1250 public wire bits
       41 ports
      392 port bits
       47 processes
       78 cells
        4   $add
       48   $eq
       16   $logic_and
        6   $mux
        4   $not
        1 submodules
        1   $paramod\up_xfer_cntrl\DATA_WIDTH=s32'00000000000000000000000011110000

=== $paramod$002166e073bc16f0af47b2af4675ef322847d383\ad_iqcor ===

        +----------Local Count, excluding submodules.
        | 
       43 wires
      601 wire bits
       27 public wires
      366 public wire bits
        9 ports
       84 port bits
       11 processes
        2 cells
        1   $add
        1   $eq
        2 submodules
        1   $paramod\ad_mul\DELAY_DATA_WIDTH=s32'00000000000000000000000000010000
        1   $paramod\ad_mul\DELAY_DATA_WIDTH=s32'00000000000000000000000000010001

=== $paramod$5d63389c7d4a52a6e195a41062986521c92dcd43\up_dac_channel ===

        +----------Local Count, excluding submodules.
        | 
      298 wires
     2952 wire bits
      108 public wires
     1250 public wire bits
       41 ports
      392 port bits
       47 processes
       78 cells
        4   $add
       48   $eq
       16   $logic_and
        6   $mux
        4   $not
        1 submodules
        1   $paramod\up_xfer_cntrl\DATA_WIDTH=s32'00000000000000000000000011110000

=== $paramod$08c0ef3c58e88d50542e5fe771550ae278f3ee26\axi_ad9361_rx_pnmon ===

        +----------Local Count, excluding submodules.
        | 
      132 wires
     1193 wire bits
       38 public wires
      455 public wire bits
        7 ports
       32 port bits
       17 processes
       51 cells
        1   $and
        8   $eq
        4   $mux
        1   $not
        2   $reduce_xor
       35   $xor
        1 submodules
        1   $paramod\ad_pnmon\DATA_WIDTH=s32'00000000000000000000000000011000

=== $paramod$8a16ee1ad89ca553e349b8e2b0b1c722be5cafa1\axi_ad9361_rx_pnmon ===

        +----------Local Count, excluding submodules.
        | 
      123 wires
     1184 wire bits
       38 public wires
      455 public wire bits
        7 ports
       32 port bits
       17 processes
       42 cells
        1   $and
        8   $eq
        4   $mux
        1   $not
        2   $reduce_xor
       26   $xor
        1 submodules
        1   $paramod\ad_pnmon\DATA_WIDTH=s32'00000000000000000000000000011000

=== $paramod$510719eea8a5a56e59f75f0b457dfab6bd646089\axi_ad9361_rx_pnmon ===

        +----------Local Count, excluding submodules.
        | 
      202 wires
     1263 wire bits
       38 public wires
      455 public wire bits
        7 ports
       32 port bits
       17 processes
      121 cells
        1   $and
        8   $eq
        4   $mux
        1   $not
        2   $reduce_xor
      105   $xor
        1 submodules
        1   $paramod\ad_pnmon\DATA_WIDTH=s32'00000000000000000000000000011000

=== $paramod$fb6a0404fbc12fe931811ed63b11595579d38020\up_adc_common ===

        +----------Local Count, excluding submodules.
        | 
      244 wires
     1507 wire bits
      102 public wires
      864 public wire bits
       55 ports
      489 port bits
       40 processes
       79 cells
        1   $and
       53   $eq
        1   $gt
       16   $logic_and
        2   $mux
        5   $not
        1   $sub
        5 submodules
        1   $paramod\up_xfer_cntrl\DATA_WIDTH=s32'00000000000000000000000001111010
        1   $paramod\up_xfer_status\DATA_WIDTH=s32'00000000000000000000000000100100
        2   ad_rst
        1   up_clock_mon

=== $paramod$808ffbb8e239195d81ff0b7e0fbc3f3bd1be5b72\up_delay_cntrl ===

        +----------Local Count, excluding submodules.
        | 
      153 wires
     1077 wire bits
       40 public wires
      591 public wire bits
       17 ports
      245 port bits
       12 processes
       93 cells
       13   $and
       35   $eq
        1   $logic_and
        1   $mul
       28   $mux
       13   $not
        1   $or
        1   $shr
        1 submodules
        1   ad_rst

=== $paramod$5d70a5b32d31a338e01e61233e3f577e4629066f\axi_ad9361_tx ===

        +----------Local Count, excluding submodules.
        | 
      157 wires
     1879 wire bits
       67 public wires
      879 public wire bits
       43 ports
      551 port bits
       20 processes
       20 cells
        3   $and
        5   $eq
        1   $logic_or
        1   $mux
        2   $not
        5   $or
        2   $reduce_or
        1   $sub
        6 submodules
        1   $paramod$30aceb5ec2152527a06812c6234c1010a7f8f343\up_dac_common
        1   $paramod$96804e1f3670fc05a3cf88996835188cfbdda449\up_delay_cntrl
        1   $paramod$b8407c642569fa76820e71254b3ce7f2cb70e5bd\axi_ad9361_tx_channel
        1   $paramod$f04ad40bdf8aa464691dadd35b854d225672423c\axi_ad9361_tx_channel
        1   $paramod$f18d4f07d8553268eed08c1891b68e073f6c5d4b\axi_ad9361_tx_channel
        1   $paramod$f6ea464bb1fce90b40d536f2882157f5b72f51cd\axi_ad9361_tx_channel

=== $paramod$30aceb5ec2152527a06812c6234c1010a7f8f343\up_dac_common ===

        +----------Local Count, excluding submodules.
        | 
      271 wires
     1462 wire bits
      105 public wires
      826 public wire bits
       52 ports
      463 port bits
       46 processes
       89 cells
        1   $add
        2   $and
       58   $eq
        1   $gt
       18   $logic_and
        2   $mux
        6   $not
        1   $sub
        5 submodules
        1   $paramod\up_xfer_cntrl\DATA_WIDTH=s32'00000000000000000000000001100011
        1   $paramod\up_xfer_status\DATA_WIDTH=s32'00000000000000000000000000100100
        2   ad_rst
        1   up_clock_mon

=== $paramod$2828e6fa2c2c849584c016c07253c1d01eb88766\axi_ad9361_lvds_if ===

        +----------Local Count, excluding submodules.
        | 
      160 wires
     1065 wire bits
       87 public wires
      641 public wire bits
       50 ports
      418 port bits
       46 processes
        9 cells
        1   $add
        1   $and
        4   $eq
        2   $not
        1   $reduce_xor
       18 submodules
        8   $paramod$728b24706c860792f9f94356aaefd85f2720cc90\ad_data_out
        1   $paramod$a9f54b726caf08e710b2a5a9bb259ec0d6f29569\ad_data_in
        6   $paramod$ade101aacbcb73fc1c939f323e847488dbe340d8\ad_data_in
        2   $paramod$e249e690c434685c21db867b58e14e4de13e5506\ad_data_out
        1   ad_data_clk

=== $paramod$f18d4f07d8553268eed08c1891b68e073f6c5d4b\axi_ad9361_tx_channel ===

        +----------Local Count, excluding submodules.
        | 
      142 wires
     1080 wire bits
       49 public wires
      546 public wire bits
       21 ports
      168 port bits
       12 processes
       66 cells
        9   $eq
        1   $mux
        1   $not
       55   $xor
        3 submodules
        1   $paramod$e867bcf7a453308fbfda294525152f39765c1a1e\up_dac_channel
        1   $paramod$ec32750dd17643fa2370e38a1307ef14fa5df8c6\ad_dds
        1   $paramod$ecb8c849d1fece165b181ff695f184fcee3bfd2b\ad_iqcor

=== $paramod\axi_ad9361_tdd_if\LEVEL_OR_PULSE_N=s32'00000000000000000000000000000001 ===

        +----------Local Count, excluding submodules.
        | 
       23 wires
       30 wire bits
       13 public wires
       20 public wire bits
        9 ports
       16 port bits
        3 processes
        6 cells
        3   $and
        1   $eq
        1   $not
        1   $or

=== axi_ad9361_tdd ===

        +----------Local Count, excluding submodules.
        | 
       71 wires
      794 wire bits
       60 public wires
      783 public wire bits
       22 ports
      117 port bits
        3 processes
        8 cells
        5   $eq
        2   $logic_and
        1   $not
        2 submodules
        1   ad_tdd_control
        1   up_tdd_cntrl

=== $paramod$e867bcf7a453308fbfda294525152f39765c1a1e\up_dac_channel ===

        +----------Local Count, excluding submodules.
        | 
      298 wires
     2952 wire bits
      108 public wires
     1250 public wire bits
       41 ports
      392 port bits
       47 processes
       78 cells
        4   $add
       48   $eq
       16   $logic_and
        6   $mux
        4   $not
        1 submodules
        1   $paramod\up_xfer_cntrl\DATA_WIDTH=s32'00000000000000000000000011110000

=== $paramod$cf4ca76302ce6a67a0e28fc9fc904a3b0f8fdc13\axi_ad9361_rx_pnmon ===

        +----------Local Count, excluding submodules.
        | 
      153 wires
     1214 wire bits
       38 public wires
      455 public wire bits
        7 ports
       32 port bits
       17 processes
       72 cells
        1   $and
        8   $eq
        4   $mux
        1   $not
        2   $reduce_xor
       56   $xor
        1 submodules
        1   $paramod\ad_pnmon\DATA_WIDTH=s32'00000000000000000000000000011000

=== $paramod$32ecc49b511816b382b19968d9724d9988cde396\up_dac_channel ===

        +----------Local Count, excluding submodules.
        | 
      298 wires
     2952 wire bits
      108 public wires
     1250 public wire bits
       41 ports
      392 port bits
       47 processes
       78 cells
        4   $add
       48   $eq
       16   $logic_and
        6   $mux
        4   $not
        1 submodules
        1   $paramod\up_xfer_cntrl\DATA_WIDTH=s32'00000000000000000000000011110000

=== axi_ad9361 ===

        +----------Local Count, excluding submodules.
        | 
      217 wires
     1667 wire bits
      171 public wires
     1377 public wire bits
       85 ports
      472 port bits
       19 processes
       16 cells
        8   $and
        1   $eq
        1   $logic_or
        6   $or
        6 submodules
        1   $paramod$2828e6fa2c2c849584c016c07253c1d01eb88766\axi_ad9361_lvds_if
        1   $paramod$5d70a5b32d31a338e01e61233e3f577e4629066f\axi_ad9361_tx
        1   $paramod$70571672d3c68afe2654ab18134157cff15951bb\axi_ad9361_rx
        1   $paramod\axi_ad9361_tdd_if\LEVEL_OR_PULSE_N=s32'00000000000000000000000000000001
        1   axi_ad9361_tdd
        1   up_axi

=== design hierarchy ===

        +----------Count including submodules.
        | 
     3508 axi_ad9361
        9 $paramod$2828e6fa2c2c849584c016c07253c1d01eb88766\axi_ad9361_lvds_if
        1   $paramod$728b24706c860792f9f94356aaefd85f2720cc90\ad_data_out
        2   $paramod$a9f54b726caf08e710b2a5a9bb259ec0d6f29569\ad_data_in
        1   $paramod$ade101aacbcb73fc1c939f323e847488dbe340d8\ad_data_in
        1   $paramod$e249e690c434685c21db867b58e14e4de13e5506\ad_data_out
        2   ad_data_clk
       20 $paramod$5d70a5b32d31a338e01e61233e3f577e4629066f\axi_ad9361_tx
       89   $paramod$30aceb5ec2152527a06812c6234c1010a7f8f343\up_dac_common
       13     $paramod\up_xfer_cntrl\DATA_WIDTH=s32'00000000000000000000000001100011
       14     $paramod\up_xfer_status\DATA_WIDTH=s32'00000000000000000000000000100100
        1     ad_rst
       23     up_clock_mon
       36   $paramod$b8407c642569fa76820e71254b3ce7f2cb70e5bd\axi_ad9361_tx_channel
       78     $paramod$028851b7329d40fb191e05f7f27e97fb5c20066b\up_dac_channel
       13       $paramod\up_xfer_cntrl\DATA_WIDTH=s32'00000000000000000000000011110000
       14     $paramod$ec32750dd17643fa2370e38a1307ef14fa5df8c6\ad_dds
        3       $paramod$c37e31fbc1f035ee21d368ea72d250c9aaa1aaa4\ad_dds_2
        1             $paramod$15273182d2228022d0d61c66c34c770e1beabe2a\ad_mul_open
       10             $paramod$2837a52e23f322510c843fae875b96016661879e\ad_dds_cordic_pipe
       10             $paramod$2fe7ed7454b60c828eb4a4c55d31054877343382\ad_dds_cordic_pipe
       10             $paramod$32c0f7f972e2b523fd7ccda621d804d8fad61fbe\ad_dds_cordic_pipe
       10             $paramod$64d5233825eed4e8a7b6f83c7c826a2f4b170d83\ad_dds_cordic_pipe
       10             $paramod$76913691fe38ea8616cd6ae6b6332987f3e9dcc3\ad_dds_cordic_pipe
       10             $paramod$8573fd32694f05eccd77e7edaa94e92975bc9002\ad_dds_cordic_pipe
       10             $paramod$9bdba6dd52feb802f29e54f5147d1ce080ae5041\ad_dds_cordic_pipe
       10             $paramod$a6c7de10d7bb72ac236701fb32f34e2182e638ab\ad_dds_cordic_pipe
       10             $paramod$d909b6278967e003194823490e16defafd60b999\ad_dds_cordic_pipe
       10             $paramod$ee8df78853dade35495c425410a6b344e9c9e3fd\ad_dds_cordic_pipe
       10             $paramod$f12e8c08b3a94357044c0ebe7e139f578711d384\ad_dds_cordic_pipe
       10             $paramod$fd30997b5cd0a78546a301ac919d10911a6e4364\ad_dds_cordic_pipe
        2     $paramod$ecb8c849d1fece165b181ff695f184fcee3bfd2b\ad_iqcor
        1         $paramod$8e25d8b6976da34eb2e4e8593925fe84a2ef1c64\ad_mul_open
        1         $paramod$fab52015263978c9ad228c108a6b4269c7745603\ad_mul_open
       45   $paramod$f04ad40bdf8aa464691dadd35b854d225672423c\axi_ad9361_tx_channel
        2     $paramod$002166e073bc16f0af47b2af4675ef322847d383\ad_iqcor
        1         $paramod$8e25d8b6976da34eb2e4e8593925fe84a2ef1c64\ad_mul_open
        1         $paramod$fab52015263978c9ad228c108a6b4269c7745603\ad_mul_open
       78     $paramod$5d63389c7d4a52a6e195a41062986521c92dcd43\up_dac_channel
       13       $paramod\up_xfer_cntrl\DATA_WIDTH=s32'00000000000000000000000011110000
       14     $paramod$ec32750dd17643fa2370e38a1307ef14fa5df8c6\ad_dds
        3       $paramod$c37e31fbc1f035ee21d368ea72d250c9aaa1aaa4\ad_dds_2
        1             $paramod$15273182d2228022d0d61c66c34c770e1beabe2a\ad_mul_open
       10             $paramod$2837a52e23f322510c843fae875b96016661879e\ad_dds_cordic_pipe
       10             $paramod$2fe7ed7454b60c828eb4a4c55d31054877343382\ad_dds_cordic_pipe
       10             $paramod$32c0f7f972e2b523fd7ccda621d804d8fad61fbe\ad_dds_cordic_pipe
       10             $paramod$64d5233825eed4e8a7b6f83c7c826a2f4b170d83\ad_dds_cordic_pipe
       10             $paramod$76913691fe38ea8616cd6ae6b6332987f3e9dcc3\ad_dds_cordic_pipe
       10             $paramod$8573fd32694f05eccd77e7edaa94e92975bc9002\ad_dds_cordic_pipe
       10             $paramod$9bdba6dd52feb802f29e54f5147d1ce080ae5041\ad_dds_cordic_pipe
       10             $paramod$a6c7de10d7bb72ac236701fb32f34e2182e638ab\ad_dds_cordic_pipe
       10             $paramod$d909b6278967e003194823490e16defafd60b999\ad_dds_cordic_pipe
       10             $paramod$ee8df78853dade35495c425410a6b344e9c9e3fd\ad_dds_cordic_pipe
       10             $paramod$f12e8c08b3a94357044c0ebe7e139f578711d384\ad_dds_cordic_pipe
       10             $paramod$fd30997b5cd0a78546a301ac919d10911a6e4364\ad_dds_cordic_pipe
       66   $paramod$f18d4f07d8553268eed08c1891b68e073f6c5d4b\axi_ad9361_tx_channel
       78     $paramod$e867bcf7a453308fbfda294525152f39765c1a1e\up_dac_channel
       13       $paramod\up_xfer_cntrl\DATA_WIDTH=s32'00000000000000000000000011110000
       14     $paramod$ec32750dd17643fa2370e38a1307ef14fa5df8c6\ad_dds
        3       $paramod$c37e31fbc1f035ee21d368ea72d250c9aaa1aaa4\ad_dds_2
        1             $paramod$15273182d2228022d0d61c66c34c770e1beabe2a\ad_mul_open
       10             $paramod$2837a52e23f322510c843fae875b96016661879e\ad_dds_cordic_pipe
       10             $paramod$2fe7ed7454b60c828eb4a4c55d31054877343382\ad_dds_cordic_pipe
       10             $paramod$32c0f7f972e2b523fd7ccda621d804d8fad61fbe\ad_dds_cordic_pipe
       10             $paramod$64d5233825eed4e8a7b6f83c7c826a2f4b170d83\ad_dds_cordic_pipe
       10             $paramod$76913691fe38ea8616cd6ae6b6332987f3e9dcc3\ad_dds_cordic_pipe
       10             $paramod$8573fd32694f05eccd77e7edaa94e92975bc9002\ad_dds_cordic_pipe
       10             $paramod$9bdba6dd52feb802f29e54f5147d1ce080ae5041\ad_dds_cordic_pipe
       10             $paramod$a6c7de10d7bb72ac236701fb32f34e2182e638ab\ad_dds_cordic_pipe
       10             $paramod$d909b6278967e003194823490e16defafd60b999\ad_dds_cordic_pipe
       10             $paramod$ee8df78853dade35495c425410a6b344e9c9e3fd\ad_dds_cordic_pipe
       10             $paramod$f12e8c08b3a94357044c0ebe7e139f578711d384\ad_dds_cordic_pipe
       10             $paramod$fd30997b5cd0a78546a301ac919d10911a6e4364\ad_dds_cordic_pipe
        2     $paramod$ecb8c849d1fece165b181ff695f184fcee3bfd2b\ad_iqcor
        1         $paramod$8e25d8b6976da34eb2e4e8593925fe84a2ef1c64\ad_mul_open
        1         $paramod$fab52015263978c9ad228c108a6b4269c7745603\ad_mul_open
      115   $paramod$f6ea464bb1fce90b40d536f2882157f5b72f51cd\axi_ad9361_tx_channel
        2     $paramod$002166e073bc16f0af47b2af4675ef322847d383\ad_iqcor
        1         $paramod$8e25d8b6976da34eb2e4e8593925fe84a2ef1c64\ad_mul_open
        1         $paramod$fab52015263978c9ad228c108a6b4269c7745603\ad_mul_open
       78     $paramod$32ecc49b511816b382b19968d9724d9988cde396\up_dac_channel
       13       $paramod\up_xfer_cntrl\DATA_WIDTH=s32'00000000000000000000000011110000
       14     $paramod$ec32750dd17643fa2370e38a1307ef14fa5df8c6\ad_dds
        3       $paramod$c37e31fbc1f035ee21d368ea72d250c9aaa1aaa4\ad_dds_2
        1             $paramod$15273182d2228022d0d61c66c34c770e1beabe2a\ad_mul_open
       10             $paramod$2837a52e23f322510c843fae875b96016661879e\ad_dds_cordic_pipe
       10             $paramod$2fe7ed7454b60c828eb4a4c55d31054877343382\ad_dds_cordic_pipe
       10             $paramod$32c0f7f972e2b523fd7ccda621d804d8fad61fbe\ad_dds_cordic_pipe
       10             $paramod$64d5233825eed4e8a7b6f83c7c826a2f4b170d83\ad_dds_cordic_pipe
       10             $paramod$76913691fe38ea8616cd6ae6b6332987f3e9dcc3\ad_dds_cordic_pipe
       10             $paramod$8573fd32694f05eccd77e7edaa94e92975bc9002\ad_dds_cordic_pipe
       10             $paramod$9bdba6dd52feb802f29e54f5147d1ce080ae5041\ad_dds_cordic_pipe
       10             $paramod$a6c7de10d7bb72ac236701fb32f34e2182e638ab\ad_dds_cordic_pipe
       10             $paramod$d909b6278967e003194823490e16defafd60b999\ad_dds_cordic_pipe
       10             $paramod$ee8df78853dade35495c425410a6b344e9c9e3fd\ad_dds_cordic_pipe
       10             $paramod$f12e8c08b3a94357044c0ebe7e139f578711d384\ad_dds_cordic_pipe
       10             $paramod$fd30997b5cd0a78546a301ac919d10911a6e4364\ad_dds_cordic_pipe
       15 $paramod$70571672d3c68afe2654ab18134157cff15951bb\axi_ad9361_rx
        2   $paramod$2bf098fb2a0cd3e466e22c156fdcb17a0d064d4c\axi_ad9361_rx_channel
        2     $paramod$002166e073bc16f0af47b2af4675ef322847d383\ad_iqcor
        1         $paramod$8e25d8b6976da34eb2e4e8593925fe84a2ef1c64\ad_mul_open
        1         $paramod$fab52015263978c9ad228c108a6b4269c7745603\ad_mul_open
      121     $paramod$510719eea8a5a56e59f75f0b457dfab6bd646089\axi_ad9361_rx_pnmon
       23       $paramod\ad_pnmon\DATA_WIDTH=s32'00000000000000000000000000011000
       88     $paramod$6a10527713af470a1183d0e580292016979fac01\up_adc_channel
       13       $paramod\up_xfer_cntrl\DATA_WIDTH=s32'00000000000000000000000001010001
       14       $paramod\up_xfer_status\DATA_WIDTH=s32'00000000000000000000000000101100
        5     $paramod$e18066ee9732abcc60dcc8e048073733cad550f0\ad_datafmt
        5     $paramod\ad_dcfilter\DISABLE=s32'00000000000000000000000000000000
        2   $paramod$2ff6e2dcbc3ae32f49ad6e68fc72af49994b408a\axi_ad9361_rx_channel
        2     $paramod$002166e073bc16f0af47b2af4675ef322847d383\ad_iqcor
        1         $paramod$8e25d8b6976da34eb2e4e8593925fe84a2ef1c64\ad_mul_open
        1         $paramod$fab52015263978c9ad228c108a6b4269c7745603\ad_mul_open
       51     $paramod$08c0ef3c58e88d50542e5fe771550ae278f3ee26\axi_ad9361_rx_pnmon
       23       $paramod\ad_pnmon\DATA_WIDTH=s32'00000000000000000000000000011000
       88     $paramod$454e10619c60c00c8e019a4ef328014acf0a3bb0\up_adc_channel
       13       $paramod\up_xfer_cntrl\DATA_WIDTH=s32'00000000000000000000000001010001
       14       $paramod\up_xfer_status\DATA_WIDTH=s32'00000000000000000000000000101100
        5     $paramod$e18066ee9732abcc60dcc8e048073733cad550f0\ad_datafmt
        5     $paramod\ad_dcfilter\DISABLE=s32'00000000000000000000000000000000
        2   $paramod$7cfa42d7e3c96789b560d3b566db4bc10b761cc0\axi_ad9361_rx_channel
       88     $paramod$075db056168ce21a9940fcc6d11c505caa701339\up_adc_channel
       13       $paramod\up_xfer_cntrl\DATA_WIDTH=s32'00000000000000000000000001010001
       14       $paramod\up_xfer_status\DATA_WIDTH=s32'00000000000000000000000000101100
       42     $paramod$8a16ee1ad89ca553e349b8e2b0b1c722be5cafa1\axi_ad9361_rx_pnmon
       23       $paramod\ad_pnmon\DATA_WIDTH=s32'00000000000000000000000000011000
        5     $paramod$e18066ee9732abcc60dcc8e048073733cad550f0\ad_datafmt
        2     $paramod$ecb8c849d1fece165b181ff695f184fcee3bfd2b\ad_iqcor
        1         $paramod$8e25d8b6976da34eb2e4e8593925fe84a2ef1c64\ad_mul_open
        1         $paramod$fab52015263978c9ad228c108a6b4269c7745603\ad_mul_open
        5     $paramod\ad_dcfilter\DISABLE=s32'00000000000000000000000000000000
       93   $paramod$808ffbb8e239195d81ff0b7e0fbc3f3bd1be5b72\up_delay_cntrl
        1     ad_rst
        2   $paramod$b0f9cd840ebf625ce1cf48e7083633a06f859b31\axi_ad9361_rx_channel
       88     $paramod$14da6df1ffa4dd878723ae3248ad2bc5f6833921\up_adc_channel
       13       $paramod\up_xfer_cntrl\DATA_WIDTH=s32'00000000000000000000000001010001
       14       $paramod\up_xfer_status\DATA_WIDTH=s32'00000000000000000000000000101100
       72     $paramod$cf4ca76302ce6a67a0e28fc9fc904a3b0f8fdc13\axi_ad9361_rx_pnmon
       23       $paramod\ad_pnmon\DATA_WIDTH=s32'00000000000000000000000000011000
        5     $paramod$e18066ee9732abcc60dcc8e048073733cad550f0\ad_datafmt
        2     $paramod$ecb8c849d1fece165b181ff695f184fcee3bfd2b\ad_iqcor
        1         $paramod$8e25d8b6976da34eb2e4e8593925fe84a2ef1c64\ad_mul_open
        1         $paramod$fab52015263978c9ad228c108a6b4269c7745603\ad_mul_open
        5     $paramod\ad_dcfilter\DISABLE=s32'00000000000000000000000000000000
       79   $paramod$fb6a0404fbc12fe931811ed63b11595579d38020\up_adc_common
       13     $paramod\up_xfer_cntrl\DATA_WIDTH=s32'00000000000000000000000001111010
       14     $paramod\up_xfer_status\DATA_WIDTH=s32'00000000000000000000000000100100
        1     ad_rst
       23     up_clock_mon
        6 $paramod\axi_ad9361_tdd_if\LEVEL_OR_PULSE_N=s32'00000000000000000000000000000001
        8 axi_ad9361_tdd
      188   ad_tdd_control
        3     $paramod$672535e974e317b73c1012fddfa18786e8b6b3ea\ad_addsub
       97   up_tdd_cntrl
       13     $paramod\up_xfer_cntrl\DATA_WIDTH=s32'00000000000000000000000000111111
       13     $paramod\up_xfer_cntrl\DATA_WIDTH=s32'00000000000000000000000010010000
       14     $paramod\up_xfer_status\DATA_WIDTH=s32'00000000000000000000000000001000
       44 up_axi

        +----------Count including submodules.
        | 
    15207 wires
   160419 wire bits
     6486 public wires
    72920 public wire bits
     3233 ports
    33203 port bits
        - memories
        - memory bits
     2630 processes
     3508 cells
      683   $add
       93   $and
     1116   $eq
        4   $ge
        2   $gt
      270   $logic_and
        8   $logic_not
       25   $logic_or
       33   $mul
      131   $mux
        3   $ne
      238   $not
       37   $or
        4   $pos
        9   $reduce_or
        9   $reduce_xor
        1   $shr
       29   $sub
      789   $xor
        1   BUFG
        4   DSP48E1
        7   IBUFDS
        1   IBUFGDS
        1   IDELAYCTRL
        2   OBUF
        8   OBUFDS
        6 submodules
        1   $paramod$2828e6fa2c2c849584c016c07253c1d01eb88766\axi_ad9361_lvds_if
        1   $paramod$5d70a5b32d31a338e01e61233e3f577e4629066f\axi_ad9361_tx
        1   $paramod$70571672d3c68afe2654ab18134157cff15951bb\axi_ad9361_rx
        1   $paramod\axi_ad9361_tdd_if\LEVEL_OR_PULSE_N=s32'00000000000000000000000000000001
        1   axi_ad9361_tdd
        1   up_axi

Warnings: 19 unique messages, 39 total
End of script. Logfile hash: db5725590f, CPU: user 0.94s system 0.04s, MEM: 143.25 MB peak
Yosys 0.63 (git sha1 70a11c6bf0e8dd669f56c7da3587f78b405138e2, clang++ 16.0.0 -fPIC -O3)
Time spent: 69% 83x read_verilog (0 sec), 28% 1x hierarchy (0 sec), ...
