Info: Packing constants..
Info: Inserting IO buffers..
Info:     IO port 'enable' driven by OBUF 'u_dut.genblk1.i_dev_if.i_enable.genblk7.i_tx_data_obuf'
Info:     IO port 'rx_clk_in' driven by IBUF 'u_dut.genblk1.i_dev_if.genblk7.i_clk.genblk1.i_rx_clk_ibuf'
Info:     IO port 'rx_frame_in' driven by IBUF 'u_dut.genblk1.i_dev_if.i_rx_frame.genblk2.i_rx_data_ibuf'
Info:     IO port 'tx_clk_out' driven by OBUF 'u_dut.genblk1.i_dev_if.i_tx_clk.genblk7.i_tx_data_obuf'
Info:     IO port 'tx_frame_out' driven by OBUF 'u_dut.genblk1.i_dev_if.i_tx_frame.genblk7.i_tx_data_obuf'
Info:     IO port 'txnrx' driven by OBUF 'u_dut.genblk1.i_dev_if.i_txnrx.genblk7.i_tx_data_obuf'
Info:     IO port 'rx_data_in[0]' driven by IBUF 'u_dut.genblk1.i_dev_if.g_rx_data[0].i_rx_data.genblk2.i_rx_data_ibuf'
Info:     IO port 'rx_data_in[10]' driven by IBUF 'u_dut.genblk1.i_dev_if.g_rx_data[10].i_rx_data.genblk2.i_rx_data_ibuf'
Info:     IO port 'rx_data_in[11]' driven by IBUF 'u_dut.genblk1.i_dev_if.g_rx_data[11].i_rx_data.genblk2.i_rx_data_ibuf'
Info:     IO port 'rx_data_in[1]' driven by IBUF 'u_dut.genblk1.i_dev_if.g_rx_data[1].i_rx_data.genblk2.i_rx_data_ibuf'
Info:     IO port 'rx_data_in[2]' driven by IBUF 'u_dut.genblk1.i_dev_if.g_rx_data[2].i_rx_data.genblk2.i_rx_data_ibuf'
Info:     IO port 'rx_data_in[3]' driven by IBUF 'u_dut.genblk1.i_dev_if.g_rx_data[3].i_rx_data.genblk2.i_rx_data_ibuf'
Info:     IO port 'rx_data_in[4]' driven by IBUF 'u_dut.genblk1.i_dev_if.g_rx_data[4].i_rx_data.genblk2.i_rx_data_ibuf'
Info:     IO port 'rx_data_in[5]' driven by IBUF 'u_dut.genblk1.i_dev_if.g_rx_data[5].i_rx_data.genblk2.i_rx_data_ibuf'
Info:     IO port 'rx_data_in[6]' driven by IBUF 'u_dut.genblk1.i_dev_if.g_rx_data[6].i_rx_data.genblk2.i_rx_data_ibuf'
Info:     IO port 'rx_data_in[7]' driven by IBUF 'u_dut.genblk1.i_dev_if.g_rx_data[7].i_rx_data.genblk2.i_rx_data_ibuf'
Info:     IO port 'rx_data_in[8]' driven by IBUF 'u_dut.genblk1.i_dev_if.g_rx_data[8].i_rx_data.genblk2.i_rx_data_ibuf'
Info:     IO port 'rx_data_in[9]' driven by IBUF 'u_dut.genblk1.i_dev_if.g_rx_data[9].i_rx_data.genblk2.i_rx_data_ibuf'
Info:     IO port 'tx_data_out[0]' driven by OBUF 'u_dut.genblk1.i_dev_if.g_tx_data[0].i_tx_data.genblk7.i_tx_data_obuf'
Info:     IO port 'tx_data_out[10]' driven by OBUF 'u_dut.genblk1.i_dev_if.g_tx_data[10].i_tx_data.genblk7.i_tx_data_obuf'
Info:     IO port 'tx_data_out[11]' driven by OBUF 'u_dut.genblk1.i_dev_if.g_tx_data[11].i_tx_data.genblk7.i_tx_data_obuf'
Info:     IO port 'tx_data_out[1]' driven by OBUF 'u_dut.genblk1.i_dev_if.g_tx_data[1].i_tx_data.genblk7.i_tx_data_obuf'
Info:     IO port 'tx_data_out[2]' driven by OBUF 'u_dut.genblk1.i_dev_if.g_tx_data[2].i_tx_data.genblk7.i_tx_data_obuf'
Info:     IO port 'tx_data_out[3]' driven by OBUF 'u_dut.genblk1.i_dev_if.g_tx_data[3].i_tx_data.genblk7.i_tx_data_obuf'
Info:     IO port 'tx_data_out[4]' driven by OBUF 'u_dut.genblk1.i_dev_if.g_tx_data[4].i_tx_data.genblk7.i_tx_data_obuf'
Info:     IO port 'tx_data_out[5]' driven by OBUF 'u_dut.genblk1.i_dev_if.g_tx_data[5].i_tx_data.genblk7.i_tx_data_obuf'
Info:     IO port 'tx_data_out[6]' driven by OBUF 'u_dut.genblk1.i_dev_if.g_tx_data[6].i_tx_data.genblk7.i_tx_data_obuf'
Info:     IO port 'tx_data_out[7]' driven by OBUF 'u_dut.genblk1.i_dev_if.g_tx_data[7].i_tx_data.genblk7.i_tx_data_obuf'
Info:     IO port 'tx_data_out[8]' driven by OBUF 'u_dut.genblk1.i_dev_if.g_tx_data[8].i_tx_data.genblk7.i_tx_data_obuf'
Info:     IO port 'tx_data_out[9]' driven by OBUF 'u_dut.genblk1.i_dev_if.g_tx_data[9].i_tx_data.genblk7.i_tx_data_obuf'
Info:     Constraining 'enable' to site 'IOB_X1Y116'
Info:     Tile 'RIOB33_X73Y115'
Info:     Constraining 'rx_clk_in' to site 'IOB_X1Y145'
Info:     Tile 'RIOB33_X73Y145'
Info:     Constraining 'rx_frame_in' to site 'IOB_X1Y146'
Info:     Tile 'RIOB33_X73Y145'
Info:     Constraining 'tx_clk_out' to site 'IOB_X1Y111'
Info:     Tile 'RIOB33_X73Y111'
Info:     Constraining 'tx_frame_out' to site 'IOB_X1Y118'
Info:     Tile 'RIOB33_X73Y117'
Info:     Constraining 'txnrx' to site 'IOB_X1Y110'
Info:     Tile 'RIOB33_X73Y109'
Info:     Constraining 'rx_data_in[0]' to site 'IOB_X1Y147'
Info:     Tile 'RIOB33_X73Y147'
Info:     Constraining 'rx_data_in[10]' to site 'IOB_X1Y120'
Info:     Tile 'RIOB33_X73Y119'
Info:     Constraining 'rx_data_in[11]' to site 'IOB_X1Y119'
Info:     Tile 'RIOB33_X73Y119'
Info:     Constraining 'rx_data_in[1]' to site 'IOB_X1Y148'
Info:     Tile 'RIOB33_X73Y147'
Info:     Constraining 'rx_data_in[2]' to site 'IOB_X1Y143'
Info:     Tile 'RIOB33_X73Y143'
Info:     Constraining 'rx_data_in[3]' to site 'IOB_X1Y142'
Info:     Tile 'RIOB33_X73Y141'
Info:     Constraining 'rx_data_in[4]' to site 'IOB_X1Y141'
Info:     Tile 'RIOB33_X73Y141'
Info:     Constraining 'rx_data_in[5]' to site 'IOB_X1Y144'
Info:     Tile 'RIOB33_X73Y143'
Info:     Constraining 'rx_data_in[6]' to site 'IOB_X1Y140'
Info:     Tile 'RIOB33_X73Y139'
Info:     Constraining 'rx_data_in[7]' to site 'IOB_X1Y139'
Info:     Tile 'RIOB33_X73Y139'
Info:     Constraining 'rx_data_in[8]' to site 'IOB_X1Y138'
Info:     Tile 'RIOB33_X73Y137'
Info:     Constraining 'rx_data_in[9]' to site 'IOB_X1Y137'
Info:     Tile 'RIOB33_X73Y137'
Info:     Constraining 'tx_data_out[0]' to site 'IOB_X1Y117'
Info:     Tile 'RIOB33_X73Y117'
Info:     Constraining 'tx_data_out[10]' to site 'IOB_X1Y122'
Info:     Tile 'RIOB33_X73Y121'
Info:     Constraining 'tx_data_out[11]' to site 'IOB_X1Y129'
Info:     Tile 'RIOB33_X73Y129'
Info:     Constraining 'tx_data_out[1]' to site 'IOB_X1Y114'
Info:     Tile 'RIOB33_X73Y113'
Info:     Constraining 'tx_data_out[2]' to site 'IOB_X1Y113'
Info:     Tile 'RIOB33_X73Y113'
Info:     Constraining 'tx_data_out[3]' to site 'IOB_X1Y112'
Info:     Tile 'RIOB33_X73Y111'
Info:     Constraining 'tx_data_out[4]' to site 'IOB_X1Y124'
Info:     Tile 'RIOB33_X73Y123'
Info:     Constraining 'tx_data_out[5]' to site 'IOB_X1Y123'
Info:     Tile 'RIOB33_X73Y123'
Info:     Constraining 'tx_data_out[6]' to site 'IOB_X1Y121'
Info:     Tile 'RIOB33_X73Y121'
Info:     Constraining 'tx_data_out[7]' to site 'IOB_X1Y115'
Info:     Tile 'RIOB33_X73Y115'
Info:     Constraining 'tx_data_out[8]' to site 'IOB_X1Y109'
Info:     Tile 'RIOB33_X73Y109'
Info:     Constraining 'tx_data_out[9]' to site 'IOB_X1Y101'
Info:     Tile 'RIOB33_X73Y101'
Info: Generating output buffer for 'u_dut.genblk1.i_dev_if.i_enable.genblk7.i_tx_data_obuf'
Info: Generating input buffer for 'u_dut.genblk1.i_dev_if.genblk7.i_clk.genblk1.i_rx_clk_ibuf'
Info: Generating input buffer for 'u_dut.genblk1.i_dev_if.i_rx_frame.genblk2.i_rx_data_ibuf'
Info: Generating output buffer for 'u_dut.genblk1.i_dev_if.i_tx_clk.genblk7.i_tx_data_obuf'
Info: Generating output buffer for 'u_dut.genblk1.i_dev_if.i_tx_frame.genblk7.i_tx_data_obuf'
Info: Generating output buffer for 'u_dut.genblk1.i_dev_if.i_txnrx.genblk7.i_tx_data_obuf'
Info: Generating input buffer for 'u_dut.genblk1.i_dev_if.g_rx_data[0].i_rx_data.genblk2.i_rx_data_ibuf'
Info: Generating input buffer for 'u_dut.genblk1.i_dev_if.g_rx_data[10].i_rx_data.genblk2.i_rx_data_ibuf'
Info: Generating input buffer for 'u_dut.genblk1.i_dev_if.g_rx_data[11].i_rx_data.genblk2.i_rx_data_ibuf'
Info: Generating input buffer for 'u_dut.genblk1.i_dev_if.g_rx_data[1].i_rx_data.genblk2.i_rx_data_ibuf'
Info: Generating input buffer for 'u_dut.genblk1.i_dev_if.g_rx_data[2].i_rx_data.genblk2.i_rx_data_ibuf'
Info: Generating input buffer for 'u_dut.genblk1.i_dev_if.g_rx_data[3].i_rx_data.genblk2.i_rx_data_ibuf'
Info: Generating input buffer for 'u_dut.genblk1.i_dev_if.g_rx_data[4].i_rx_data.genblk2.i_rx_data_ibuf'
Info: Generating input buffer for 'u_dut.genblk1.i_dev_if.g_rx_data[5].i_rx_data.genblk2.i_rx_data_ibuf'
Info: Generating input buffer for 'u_dut.genblk1.i_dev_if.g_rx_data[6].i_rx_data.genblk2.i_rx_data_ibuf'
Info: Generating input buffer for 'u_dut.genblk1.i_dev_if.g_rx_data[7].i_rx_data.genblk2.i_rx_data_ibuf'
Info: Generating input buffer for 'u_dut.genblk1.i_dev_if.g_rx_data[8].i_rx_data.genblk2.i_rx_data_ibuf'
Info: Generating input buffer for 'u_dut.genblk1.i_dev_if.g_rx_data[9].i_rx_data.genblk2.i_rx_data_ibuf'
Info: Generating output buffer for 'u_dut.genblk1.i_dev_if.g_tx_data[0].i_tx_data.genblk7.i_tx_data_obuf'
Info: Generating output buffer for 'u_dut.genblk1.i_dev_if.g_tx_data[10].i_tx_data.genblk7.i_tx_data_obuf'
Info: Generating output buffer for 'u_dut.genblk1.i_dev_if.g_tx_data[11].i_tx_data.genblk7.i_tx_data_obuf'
Info: Generating output buffer for 'u_dut.genblk1.i_dev_if.g_tx_data[1].i_tx_data.genblk7.i_tx_data_obuf'
Info: Generating output buffer for 'u_dut.genblk1.i_dev_if.g_tx_data[2].i_tx_data.genblk7.i_tx_data_obuf'
Info: Generating output buffer for 'u_dut.genblk1.i_dev_if.g_tx_data[3].i_tx_data.genblk7.i_tx_data_obuf'
Info: Generating output buffer for 'u_dut.genblk1.i_dev_if.g_tx_data[4].i_tx_data.genblk7.i_tx_data_obuf'
Info: Generating output buffer for 'u_dut.genblk1.i_dev_if.g_tx_data[5].i_tx_data.genblk7.i_tx_data_obuf'
Info: Generating output buffer for 'u_dut.genblk1.i_dev_if.g_tx_data[6].i_tx_data.genblk7.i_tx_data_obuf'
Info: Generating output buffer for 'u_dut.genblk1.i_dev_if.g_tx_data[7].i_tx_data.genblk7.i_tx_data_obuf'
Info: Generating output buffer for 'u_dut.genblk1.i_dev_if.g_tx_data[8].i_tx_data.genblk7.i_tx_data_obuf'
Info: Generating output buffer for 'u_dut.genblk1.i_dev_if.g_tx_data[9].i_tx_data.genblk7.i_tx_data_obuf'
Info:     Created 30 PAD cells from:
Info:             30x PAD
Info:     Created 1 PS7_PS7 cells from:
Info:              1x PS7
Info: Preparing clocking...
Info: Packing constants..
Info: Packing cfg...
Info: Packing PLLs...
Info: Packing Gigabit Transceivers..
Info: Packing global buffers...
Info:     Constrained BUFGCTRL '$auto$clkbufmap.cc:261:execute$176420' to bel 'BUFGCTRL_X0Y16/BUFGCTRL' based on dedicated routing
Info: Packing MUX[789]s..
Info: Packing carries..
Info:    Grouped 6088 MUXCYs and 6088 XORCYs into 387 chains.
Info:    Blasted 0 non-chain MUXCYs and 0 non-chain XORCYs to soft logic
Info:     Created 638 SLICE_LUTX cells from:
Info:            638x SRL16E
Info: Packing LUTs..
Info:     Created 25109 SLICE_LUTX cells from:
Info:          14841x LUT1
Info:           6290x LUT2
Info:           1340x LUT3
Info:            461x LUT4
Info:            740x LUT5
Info:           1437x LUT6
Info: Packing DRAM..
Info:    Transformed 0 tied-low DRAM address inputs to be tied-high
Info: Packing BRAM..
Info: Packing DSPs..
Info:     Created 28 DSP48E1_DSP48E1 cells from:
Info:             28x DSP48E1
Info: Packing flipflops..
Info:     Created 14109 SLICE_FFX cells from:
Info:           4132x FDCE
Info:             10x FDPE
Info:           9794x FDRE
Info:            173x FDSE
Info:     Created 324 SELMUX2_1 cells from:
Info:            277x MUXF7
Info:             47x MUXF8
Info: Constrained 2207 LUTFF pairs.

Info: Annotating ports with timing budgets for target frequency 12.00 MHz
Info: Checksum: 0xad14f886

Info: Device utilisation:
Info: 	          SLICE_LUTX: 25747/106400    24%
Info: 	           SLICE_FFX: 14109/106400    13%
Info: 	              CARRY4:  1524/13300    11%
Info: 	          PSEUDO_GND:     1/29359     0%
Info: 	          PSEUDO_VCC:     1/29359     0%
Info: 	               HARD0:     0/ 1584     0%
Info: 	            RAMB18E1:     0/  280     0%
Info: 	            FIFO18E1:     0/  140     0%
Info: 	        RAMBFIFO36E1:     0/  140     0%
Info: 	            RAMB36E1:     0/  140     0%
Info: 	             DSP48E1:    28/  220    12%
Info: 	                 PAD:    30/  392     7%
Info: 	       IOB33M_OUTBUF:     0/   96     0%
Info: 	       IOB33S_OUTBUF:     0/   96     0%
Info: 	        IOB33_OUTBUF:    16/  200     8%
Info: 	     IOB33M_INBUF_EN:     0/   96     0%
Info: 	     IOB33S_INBUF_EN:     0/   96     0%
Info: 	      IOB33_INBUF_EN:    14/  200     7%
Info: 	IOB33M_TERM_OVERRIDE:     0/   96     0%
Info: 	IOB33S_TERM_OVERRIDE:     0/   96     0%
Info: 	 IOB33_TERM_OVERRIDE:     0/  200     0%
Info: 	       PULL_OR_KEEP1:     0/  392     0%
Info: 	            IDELAYE2:    13/  200     6%
Info: 	        OLOGICE3_TFF:     0/  200     0%
Info: 	      OLOGICE3_OUTFF:    16/  200     8%
Info: 	       OLOGICE3_MISR:     0/  200     0%
Info: 	           OSERDESE2:     0/  200     0%
Info: 	        ILOGICE3_IFF:    13/  200     6%
Info: 	ILOGICE3_ZHOLD_DELAY:     0/  200     0%
Info: 	           ISERDESE2:     0/  200     0%
Info: 	               BUFIO:     0/   16     0%
Info: 	          IDELAYCTRL:     1/    4    25%
Info: 	            BUFGCTRL:     2/   32     6%
Info: 	                 PS7:     1/    1   100%
Info: 	               BSCAN:     0/    4     0%
Info: 	                BUFG:     0/   32     0%
Info: 	              BUFHCE:     0/   72     0%
Info: 	            DCIRESET:     0/    1     0%
Info: 	            DNA_PORT:     0/    1     0%
Info: 	           EFUSE_USR:     0/    1     0%
Info: 	           FRAME_ECC:     0/    1     0%
Info: 	                ICAP:     0/    2     0%
Info: 	            INVERTER:     0/   96     0%
Info: 	          MMCME2_ADV:     0/    4     0%
Info: 	        OLOGICE2_TFF:     0/  200     0%
Info: 	      OLOGICE2_OUTFF:     0/  200     0%
Info: 	           PLLE2_ADV:     0/    4     0%
Info: 	           SELMUX2_1:   324/40700     0%
Info: 	             STARTUP:     0/    1     0%
Info: 	          USR_ACCESS:     0/    1     0%
Info: 	        ILOGICE2_IFF:     0/  200     0%
Info: 	       OLOGICE2_MISR:     0/  200     0%

Info: Placed 105 cells based on constraints.
Info: Creating initial analytic placement for 25563 cells, random placement wirelen = 5412037.
Info:     at initial placer iter 0, wirelen = 40851
Info:     at initial placer iter 1, wirelen = 39895
Info:     at initial placer iter 2, wirelen = 40050
Info:     at initial placer iter 3, wirelen = 39877
Info: Running main analytical placer.
Info:     at iteration #1, type ALL: wirelen solved = 39812, spread = 1682227, legal = 2405573; time = 20.81s
Info:     at iteration #2, type ALL: wirelen solved = 170229, spread = 961613, legal = 1621866; time = 15.29s
Info:     at iteration #3, type ALL: wirelen solved = 236861, spread = 686226, legal = 1178927; time = 12.12s
Info:     at iteration #4, type ALL: wirelen solved = 275461, spread = 731554, legal = 1227827; time = 11.75s
Info:     at iteration #5, type ALL: wirelen solved = 295154, spread = 587163, legal = 1137481; time = 12.55s
Info:     at iteration #6, type ALL: wirelen solved = 299292, spread = 781923, legal = 1347212; time = 12.24s
Info:     at iteration #7, type ALL: wirelen solved = 304243, spread = 891609, legal = 1302780; time = 10.13s
Info:     at iteration #8, type ALL: wirelen solved = 318731, spread = 852514, legal = 1279390; time = 10.11s
Info:     at iteration #9, type ALL: wirelen solved = 323583, spread = 840763, legal = 1261064; time = 9.93s
Info:     at iteration #10, type ALL: wirelen solved = 330907, spread = 622960, legal = 1037448; time = 9.78s
Info:     at iteration #11, type ALL: wirelen solved = 335873, spread = 688725, legal = 1120820; time = 10.61s
Info:     at iteration #12, type ALL: wirelen solved = 336754, spread = 646900, legal = 1093111; time = 11.23s
Info:     at iteration #13, type ALL: wirelen solved = 343504, spread = 677128, legal = 1113302; time = 12.03s
Info:     at iteration #14, type ALL: wirelen solved = 349064, spread = 741062, legal = 1194723; time = 12.26s
Info:     at iteration #15, type ALL: wirelen solved = 357774, spread = 752542, legal = 1132236; time = 9.67s
Info: HeAP Placer Time: 184.69s
Info:   of which solving equations: 5.52s
Info:   of which spreading cells: 1.88s
Info:   of which strict legalisation: 174.35s

Info: Running simulated annealing placer for refinement.
Info:   at iteration #1: temp = 0.000000, timing cost = 555, wirelen = 1037448
Info:   at iteration #5: temp = 0.000000, timing cost = 674, wirelen = 910678
Info:   at iteration #10: temp = 0.000000, timing cost = 570, wirelen = 858640
Info:   at iteration #15: temp = 0.000000, timing cost = 505, wirelen = 839460
Info:   at iteration #20: temp = 0.000000, timing cost = 499, wirelen = 837705
Info:   at iteration #25: temp = 0.000000, timing cost = 495, wirelen = 837369
Info:   at iteration #30: temp = 0.000000, timing cost = 492, wirelen = 837247
Info:   at iteration #30: temp = 0.000000, timing cost = 492, wirelen = 837247 
Info: SA placement time 30.12s

Info: Max frequency for clock    'o_l_clk': 402.74 MHz (PASS at 12.00 MHz)
Info: Max frequency for clock 'FCLKCLK[0]': 60.07 MHz (PASS at 30.72 MHz)

Info: Max delay posedge FCLKCLK[0] -> posedge o_l_clk   : 3.55 ns
Info: Max delay posedge o_l_clk    -> posedge FCLKCLK[0]: 1.05 ns

Info: Slack histogram:
Info:  legend: * represents 202 endpoint(s)
Info:          + represents [1,202) endpoint(s)
Info: [ 15904,  19258) |+
Info: [ 19258,  22612) |*********+
Info: [ 22612,  25966) |***********+
Info: [ 25966,  29320) |************************************************************ 
Info: [ 29320,  32674) |*****************************************************+
Info: [ 32674,  36028) | 
Info: [ 36028,  39382) | 
Info: [ 39382,  42736) | 
Info: [ 42736,  46090) | 
Info: [ 46090,  49444) | 
Info: [ 49444,  52798) | 
Info: [ 52798,  56152) | 
Info: [ 56152,  59506) | 
Info: [ 59506,  62860) | 
Info: [ 62860,  66214) | 
Info: [ 66214,  69568) | 
Info: [ 69568,  72922) | 
Info: [ 72922,  76276) | 
Info: [ 76276,  79630) | 
Info: [ 79630,  82984) |+
Info: Checksum: 0xf0586eac
Info: Running post-placement legalisation...
Info: Tieing unused PS7 inputs to constants...
Info: Routing global clocks...
Info:     routing clock 'o_l_clk'
Info:     routing clock 'FCLKCLK[0]'
Info: Running router2...
Info: Setting up routing resources...
Info: Running main router loop...
Info:     iter=1 wires=677084 overused=21295 overuse=22326 archfail=NA
Info:     iter=2 wires=692374 overused=391 overuse=391 archfail=NA
Info:     iter=3 wires=692785 overused=7 overuse=7 archfail=NA
Info:     iter=4 wires=692787 overused=2 overuse=2 archfail=NA
Info:     iter=5 wires=692791 overused=0 overuse=0 archfail=0
Info: 1000 slowest nets by runtime:
                                                                                lfsr[21]   5145 2924.1ms
                                                                     u_dut.up_raddr_s[0]    540 1428.4ms
                                                                         $PACKER_GND_NET  13752 1101.6ms
                                                                     u_dut.up_raddr_s[2]    375 1066.4ms
                                                    u_dut.i_rx.i_up_adc_common.adc_rst_n   1108 989.5ms
                                                                     u_dut.up_raddr_s[1]    523 890.0ms
                                                                     u_dut.up_raddr_s[3]    289 852.8ms
                                                                     u_dut.up_waddr_s[0]    121 778.6ms
                                                                     u_dut.up_waddr_s[8]     88 766.7ms
                                                    u_dut.i_tx.i_up_dac_common.dac_rst_n    660 730.1ms
                                                                    u_dut.up_waddr_s[12]     83 695.1ms
                                                                    u_dut.up_waddr_s[10]     88 691.1ms
                                                                    u_dut.up_waddr_s[11]     82 674.7ms
                                                                     u_dut.up_waddr_s[5]    153 661.1ms
                                                                     u_dut.up_wdata_s[1]    128 636.7ms
                                                                     u_dut.up_wdata_s[0]    132 564.1ms
                                                                     u_dut.up_waddr_s[1]    105 548.0ms
                                                                     u_dut.up_waddr_s[9]     88 542.3ms
                  $techmap158105$abc$121031$auto$blifparse.cc:557:parse_blif$121986.A[0]     92 512.0ms
                                                                    u_dut.up_wdata_s[21]     70 504.6ms
                                                                     u_dut.up_waddr_s[2]    105 487.7ms
                                                                    u_dut.up_waddr_s[13]     83 466.4ms
                                                                     u_dut.up_waddr_s[7]     93 455.8ms
         u_dut.i_rx.i_rx_channel_3.genblk2.i_up_adc_channel.i_xfer_cntrl.d_xfer_toggle_s     78 453.8ms
                                                                     u_dut.up_waddr_s[4]     90 448.6ms
                                                                    u_dut.up_wdata_s[18]     74 435.7ms
                                                                     u_dut.up_waddr_s[3]     91 433.8ms
        $abc$121031$flatten\u_dut.\i_tx.\i_tx_channel_0.\genblk2.i_up_dac_channel.\i_xfer_cntrl.$logic_and$library/common/up_xfer_cntrl.v:97$5937_Y    157 432.1ms
                                                                     u_dut.up_waddr_s[6]     90 427.4ms
        $abc$121031$flatten\u_dut.\i_tx.\i_tx_channel_1.\genblk2.i_up_dac_channel.\i_xfer_cntrl.$logic_and$library/common/up_xfer_cntrl.v:97$5937_Y    157 418.5ms
                  $techmap157737$abc$121031$auto$blifparse.cc:557:parse_blif$121602.A[1]     82 409.4ms
                                                                    u_dut.up_wdata_s[19]     74 402.0ms
        $abc$121031$flatten\u_dut.\i_rx.\i_rx_channel_2.\genblk2.i_up_adc_channel.\i_xfer_cntrl.$logic_and$library/common/up_xfer_cntrl.v:97$5526_Y     78 395.3ms
                  $techmap157746$abc$121031$auto$blifparse.cc:557:parse_blif$121611.A[1]     82 389.7ms
        $abc$121031$flatten\u_dut.\i_rx.\i_rx_channel_3.\genblk2.i_up_adc_channel.\i_xfer_cntrl.$logic_and$library/common/up_xfer_cntrl.v:97$5526_Y     78 383.7ms
        $abc$121031$flatten\u_dut.\i_tx.\i_tx_channel_3.\genblk2.i_up_dac_channel.\i_xfer_cntrl.$logic_and$library/common/up_xfer_cntrl.v:97$5937_Y    157 360.0ms
                                                                    u_dut.up_wdata_s[17]     74 352.3ms
         u_dut.i_tx.i_tx_channel_3.genblk2.i_up_dac_channel.i_xfer_cntrl.d_xfer_toggle_s    157 351.6ms
        $abc$121031$flatten\u_dut.\genblk4.i_tdd.\i_up_tdd_cntrl.\i_xfer_tdd_counter_values_rx_2.$logic_and$library/common/up_xfer_cntrl.v:97$5612_Y    144 333.0ms
        $abc$121031$flatten\u_dut.\i_rx.\i_rx_channel_0.\genblk2.i_up_adc_channel.\i_xfer_cntrl.$logic_and$library/common/up_xfer_cntrl.v:97$5526_Y     78 332.0ms
                                                                    u_dut.up_wdata_s[22]     70 329.9ms
                                                                    u_dut.up_wdata_s[16]     76 327.9ms
         u_dut.i_tx.i_tx_channel_2.genblk2.i_up_dac_channel.i_xfer_cntrl.d_xfer_toggle_s    157 327.5ms
        $abc$121031$flatten\u_dut.\genblk4.i_tdd.\i_up_tdd_cntrl.\i_xfer_tdd_control.$logic_and$library/common/up_xfer_cntrl.v:97$5639_Y     61 325.9ms
                                                                    u_dut.up_wdata_s[25]     44 322.6ms
                                                                    u_dut.up_wdata_s[20]     70 318.1ms
                                                                    u_dut.up_wdata_s[23]     70 316.4ms
         u_dut.i_tx.i_tx_channel_0.genblk2.i_up_dac_channel.i_xfer_cntrl.d_xfer_toggle_s    157 312.3ms
        u_dut.genblk4.i_tdd.i_up_tdd_cntrl.i_xfer_tdd_counter_values_tx_1.d_xfer_toggle_s    144 310.9ms
                                                                    u_dut.up_wdata_s[28]     44 306.7ms
         u_dut.i_rx.i_rx_channel_1.genblk2.i_up_adc_channel.i_xfer_cntrl.d_xfer_toggle_s     78 302.9ms
        u_dut.genblk4.i_tdd.i_up_tdd_cntrl.i_xfer_tdd_counter_values_tx_2.d_xfer_toggle_s    144 299.5ms
                                $abc$121031$auto$blifparse.cc:557:parse_blif$124370.A[0]     79 298.2ms
                                                                         $PACKER_VCC_NET  19451 297.1ms
                  $techmap160413$abc$121031$auto$blifparse.cc:557:parse_blif$124388.A[0]     79 293.3ms
        $abc$121031$flatten\u_dut.\genblk4.i_tdd.\i_up_tdd_cntrl.\i_xfer_tdd_counter_values_tx_1.$logic_and$library/common/up_xfer_cntrl.v:97$5612_Y    144 291.7ms
                                                                    u_dut.up_wdata_s[27]     44 280.2ms
        $abc$121031$flatten\u_dut.\i_tx.\i_tx_channel_2.\genblk2.i_up_dac_channel.\i_xfer_cntrl.$logic_and$library/common/up_xfer_cntrl.v:97$5937_Y    157 279.5ms
         u_dut.i_tx.i_tx_channel_1.genblk2.i_up_dac_channel.i_xfer_cntrl.d_xfer_toggle_s    157 278.5ms
                                                                       u_dut.dac_valid_s    324 277.5ms
                                $abc$121031$auto$blifparse.cc:557:parse_blif$122413.A[5]     64 275.5ms
        u_dut.genblk4.i_tdd.i_up_tdd_cntrl.i_xfer_tdd_counter_values_rx_1.d_xfer_toggle_s    144 269.3ms
        $abc$121031$flatten\u_dut.\genblk4.i_tdd.\i_up_tdd_cntrl.\i_xfer_tdd_counter_values_tx_2.$logic_and$library/common/up_xfer_cntrl.v:97$5612_Y    144 268.1ms
         u_dut.i_rx.i_rx_channel_2.genblk2.i_up_adc_channel.i_xfer_cntrl.d_xfer_toggle_s     78 262.3ms
                                $abc$121031$auto$blifparse.cc:557:parse_blif$124716.A[5]    141 255.2ms
        $abc$121031$flatten\u_dut.\i_rx.\i_rx_channel_1.\genblk2.i_up_adc_channel.\i_xfer_cntrl.$logic_and$library/common/up_xfer_cntrl.v:97$5526_Y     78 254.5ms
        u_dut.genblk4.i_tdd.i_up_tdd_cntrl.i_xfer_tdd_counter_values_rx_2.d_xfer_toggle_s    144 254.1ms
                                                                    u_dut.up_wdata_s[24]     44 246.4ms
                                               u_dut.genblk4.i_tdd.tdd_counter_status[4]     45 238.7ms
         u_dut.i_rx.i_rx_channel_0.genblk2.i_up_adc_channel.i_xfer_cntrl.d_xfer_toggle_s     78 230.1ms
                                                                    u_dut.up_wdata_s[26]     44 227.1ms
        $abc$121031$flatten\u_dut.\genblk4.i_tdd.\i_up_tdd_cntrl.\i_xfer_tdd_counter_values_rx_1.$logic_and$library/common/up_xfer_cntrl.v:97$5612_Y    144 225.4ms
                  $techmap158612$abc$121031$auto$blifparse.cc:557:parse_blif$122507.A[4]     66 223.7ms
                                                                    u_dut.up_wdata_s[31]     44 223.0ms
                  $techmap160667$abc$121031$auto$blifparse.cc:557:parse_blif$124677.A[0]     78 221.2ms
                                $abc$121031$auto$blifparse.cc:557:parse_blif$122376.A[6]     65 218.5ms
                                                                    u_dut.up_wdata_s[29]     44 217.6ms
                                                                     u_dut.up_raddr_s[5]     48 214.4ms
                                              u_dut.genblk4.i_tdd.tdd_counter_status[14]     43 207.5ms
                                                                    u_dut.up_wdata_s[30]     44 202.9ms
                  $techmap157746$abc$121031$auto$blifparse.cc:557:parse_blif$121611.A[0]     90 201.5ms
                  $techmap158401$abc$121031$auto$blifparse.cc:557:parse_blif$122290.A[5]     64 196.5ms
                                              u_dut.genblk4.i_tdd.tdd_counter_status[13]     41 196.0ms
                     u_dut.i_tx.i_tx_channel_0.genblk2.i_dds.genblk1.sync_min_pulse_m[1]    129 189.5ms
                  $techmap166221$abc$121031$auto$blifparse.cc:557:parse_blif$130487.A[1]     48 187.3ms
                                $abc$121031$auto$blifparse.cc:557:parse_blif$122376.A[5]     66 186.9ms
                                                                u_dut.i_tx.dac_data_sync    295 186.4ms
                                $abc$121031$auto$blifparse.cc:557:parse_blif$121606.A[6]     44 177.5ms
                                                    u_dut.i_rx.i_up_adc_common.up_wreq_s     45 173.4ms
                                              u_dut.i_rx.i_rx_channel_0.adc_dfmt_valid_s    161 168.0ms
                                                                     u_dut.up_raddr_s[4]     48 167.4ms
                                               u_dut.genblk4.i_tdd.tdd_counter_status[2]     42 162.8ms
        $abc$121031$flatten\u_dut.\i_tx.\i_tx_channel_0.\genblk2.i_dds.$logic_or$library/common/ad_dds.v:153$6642_Y    104 154.1ms
                   u_dut.genblk4.i_tdd.i_up_tdd_cntrl.i_xfer_tdd_control.d_xfer_toggle_s     61 150.3ms
                  $techmap157794$abc$121031$auto$blifparse.cc:557:parse_blif$121669.A[0]     48 136.3ms
                                                                              gpio_i[16]      4 134.7ms
                                $abc$121031$auto$blifparse.cc:557:parse_blif$124255.A[5]     55 129.2ms
                                                                              gpio_i[17]      3 129.1ms
                                                 u_dut.i_tx.i_tx_channel_1.dac_valid_sel     42 128.9ms
                                                    u_dut.i_tx.i_up_dac_common.up_wreq_s     47 124.5ms
                                                                              gpio_i[19]      6 119.1ms
                                                                              gpio_i[18]      6 113.6ms
                                                                              gpio_i[21]      6 111.3ms
                                                                       u_dut.adc_valid_s    130 111.0ms
                  $techmap157751$abc$121031$auto$blifparse.cc:557:parse_blif$121621.A[2]     48 103.4ms
        $abc$121031$flatten\u_dut.\genblk4.i_tdd.\i_up_tdd_cntrl.$logic_and$library/common/up_tdd_cntrl.v:267$2595_Y     24 99.8ms
        $abc$121031$flatten\u_dut.\i_tx.\i_tx_channel_1.\genblk2.i_up_dac_channel.$logic_and$library/common/up_dac_channel.v:220$7584_Y     32 87.7ms
                                                 u_dut.i_tx.i_tx_channel_2.dac_valid_sel     49 84.1ms
                  $techmap159099$abc$121031$auto$blifparse.cc:557:parse_blif$123029.A[2]     49 80.9ms
        $abc$121031$flatten\u_dut.\i_tx.\i_up_dac_common.$logic_and$library/common/up_dac_common.v:372$6954_Y     32 80.1ms
        u_dut.i_tx.i_tx_channel_0.genblk2.i_dds.genblk1.dds_phase[1].i_dds_2.i_dds_1_1.genblk1.i_dds_sine.z_s[1][12]     46 79.9ms
        $abc$121031$flatten\u_dut.\i_tx.\i_tx_channel_0.\genblk2.i_up_dac_channel.$logic_and$library/common/up_dac_channel.v:231$7424_Y     32 77.6ms
                                                       u_dut.genblk1.i_dev_if.rx_r1_mode     51 76.9ms
        $abc$121031$flatten\u_dut.\i_tx.\i_tx_channel_1.\genblk2.i_up_dac_channel.$logic_and$library/common/up_dac_channel.v:306$7606_Y     32 75.1ms
                                                                                     rst     95 72.5ms
        $abc$121031$flatten\u_dut.\i_tx.\i_tx_channel_3.\genblk2.i_up_dac_channel.$logic_and$library/common/up_dac_channel.v:249$7851_Y     32 72.3ms
        u_dut.i_tx.i_tx_channel_0.genblk2.i_dds.genblk1.dds_phase[1].i_dds_2.i_dds_1_1.genblk1.i_dds_sine.z_s[2][12]     45 72.0ms
        $abc$121031$flatten\u_dut.\i_tx.\i_tx_channel_0.\genblk2.i_up_dac_channel.$logic_and$library/common/up_dac_channel.v:220$7415_Y     32 68.8ms
                              u_dut.i_rx.i_rx_channel_0.genblk2.i_ad_dcfilter.data_d[15]     13 68.8ms
        $abc$121031$flatten\u_dut.\i_tx.\i_tx_channel_3.\genblk2.i_up_dac_channel.$logic_and$library/common/up_dac_channel.v:231$7944_Y     32 67.0ms
                                                    u_dut.genblk1.i_dev_if.rx_frame_s[0]     51 66.5ms
                              u_dut.i_rx.i_rx_channel_3.genblk2.i_ad_dcfilter.data_d[15]     13 66.1ms
        $abc$121031$flatten\u_dut.\i_rx.\i_rx_channel_2.\genblk2.i_up_adc_channel.$logic_and$library/common/up_adc_channel.v:318$8381_Y     32 65.7ms
        $abc$121031$flatten\u_dut.\i_tx.\i_tx_channel_2.\genblk2.i_up_dac_channel.$logic_and$library/common/up_dac_channel.v:231$7775_Y     32 65.6ms
                                                                              gpio_i[22]      6 64.3ms
        u_dut.i_tx.i_tx_channel_0.genblk2.i_dds.genblk1.dds_phase[1].i_dds_2.i_dds_1_0.genblk1.i_dds_sine.z_s[1][12]     46 64.0ms
        u_dut.i_tx.i_tx_channel_1.genblk2.i_dds.genblk1.dds_phase[1].i_dds_2.i_dds_1_1.genblk1.i_dds_sine.z_s[2][12]     45 63.1ms
        $abc$121031$flatten\u_dut.\i_tx.\i_tx_channel_0.\genblk2.i_up_dac_channel.$logic_and$library/common/up_dac_channel.v:227$7421_Y     32 60.1ms
                                                                              gpio_i[23]      6 58.8ms
        $abc$121031$flatten\u_dut.\i_rx.\i_rx_channel_3.\genblk2.i_up_adc_channel.$logic_and$library/common/up_adc_channel.v:318$8630_Y     32 58.5ms
        $abc$121031$flatten\u_dut.\i_rx.\i_rx_channel_1.\genblk2.i_up_adc_channel.$logic_and$library/common/up_adc_channel.v:339$8128_Y     32 57.6ms
        $abc$121031$flatten\u_dut.\genblk4.i_tdd.\i_up_tdd_cntrl.$logic_and$library/common/up_tdd_cntrl.v:261$2589_Y     24 57.4ms
        u_dut.i_tx.i_tx_channel_3.genblk2.i_dds.genblk1.dds_phase[1].i_dds_2.i_dds_1_0.genblk1.i_dds_sine.z_s[2][12]     45 57.0ms
                                                    u_dut.genblk1.i_dev_if.rx_frame_s[1]     51 57.0ms
                                             $auto$alumacc.cc:512:replace_alu$18689.A[7]      3 56.6ms
                                                    u_dut.i_tx.i_up_dac_common.dac_rst_s     44 55.4ms
                                                                              gpio_i[20]      6 55.2ms
                                         u_dut.i_tx.i_tx_channel_3.dac_dds_scale_1_s[11]      1 54.9ms
        $abc$121031$flatten\u_dut.\i_rx.\i_up_adc_common.$logic_and$library/common/up_adc_common.v:356$7162_Y     32 54.9ms
        $abc$121031$flatten\u_dut.\i_tx.\i_tx_channel_1.\genblk2.i_up_dac_channel.$logic_and$library/common/up_dac_channel.v:231$7593_Y     32 54.7ms
                                    $abc$121031$auto$opt_dff.cc:360:combine_resets$16265     65 54.4ms
        $abc$121031$flatten\u_dut.\i_rx.\i_up_adc_common.$logic_and$library/common/up_adc_common.v:416$7196_Y     32 54.2ms
        $abc$121031$flatten\u_dut.\i_rx.\i_rx_channel_3.\genblk2.i_up_adc_channel.$logic_and$library/common/up_adc_channel.v:339$8635_Y     32 54.0ms
                               $abc$121031$auto$opt_dff.cc:319:make_patterns_logic$16784     32 53.4ms
        $abc$121031$flatten\u_dut.\i_tx.\i_up_dac_common.$logic_and$library/common/up_dac_common.v:295$6949_Y     32 52.3ms
        $abc$121031$flatten\u_dut.\i_tx.\i_up_dac_common.$logic_and$library/common/up_dac_common.v:233$6906_Y     32 51.3ms
        $abc$121031$flatten\u_dut.\i_tx.\i_tx_channel_1.\genblk2.i_up_dac_channel.$logic_and$library/common/up_dac_channel.v:235$7596_Y     32 51.0ms
        u_dut.i_tx.i_tx_channel_1.genblk2.i_dds.genblk1.dds_phase[1].i_dds_2.i_dds_1_1.genblk1.i_dds_sine.z_s[1][12]     46 51.0ms
        $abc$121031$flatten\u_dut.\i_tx.\i_tx_channel_3.\genblk2.i_up_dac_channel.$logic_and$library/common/up_dac_channel.v:220$7935_Y     32 50.7ms
                               $abc$121031$auto$opt_dff.cc:319:make_patterns_logic$17091     32 50.5ms
        $abc$121031$flatten\u_dut.\i_rx.\i_rx_channel_2.\genblk2.i_up_adc_channel.$logic_and$library/common/up_adc_channel.v:339$8386_Y     32 50.3ms
        $abc$121031$flatten\u_dut.\i_rx.\i_rx_channel_1.\genblk2.i_up_adc_channel.$logic_and$library/common/up_adc_channel.v:318$8123_Y     32 49.8ms
        $abc$121031$flatten\u_dut.\i_rx.\i_up_adc_common.$logic_and$library/common/up_adc_common.v:230$7125_Y     32 49.0ms
        $abc$121031$flatten\u_dut.\i_tx.\i_tx_channel_0.\genblk2.i_up_dac_channel.$logic_and$library/common/up_dac_channel.v:235$7427_Y     32 48.8ms
        $abc$121031$flatten\u_dut.\i_tx.\i_tx_channel_0.\genblk2.i_up_dac_channel.$logic_and$library/common/up_dac_channel.v:249$7331_Y     32 48.7ms
        $abc$121031$flatten\u_dut.\genblk4.i_tdd.\i_up_tdd_cntrl.$logic_and$library/common/up_tdd_cntrl.v:222$2550_Y     24 48.7ms
        $abc$121031$flatten\u_dut.\i_tx.\i_tx_channel_3.\genblk2.i_up_dac_channel.$logic_and$library/common/up_dac_channel.v:235$7947_Y     32 48.6ms
        $abc$121031$flatten\u_dut.\i_tx.\i_tx_channel_2.\genblk2.i_up_dac_channel.$logic_and$library/common/up_dac_channel.v:220$7766_Y     32 47.6ms
                                             $auto$alumacc.cc:512:replace_alu$18254.Y[7]      1 47.5ms
                  $techmap159249$abc$121031$auto$blifparse.cc:557:parse_blif$123194.A[2]     49 47.2ms
        $abc$121031$flatten\u_dut.\genblk4.i_tdd.\i_up_tdd_cntrl.$logic_and$library/common/up_tdd_cntrl.v:258$2586_Y     24 46.8ms
        u_dut.i_tx.i_tx_channel_3.genblk2.i_dds.genblk1.dds_phase[1].i_dds_2.i_dds_1_1.genblk1.i_dds_sine.z_s[2][12]     45 46.8ms
        $abc$121031$flatten\u_dut.\i_tx.\i_up_dac_common.\i_xfer_cntrl.$logic_and$library/common/up_xfer_cntrl.v:97$5871_Y     21 46.7ms
        u_dut.i_tx.i_tx_channel_2.genblk2.i_dds.genblk1.dds_phase[1].i_dds_2.i_dds_1_0.genblk1.i_dds_sine.z_s[2][12]     45 46.5ms
                  $techmap158920$abc$121031$auto$blifparse.cc:557:parse_blif$122832.A[2]     49 46.2ms
        $abc$121031$flatten\u_dut.\genblk4.i_tdd.\i_up_tdd_cntrl.$logic_and$library/common/up_tdd_cntrl.v:270$2598_Y     24 46.2ms
        $abc$121031$flatten\u_dut.\genblk4.i_tdd.\i_up_tdd_cntrl.$logic_and$library/common/up_tdd_cntrl.v:228$2556_Y     24 45.9ms
                                u_dut.i_tx.i_up_dac_common.i_xfer_cntrl.up_xfer_data[17]      1 45.5ms
                     u_dut.i_rx.i_rx_channel_1.genblk2.i_up_adc_channel.up_adc_crc_err_s     35 44.9ms
                                              u_dut.genblk4.i_tdd.tdd_counter_status[22]     36 44.9ms
        u_dut.i_tx.i_tx_channel_1.genblk2.i_dds.genblk1.dds_phase[1].i_dds_2.i_dds_1_0.genblk1.i_dds_sine.z_s[2][12]     45 44.6ms
        $abc$121031$flatten\u_dut.\genblk4.i_tdd.\i_up_tdd_cntrl.$logic_and$library/common/up_tdd_cntrl.v:196$2529_Y     32 44.6ms
                                              u_dut.genblk4.i_tdd.tdd_counter_status[23]     38 44.6ms
        $abc$121031$flatten\u_dut.\i_tx.\i_tx_channel_1.\genblk2.i_up_dac_channel.$logic_and$library/common/up_dac_channel.v:249$7500_Y     32 44.5ms
        u_dut.i_tx.i_tx_channel_3.genblk2.i_dds.genblk1.dds_phase[1].i_dds_2.i_dds_1_1.genblk1.i_dds_sine.z_s[1][12]     46 44.4ms
                                              u_dut.genblk4.i_tdd.tdd_counter_status[18]     37 43.8ms
        u_dut.i_tx.i_tx_channel_3.genblk2.i_dds.genblk1.dds_phase[1].i_dds_2.i_dds_1_0.genblk1.i_dds_sine.z_s[1][12]     46 43.6ms
        u_dut.i_rx.i_rx_channel_3.genblk2.i_up_adc_channel.i_xfer_cntrl.up_xfer_data[12]      1 43.5ms
        $abc$121031$flatten\u_dut.\i_tx.\i_tx_channel_2.\genblk2.i_up_dac_channel.$logic_and$library/common/up_dac_channel.v:249$7682_Y     32 43.5ms
                                              u_dut.genblk4.i_tdd.tdd_counter_status[20]     36 42.4ms
        $abc$121031$flatten\u_dut.\genblk4.i_tdd.\i_up_tdd_cntrl.$logic_and$library/common/up_tdd_cntrl.v:210$2538_Y     24 42.1ms
        u_dut.i_tx.i_tx_channel_2.genblk2.i_dds.genblk1.dds_phase[1].i_dds_2.i_dds_1_0.genblk1.i_dds_sine.z_s[1][12]     46 41.9ms
        $abc$121031$flatten\u_dut.\i_tx.\i_tx_channel_1.\genblk2.i_up_dac_channel.$logic_and$library/common/up_dac_channel.v:227$7590_Y     32 41.1ms
                               $abc$121031$auto$opt_dff.cc:319:make_patterns_logic$16685     32 41.0ms
        $abc$121031$flatten\u_dut.\i_tx.\i_tx_channel_2.\genblk2.i_up_dac_channel.$logic_and$library/common/up_dac_channel.v:235$7778_Y     32 40.6ms
        $abc$121031$flatten\u_dut.\genblk4.i_tdd.\i_up_tdd_cntrl.$logic_and$library/common/up_tdd_cntrl.v:246$2574_Y     24 40.5ms
                         u_dut.i_rx.i_rx_channel_2.genblk2.i_ad_dcfilter.dc_offset_s[37]      1 40.0ms
        $abc$121031$flatten\u_dut.\genblk4.i_tdd.\i_up_tdd_cntrl.$logic_and$library/common/up_tdd_cntrl.v:237$2565_Y     24 39.9ms
                               $abc$121031$auto$opt_dff.cc:319:make_patterns_logic$17134     32 39.9ms
        u_dut.i_tx.i_tx_channel_2.genblk2.i_dds.genblk1.dds_phase[1].i_dds_2.i_dds_1_1.genblk1.i_dds_sine.z_s[2][12]     45 39.8ms
                     u_dut.i_rx.i_rx_channel_2.genblk2.i_up_adc_channel.up_adc_crc_err_s     36 39.7ms
                                                   u_dut.genblk4.i_tdd.tdd_rx_off_1_s[1]      1 39.6ms
        $abc$121031$flatten\u_dut.\i_rx.\i_rx_channel_0.\genblk2.i_up_adc_channel.$logic_and$library/common/up_adc_channel.v:339$5232_Y     32 39.5ms
                                              u_dut.genblk4.i_tdd.tdd_counter_status[19]     34 39.4ms
                                              u_dut.genblk4.i_tdd.tdd_counter_status[17]     37 39.4ms
        $abc$121031$flatten\u_dut.\genblk4.i_tdd.\i_up_tdd_cntrl.$logic_and$library/common/up_tdd_cntrl.v:231$2559_Y     24 39.3ms
        $abc$121031$flatten\u_dut.\genblk4.i_tdd.\i_up_tdd_cntrl.$logic_and$library/common/up_tdd_cntrl.v:273$2601_Y     24 39.2ms
        $abc$121031$flatten\u_dut.\genblk4.i_tdd.\i_up_tdd_cntrl.$logic_and$library/common/up_tdd_cntrl.v:255$2583_Y     24 39.2ms
        u_dut.i_tx.i_tx_channel_3.genblk2.i_dds.genblk1.dds_phase[1].i_dds_2.i_dds_1_1.genblk1.i_dds_sine.x_s[3][7]      3 38.9ms
        $abc$121031$flatten\u_dut.\genblk4.i_tdd.\i_up_tdd_cntrl.$logic_and$library/common/up_tdd_cntrl.v:240$2568_Y     24 38.8ms
        $abc$121031$flatten\u_dut.\genblk4.i_tdd.\i_up_tdd_cntrl.$logic_and$library/common/up_tdd_cntrl.v:234$2562_Y     24 38.5ms
        $abc$121031$flatten\u_dut.\genblk4.i_tdd.\i_up_tdd_cntrl.$logic_and$library/common/up_tdd_cntrl.v:252$2580_Y     24 38.4ms
                                $abc$121031$auto$blifparse.cc:557:parse_blif$124255.A[6]     27 38.3ms
        $abc$121031$flatten\u_dut.\genblk4.i_tdd.\i_up_tdd_cntrl.$logic_and$library/common/up_tdd_cntrl.v:288$2616_Y     24 38.3ms
                                              u_dut.genblk4.i_tdd.tdd_counter_status[10]     40 37.9ms
        $abc$121031$flatten\u_dut.\i_tx.\i_tx_channel_3.\genblk2.i_up_dac_channel.$logic_and$library/common/up_dac_channel.v:306$7957_Y     32 37.7ms
        $abc$121031$flatten\u_dut.\genblk4.i_tdd.\i_up_tdd_cntrl.$logic_and$library/common/up_tdd_cntrl.v:276$2604_Y     24 37.7ms
                              u_dut.i_rx.i_rx_channel_2.genblk2.i_ad_dcfilter.data_d[15]     13 36.7ms
        $abc$121031$flatten\u_dut.\genblk4.i_tdd.\i_up_tdd_cntrl.$logic_and$library/common/up_tdd_cntrl.v:249$2577_Y     24 36.6ms
                                              u_dut.genblk4.i_tdd.tdd_counter_status[21]     33 36.5ms
        $abc$121031$flatten\u_dut.\i_tx.\i_tx_channel_2.\genblk2.i_up_dac_channel.$logic_and$library/common/up_dac_channel.v:227$7772_Y     32 36.5ms
                                               u_dut.genblk4.i_tdd.tdd_counter_status[1]     36 36.3ms
                                              u_dut.genblk4.i_tdd.tdd_counter_status[15]     32 35.7ms
        $abc$121031$flatten\u_dut.\i_rx.\i_up_adc_common.$logic_and$library/common/up_adc_common.v:434$7201_Y     32 35.7ms
        $abc$121031$flatten\u_dut.\genblk4.i_tdd.\i_up_tdd_cntrl.$logic_and$library/common/up_tdd_cntrl.v:225$2553_Y     24 35.4ms
                                          u_dut.i_tx.i_tx_channel_3.dac_dds_scale_1_s[1]      1 35.0ms
        u_dut.i_tx.i_tx_channel_2.genblk2.i_dds.genblk1.dds_phase[1].i_dds_2.i_dds_1_0.genblk1.i_dds_sine.rotation[11].pipe.dir_inv      2 34.6ms
                         u_dut.i_rx.i_rx_channel_2.genblk2.i_ad_dcfilter.dc_offset_s[21]      2 34.2ms
        $abc$121031$flatten\u_dut.\genblk4.i_tdd.\i_up_tdd_cntrl.$logic_and$library/common/up_tdd_cntrl.v:213$2541_Y     24 34.0ms
                                              u_dut.genblk4.i_tdd.tdd_counter_status[16]     37 33.6ms
        $abc$121031$flatten\u_dut.\i_tx.\i_up_dac_common.$logic_and$library/common/up_dac_common.v:282$6938_Y     16 33.5ms
                  $techmap165032$abc$121031$auto$blifparse.cc:557:parse_blif$129263.A[1]     33 33.3ms
        $abc$121031$flatten\u_dut.\i_tx.\i_tx_channel_3.\genblk2.i_up_dac_channel.$logic_and$library/common/up_dac_channel.v:227$7941_Y     32 32.9ms
        $abc$121031$flatten\u_dut.\i_tx.\i_tx_channel_2.\genblk2.i_up_dac_channel.$logic_and$library/common/up_dac_channel.v:306$7788_Y     32 32.7ms
                                               u_dut.genblk4.i_tdd.tdd_counter_status[5]     39 32.6ms
                                              u_dut.genblk4.i_tdd.tdd_counter_status[12]     37 32.0ms
                                $abc$121031$auto$blifparse.cc:557:parse_blif$125465.A[6]     37 31.8ms
                                               u_dut.genblk4.i_tdd.tdd_counter_status[0]     35 31.7ms
                                $abc$121031$auto$blifparse.cc:557:parse_blif$124716.A[6]     34 31.6ms
        $abc$121031$flatten\u_dut.\i_rx.\i_rx_channel_0.\genblk2.i_up_adc_channel.$logic_and$library/common/up_adc_channel.v:318$5227_Y     32 31.5ms
                                               u_dut.genblk4.i_tdd.tdd_counter_status[6]     40 31.3ms
        $abc$121031$flatten\u_dut.\i_tx.\i_up_dac_common.$logic_and$library/common/up_dac_common.v:422$6991_Y     32 31.2ms
        $abc$121031$flatten\u_dut.\i_tx.\i_tx_channel_0.\genblk2.i_up_dac_channel.$logic_and$library/common/up_dac_channel.v:306$7437_Y     32 31.0ms
        $abc$121031$flatten\u_dut.\i_rx.\i_up_adc_common.$logic_and$library/common/up_adc_common.v:366$7167_Y     32 30.9ms
                  $techmap157437$abc$121031$auto$blifparse.cc:557:parse_blif$121294.A[1]     26 30.1ms
                                $abc$121031$auto$blifparse.cc:557:parse_blif$125827.A[6]     38 29.7ms
           u_dut.i_rx.i_rx_channel_2.genblk2.i_up_adc_channel.up_adc_iqcor_coeff_tc_1[8]      1 29.3ms
        $abc$121031$flatten\u_dut.\genblk4.i_tdd.\i_up_tdd_cntrl.$logic_and$library/common/up_tdd_cntrl.v:243$2571_Y     24 29.3ms
        u_dut.i_tx.i_tx_channel_1.genblk2.i_dds.genblk1.dds_phase[1].i_dds_2.i_dds_1_0.genblk1.i_dds_sine.z_s[1][12]     46 29.3ms
                  $techmap166754$abc$121031$auto$blifparse.cc:557:parse_blif$131030.A[0]      5 29.0ms
                                               u_dut.genblk4.i_tdd.tdd_counter_status[3]     33 29.0ms
                                               u_dut.genblk4.i_tdd.tdd_counter_status[9]     32 28.8ms
                  $techmap158737$abc$121031$auto$blifparse.cc:557:parse_blif$122634.A[2]     49 28.6ms
        $abc$121031$flatten\u_dut.\genblk4.i_tdd.\i_up_tdd_cntrl.$logic_and$library/common/up_tdd_cntrl.v:282$2610_Y     24 28.2ms
                            u_dut.i_rx.i_rx_channel_1.genblk2.i_rx_pnmon.adc_pn1_valid_s     31 28.1ms
        $abc$121031$flatten\u_dut.\genblk4.i_tdd.\i_up_tdd_cntrl.$logic_and$library/common/up_tdd_cntrl.v:219$2547_Y     24 28.1ms
                                $abc$121031$auto$blifparse.cc:557:parse_blif$125090.A[6]     37 27.9ms
                                             u_dut.i_tx.i_tx_channel_0.dac_iqcor_valid_s     48 27.9ms
        $abc$121031$flatten\u_dut.\genblk4.i_tdd.\i_up_tdd_cntrl.$logic_and$library/common/up_tdd_cntrl.v:264$2592_Y     24 27.8ms
                                                u_dut.genblk4.i_tdd.tdd_tx_dp_on_2_s[13]      1 27.4ms
                                $abc$121031$auto$blifparse.cc:557:parse_blif$121618.A[6]     34 27.3ms
                  $techmap160454$abc$121031$auto$blifparse.cc:557:parse_blif$124432.A[0]     32 27.2ms
                                $abc$121031$auto$blifparse.cc:557:parse_blif$122376.A[1]     35 27.2ms
                                   u_dut.i_tx.i_up_dac_common.i_clock_mon.d_count_run_m2     34 27.2ms
                  $techmap162387$abc$121031$auto$blifparse.cc:557:parse_blif$126561.A[5]     24 26.7ms
                  $techmap165032$abc$121031$auto$blifparse.cc:557:parse_blif$129263.A[0]     39 26.4ms
        $abc$121031$flatten\u_dut.\genblk4.i_tdd.\i_up_tdd_cntrl.$logic_and$library/common/up_tdd_cntrl.v:279$2607_Y     24 25.9ms
                                                                    u_dut.up_raddr_s[11]      5 25.6ms
        u_dut.i_tx.i_tx_channel_2.genblk2.i_dds.genblk1.dds_phase[1].i_dds_2.i_dds_1_1.genblk1.i_dds_sine.z_s[1][12]     46 25.5ms
                  $techmap157734$abc$121031$auto$blifparse.cc:557:parse_blif$121599.A[1]     29 24.9ms
                                                                              FCLKCLK[0]  14692 24.8ms
        u_dut.i_tx.i_tx_channel_0.genblk2.i_dds.genblk1.dds_phase[1].i_dds_2.i_dds_1_0.genblk1.i_dds_sine.z_s[2][12]     45 24.2ms
                  $techmap165047$abc$121031$auto$blifparse.cc:557:parse_blif$129279.A[1]     22 24.0ms
        $abc$121031$flatten\u_dut.\genblk4.i_tdd.\i_up_tdd_cntrl.$logic_and$library/common/up_tdd_cntrl.v:285$2613_Y     24 23.9ms
                  $techmap162376$abc$121031$auto$blifparse.cc:557:parse_blif$126549.A[3]     32 23.9ms
                  $techmap165040$abc$121031$auto$blifparse.cc:557:parse_blif$129272.A[1]     22 23.8ms
                                             $auto$alumacc.cc:512:replace_alu$18899.Y[0]      1 23.4ms
                            u_dut.i_rx.i_rx_channel_3.genblk2.i_rx_pnmon.adc_pn1_valid_s     39 23.3ms
                     u_dut.i_rx.i_rx_channel_0.genblk2.i_up_adc_channel.up_adc_crc_err_s     37 23.1ms
                                           $abc$121031$auto$rtlil.cc:3501:NotGate$113690      1 22.8ms
                                  $abc$121031$auto$simplemap.cc:277:simplemap_eqne$52224     16 22.7ms
                                                                     u_dut.up_raddr_s[6]     40 22.4ms
        u_dut.i_tx.i_tx_channel_3.genblk2.i_dds.genblk1.dds_phase[1].i_dds_2.i_dds_1_0.genblk1.i_dds_sine.z0[12]     25 22.2ms
        u_dut.i_tx.i_tx_channel_1.genblk2.i_dds.genblk1.dds_phase[1].i_dds_2.i_dds_1_1.genblk1.i_dds_sine.rotation[3].pipe.dir_inv     12 22.1ms
                                              u_dut.genblk4.i_tdd.tdd_counter_status[11]     39 21.9ms
                              u_dut.i_rx.i_rx_channel_0.genblk2.i_ad_dcfilter.data_d[11]      4 21.9ms
                                               u_dut.genblk4.i_tdd.tdd_counter_status[8]     31 21.8ms
                  $techmap157795$abc$121031$auto$blifparse.cc:557:parse_blif$121673.A[4]     32 21.8ms
                  $techmap157731$abc$121031$auto$blifparse.cc:557:parse_blif$121596.A[1]     16 21.8ms
                     u_dut.i_rx.i_rx_channel_3.genblk2.i_up_adc_channel.up_adc_crc_err_s     37 21.6ms
                                $abc$121031$auto$blifparse.cc:557:parse_blif$124255.A[0]     31 21.2ms
                                                    u_dut.i_tx.i_up_dac_common.up_rreq_s     33 21.1ms
                                            u_dut.genblk4.i_tdd.i_up_tdd_cntrl.up_wreq_s     31 21.0ms
                              u_dut.i_rx.i_rx_channel_1.genblk2.i_ad_dcfilter.data_d[15]     13 20.9ms
                                               u_dut.genblk4.i_tdd.tdd_counter_status[7]     34 20.9ms
        $abc$121031$flatten\u_dut.\i_tx.\i_tx_channel_3.\genblk2.i_up_dac_channel.$logic_and$library/common/up_dac_channel.v:217$7932_Y     16 20.7ms
        $abc$121031$flatten\u_dut.\i_rx.\i_rx_channel_1.\genblk2.i_up_adc_channel.$logic_and$library/common/up_adc_channel.v:203$8028_Y      9 20.5ms
                                                                u_dut.i_up_axi.up_rack_d     33 20.5ms
                                                                         u_dut.up_wreq_s     32 20.2ms
                         u_dut.i_rx.i_rx_channel_0.genblk2.i_ad_dcfilter.dc_offset_s[44]      1 20.1ms
                                                  u_dut.genblk4.i_tdd.tdd_tx_off_2_s[11]      1 19.8ms
                                                            u_dut.i_rx.up_rdata_s[5][10]     27 19.8ms
        u_dut.i_tx.i_tx_channel_1.genblk2.i_dds.genblk1.dds_phase[1].i_dds_2.i_dds_1_1.genblk1.i_dds_sine.z_s[4][12]     37 19.6ms
        $abc$121031$flatten\u_dut.\i_tx.\i_tx_channel_3.\genblk2.i_up_dac_channel.$logic_and$library/common/up_dac_channel.v:224$7938_Y     16 19.6ms
                                                                                 lfsr[9]      9 19.3ms
        $abc$121031$flatten\u_dut.\i_tx.\i_tx_channel_1.\genblk2.i_up_dac_channel.$logic_and$library/common/up_dac_channel.v:217$7581_Y     16 19.2ms
                                           $abc$121031$auto$rtlil.cc:3501:NotGate$116642      1 19.0ms
        $abc$121031$flatten\u_dut.\i_tx.\i_tx_channel_0.\genblk2.i_up_dac_channel.$logic_and$library/common/up_dac_channel.v:224$7418_Y     16 18.5ms
             u_dut.i_rx.i_rx_channel_1.genblk2.i_up_adc_channel.up_adc_iqcor_coeff_1[14]      3 18.5ms
                  $techmap158660$abc$121031$auto$blifparse.cc:557:parse_blif$122557.A[0]     32 18.4ms
        $abc$121031$flatten\u_dut.\genblk4.i_tdd.\i_up_tdd_cntrl.$logic_and$library/common/up_tdd_cntrl.v:207$2535_Y      8 18.1ms
                                   $abc$121031$auto$opt_dff.cc:360:combine_resets$105993     25 18.0ms
                                                                                lfsr[11]      9 17.9ms
                  $techmap162106$abc$121031$auto$blifparse.cc:557:parse_blif$126268.A[4]     26 17.9ms
                                                  u_dut.i_rx.i_rx_channel_3.adc_pn_oos_s     40 17.8ms
        $abc$121031$flatten\u_dut.\i_tx.\i_tx_channel_2.\genblk2.i_up_dac_channel.$logic_and$library/common/up_dac_channel.v:217$7763_Y     16 17.7ms
        u_dut.i_tx.i_tx_channel_3.genblk2.i_dds.genblk1.dds_phase[1].i_dds_2.i_dds_1_1.genblk1.i_dds_sine.z_s[3][12]     39 17.6ms
                  $techmap162104$abc$121031$auto$blifparse.cc:557:parse_blif$126266.A[2]     25 17.6ms
        $abc$121031$flatten\u_dut.\i_rx.\i_rx_channel_2.\genblk2.i_up_adc_channel.$logic_and$library/common/up_adc_channel.v:353$8320_Y      8 17.5ms
        u_dut.i_tx.i_tx_channel_0.genblk2.i_dds.genblk1.dds_phase[1].i_dds_2.i_dds_1_1.genblk1.i_dds_sine.z_s[3][12]     39 17.3ms
                                                 u_dut.i_tx.i_tx_channel_3.dac_valid_sel     39 17.1ms
        $abc$121031$flatten\u_dut.\i_tx.\i_up_dac_common.$logic_and$library/common/up_dac_common.v:272$6935_Y     12 17.1ms
                                   $abc$121031$auto$opt_dff.cc:360:combine_resets$105986     25 17.1ms
                               u_dut.i_tx.i_up_dac_common.i_xfer_status.up_xfer_toggle_s      3 17.0ms
                                   u_dut.i_tx.i_up_dac_common.i_clock_mon.d_count_run_m3     34 16.8ms
                                           $abc$121031$auto$rtlil.cc:3501:NotGate$110262      1 16.7ms
        u_dut.i_tx.i_tx_channel_1.genblk2.i_dds.genblk1.dds_phase[1].i_dds_2.i_dds_1_1.genblk1.i_dds_sine.rotation[0].pipe.dir_inv     14 16.5ms
                                                  u_dut.i_rx.i_rx_channel_0.adc_pn_oos_s     29 16.5ms
                                   $abc$121031$auto$opt_dff.cc:360:combine_resets$105972     25 16.4ms
                                           $abc$121031$auto$rtlil.cc:3501:NotGate$120118      1 16.4ms
                                                                  u_dut.adc_data_i0_s[5]      1 16.1ms
        $abc$121031$flatten\u_dut.\i_rx.\i_up_adc_common.$logic_and$library/common/up_adc_common.v:245$7136_Y     12 16.1ms
        $abc$121031$flatten\u_dut.\i_rx.\i_up_adc_common.\i_clock_mon.$logic_and$library/common/up_clock_mon.v:108$1906_Y     16 16.0ms
                  $techmap165062$abc$121031$auto$blifparse.cc:557:parse_blif$129295.A[1]     22 16.0ms
                                           $abc$121031$auto$rtlil.cc:3501:NotGate$112840      1 16.0ms
        $abc$121031$flatten\u_dut.\i_rx.\i_rx_channel_3.\genblk2.i_up_adc_channel.$logic_and$library/common/up_adc_channel.v:203$8535_Y      9 15.9ms
                               u_dut.genblk4.i_tdd.i_up_tdd_cntrl.up_tdd_vco_tx_off_2[1]      2 15.9ms
                  $techmap162392$abc$121031$auto$blifparse.cc:557:parse_blif$126570.A[4]     23 15.8ms
                                                                                lfsr[12]      9 15.8ms
        u_dut.i_tx.i_tx_channel_3.genblk2.i_dds.genblk1.dds_phase[1].i_dds_2.i_dds_1_0.genblk1.i_dds_sine.z_s[8][12]     28 15.8ms
                                              u_dut.i_rx.i_delay_cntrl.genblk1.up_wreq_s     27 15.8ms
                                $abc$121031$auto$blifparse.cc:557:parse_blif$122376.A[2]     34 15.7ms
                                $abc$121031$auto$blifparse.cc:557:parse_blif$124716.A[0]     14 15.7ms
        u_dut.i_tx.i_tx_channel_2.genblk2.i_dds.genblk1.dds_phase[1].i_dds_2.i_dds_1_0.genblk1.i_dds_sine.z_s[11][12]     21 15.6ms
                  $techmap157728$abc$121031$auto$blifparse.cc:557:parse_blif$121592.A[1]     13 15.6ms
        u_dut.i_tx.i_tx_channel_2.genblk2.i_dds.genblk1.dds_phase[1].i_dds_2.i_dds_1_0.genblk1.i_dds_sine.z_s[4][12]     37 15.6ms
                                $abc$121031$auto$blifparse.cc:557:parse_blif$124392.A[0]     17 15.6ms
                                $abc$121031$auto$blifparse.cc:557:parse_blif$124370.A[2]     13 15.6ms
                                $abc$121031$auto$blifparse.cc:557:parse_blif$122413.A[6]     28 15.5ms
                                                u_dut.genblk4.i_tdd.tdd_rx_dp_on_2_s[19]      2 15.3ms
        u_dut.genblk4.i_tdd.i_up_tdd_cntrl.i_xfer_tdd_counter_values_rx_2.up_xfer_data[3]      1 15.2ms
        u_dut.i_tx.i_tx_channel_0.genblk2.i_dds.genblk1.dds_phase[1].i_dds_2.i_dds_1_0.genblk1.i_dds_sine.z_s[5][12]     35 15.2ms
                                             $auto$alumacc.cc:512:replace_alu$18479.Y[6]      1 15.0ms
        u_dut.i_tx.i_tx_channel_0.genblk2.i_dds.genblk1.dds_phase[1].i_dds_2.i_dds_1_0.genblk1.i_dds_sine.z_s[3][12]     39 15.0ms
                  $techmap158361$abc$121031$auto$blifparse.cc:557:parse_blif$122251.A[1]     24 15.0ms
                                  $abc$121031$auto$simplemap.cc:277:simplemap_eqne$51318     16 14.9ms
                                            u_dut.genblk4.i_tdd.i_tdd_control.tdd_cstate     20 14.9ms
                                                                         u_dut.up_rreq_s     12 14.9ms
        u_dut.i_tx.i_tx_channel_1.genblk2.i_dds.genblk1.dds_phase[1].i_dds_2.i_dds_1_1.genblk1.i_dds_sine.z_s[3][12]     39 14.9ms
                  $techmap157746$abc$121031$auto$blifparse.cc:557:parse_blif$121611.A[4]     19 14.8ms
                  $techmap157441$abc$121031$auto$blifparse.cc:557:parse_blif$121298.A[0]      7 14.6ms
                                                  u_dut.i_rx.i_rx_channel_1.adc_pn_oos_s     31 14.6ms
                                                    u_dut.i_rx.i_up_adc_common.adc_rst_s     25 14.6ms
             u_dut.i_rx.i_rx_channel_1.genblk2.i_up_adc_channel.up_adc_dcfilt_offset[14]      2 14.5ms
                                           $abc$121031$auto$rtlil.cc:3501:NotGate$112424      1 14.4ms
                                 u_dut.i_tx.i_up_dac_common.i_xfer_cntrl.d_xfer_toggle_s     21 14.3ms
                                   $abc$121031$auto$opt_dff.cc:360:combine_resets$105979     25 14.3ms
              u_dut.i_tx.i_tx_channel_3.genblk2.i_up_dac_channel.up_dac_iqcor_coeff_2[3]      3 14.3ms
        u_dut.i_tx.i_tx_channel_1.genblk2.i_up_dac_channel.i_xfer_cntrl.up_xfer_data[178]      1 14.2ms
        u_dut.i_tx.i_tx_channel_1.genblk2.i_dds.genblk1.dds_phase[1].i_dds_2.i_dds_1_0.genblk1.i_dds_sine.rotation[0].pipe.dir_inv     14 14.2ms
                                             $auto$alumacc.cc:512:replace_alu$18653.Y[3]      1 14.2ms
        u_dut.i_tx.i_tx_channel_0.genblk2.i_dds.genblk1.dds_phase[1].i_dds_2.i_dds_1_0.genblk1.i_dds_sine.rotation[7].pipe.dir_inv     13 14.2ms
                                       u_dut.genblk4.i_tdd.i_tdd_control.tdd_endof_frame     27 14.1ms
        u_dut.i_tx.i_tx_channel_0.genblk2.i_dds.genblk1.dds_phase[1].i_dds_2.i_dds_1_1.genblk1.i_dds_sine.z0[12]     25 14.0ms
                                             $auto$alumacc.cc:512:replace_alu$18896.Y[3]      1 13.9ms
                                  u_dut.genblk4.i_tdd.i_up_tdd_cntrl.up_tdd_tx_off_2[12]      2 13.9ms
                                $abc$121031$auto$blifparse.cc:557:parse_blif$122413.A[1]     15 13.8ms
                                                  u_dut.i_rx.i_rx_channel_2.adc_pn_oos_s     35 13.8ms
                                                                  u_dut.i_up_axi.up_wsel     34 13.7ms
        u_dut.i_tx.i_tx_channel_1.genblk2.i_dds.genblk1.dds_phase[1].i_dds_2.i_dds_1_0.genblk1.i_dds_sine.z_s[3][12]     39 13.6ms
                  $techmap157696$abc$121031$auto$blifparse.cc:557:parse_blif$121562.A[4]      3 13.6ms
                                           $abc$121031$auto$rtlil.cc:3501:NotGate$108474      1 13.5ms
                                   u_dut.i_rx.i_up_adc_common.i_clock_mon.d_count_run_m3     34 13.5ms
        u_dut.i_tx.i_tx_channel_1.genblk2.i_dds.genblk1.dds_phase[1].i_dds_2.i_dds_1_1.genblk1.i_dds_sine.rotation[6].pipe.dir_inv     13 13.5ms
                                           $abc$121031$auto$rtlil.cc:3501:NotGate$118788      1 13.5ms
                              u_dut.i_rx.i_rx_channel_1.genblk2.i_ad_dcfilter.data_d[12]      4 13.4ms
                                                                                 lfsr[8]      9 13.4ms
        u_dut.i_tx.i_tx_channel_3.genblk2.i_dds.genblk1.dds_phase[1].i_dds_2.i_dds_1_1.genblk1.i_dds_sine.z_s[4][12]     37 13.3ms
        u_dut.i_tx.i_tx_channel_3.genblk2.i_dds.genblk1.dds_phase[1].i_dds_2.i_dds_1_1.genblk1.i_dds_sine.rotation[5].pipe.dir_inv     12 13.2ms
        $abc$121031$flatten\u_dut.\i_rx.\i_rx_channel_1.\genblk2.i_up_adc_channel.$logic_and$library/common/up_adc_channel.v:353$8062_Y      8 13.2ms
        $abc$121031$flatten\u_dut.\i_tx.\i_tx_channel_2.\genblk2.i_up_dac_channel.$logic_and$library/common/up_dac_channel.v:224$7769_Y     16 13.2ms
                                  u_dut.genblk4.i_tdd.i_up_tdd_cntrl.up_tdd_tx_off_2[22]      2 13.2ms
                                   u_dut.genblk4.i_tdd.i_up_tdd_cntrl.up_tdd_tx_off_2[8]      2 13.1ms
        u_dut.i_tx.i_tx_channel_1.genblk2.i_dds.genblk1.dds_phase[1].i_dds_2.i_dds_1_1.genblk1.i_dds_sine.z_s[6][12]     32 13.1ms
                  $techmap162651$abc$121031$auto$blifparse.cc:557:parse_blif$126875.A[0]      6 13.1ms
        $abc$121031$flatten\u_dut.\i_tx.\i_tx_channel_1.\genblk2.i_up_dac_channel.$logic_and$library/common/up_dac_channel.v:224$7587_Y     16 13.1ms
                                                    u_dut.i_rx.i_up_adc_common.up_rreq_s     33 12.9ms
                                           $abc$121031$auto$rtlil.cc:3501:NotGate$112428      1 12.9ms
                         u_dut.i_rx.i_rx_channel_2.genblk2.i_ad_dcfilter.dc_offset_s[25]      2 12.9ms
                                                  u_dut.genblk4.i_tdd.tdd_tx_off_1_s[23]      1 12.8ms
              u_dut.i_tx.i_tx_channel_0.genblk2.i_up_dac_channel.up_dac_iqcor_coeff_1[6]      3 12.8ms
                                            $auto$alumacc.cc:512:replace_alu$17858.Y[13]      1 12.7ms
                                      u_dut.i_rx.i_up_adc_common.i_clock_mon.d_count[32]     34 12.7ms
                                           $abc$121031$auto$rtlil.cc:3501:NotGate$120390      1 12.7ms
        $abc$121031$flatten\u_dut.\i_rx.\i_rx_channel_0.\genblk2.i_up_adc_channel.$logic_and$library/common/up_adc_channel.v:353$5166_Y      8 12.7ms
                         u_dut.i_rx.i_rx_channel_3.genblk2.i_ad_dcfilter.dc_offset_s[22]      2 12.5ms
                                           $abc$121031$auto$rtlil.cc:3501:NotGate$118262      1 12.5ms
                                                                                 lfsr[5]      9 12.3ms
        $abc$121031$flatten\u_dut.\i_rx.\i_rx_channel_0.\genblk2.i_up_adc_channel.$logic_and$library/common/up_adc_channel.v:203$5132_Y      9 12.3ms
        u_dut.i_tx.i_tx_channel_2.genblk2.i_dds.genblk1.dds_phase[1].i_dds_2.i_dds_1_1.genblk1.i_dds_sine.z_s[8][12]     28 12.3ms
                                           $abc$121031$auto$rtlil.cc:3501:NotGate$113582      1 12.3ms
                                                            u_dut.i_rx.up_rdata_s[3][12]      1 12.2ms
                              u_dut.i_rx.i_rx_channel_0.genblk2.i_ad_dcfilter.data_d[14]      4 12.1ms
                                                                           o_dac_r1_mode     26 12.1ms
        u_dut.i_tx.i_tx_channel_0.genblk2.i_dds.genblk1.dds_phase[1].i_dds_2.i_dds_1_1.genblk1.i_dds_sine.rotation[8].pipe.dir_inv     13 12.0ms
        u_dut.i_tx.i_tx_channel_1.genblk2.i_dds.genblk1.dds_phase[1].i_dds_2.i_dds_1_0.genblk1.i_dds_sine.rotation[11].pipe.dir_inv      2 11.9ms
                                                                                lfsr[15]      9 11.8ms
                                $abc$121031$auto$blifparse.cc:557:parse_blif$124723.A[0]     17 11.8ms
        $abc$121031$flatten\u_dut.\i_tx.\i_tx_channel_0.\genblk2.i_up_dac_channel.$logic_and$library/common/up_dac_channel.v:217$7412_Y     16 11.7ms
        u_dut.i_tx.i_tx_channel_1.genblk2.i_dds.genblk1.dds_phase[1].i_dds_2.i_dds_1_1.genblk1.i_dds_sine.x_s[2][2]      2 11.7ms
                  $techmap165268$abc$121031$auto$blifparse.cc:557:parse_blif$129487.A[4]      1 11.7ms
        u_dut.i_tx.i_tx_channel_1.genblk2.i_dds.genblk1.dds_phase[1].i_dds_2.i_dds_1_0.s1_data_s[18]      1 11.7ms
        u_dut.i_tx.i_tx_channel_0.genblk2.i_dds.genblk1.dds_phase[1].i_dds_2.i_dds_1_1.genblk1.i_dds_sine.z_s[9][12]     26 11.6ms
        u_dut.i_tx.i_tx_channel_1.genblk2.i_dds.genblk1.dds_phase[1].i_dds_2.i_dds_1_0.genblk1.i_dds_sine.z_s[10][12]     23 11.6ms
                                                     u_dut.genblk4.i_tdd.tdd_secondary_s     12 11.6ms
                                           $abc$121031$auto$rtlil.cc:3501:NotGate$113660      1 11.6ms
                                           $abc$121031$auto$rtlil.cc:3501:NotGate$119156      1 11.5ms
                                                 u_dut.i_tx.i_tx_channel_0.dac_valid_sel     38 11.5ms
        u_dut.i_tx.i_tx_channel_3.genblk2.i_dds.genblk1.dds_phase[1].i_dds_2.i_dds_1_1.genblk1.i_dds_sine.z0[12]     25 11.5ms
           $abc$121031$flatten\u_dut.\i_tx.\i_tx_channel_3.$0\dac_data_out_int[11:0][10]      3 11.4ms
                                                   u_dut.genblk4.i_tdd.tdd_rx_off_2_s[9]      1 11.4ms
                                                                                lfsr[10]     10 11.4ms
        u_dut.i_tx.i_tx_channel_1.genblk2.i_dds.genblk1.dds_phase[1].i_dds_2.i_dds_1_1.genblk1.i_dds_sine.z_s[7][12]     30 11.4ms
                                           $abc$121031$auto$rtlil.cc:3501:NotGate$114704      1 11.4ms
                                                   u_dut.genblk4.i_tdd.tdd_rx_on_1_s[16]      1 11.4ms
        u_dut.i_tx.i_tx_channel_0.genblk2.i_dds.genblk1.dds_phase[1].i_dds_2.i_dds_1_1.genblk1.i_dds_sine.z_s[8][12]     28 11.4ms
             u_dut.i_tx.i_tx_channel_3.genblk2.i_up_dac_channel.up_dac_iqcor_coeff_1[15]     17 11.4ms
                                    u_dut.genblk4.i_tdd.i_up_tdd_cntrl.up_tdd_rx_on_2[0]      2 11.3ms
                                           $abc$121031$auto$rtlil.cc:3501:NotGate$106924      1 11.3ms
                               u_dut.i_rx.i_rx_channel_0.genblk2.i_ad_dcfilter.data_d[4]      4 11.3ms
        u_dut.i_tx.i_tx_channel_3.genblk2.i_dds.genblk1.dds_phase[1].i_dds_2.i_dds_1_1.genblk1.i_dds_sine.z_s[5][12]     35 11.2ms
                                            $auto$alumacc.cc:512:replace_alu$18911.Y[11]      1 11.2ms
                                $abc$121031$auto$blifparse.cc:557:parse_blif$124327.A[2]     30 11.2ms
                                             $auto$alumacc.cc:512:replace_alu$18206.Y[4]      1 11.2ms
                                           $abc$121031$auto$rtlil.cc:3501:NotGate$112880      1 11.1ms
                              u_dut.i_rx.i_rx_channel_3.genblk2.i_ad_dcfilter.data_d[14]      4 11.1ms
        u_dut.i_tx.i_tx_channel_0.genblk2.i_dds.genblk1.dds_phase[1].i_dds_2.i_dds_1_0.genblk1.i_dds_sine.rotation[1].pipe.dir_inv      9 11.1ms
        u_dut.i_tx.i_tx_channel_0.genblk2.i_dds.genblk1.dds_phase[1].i_dds_2.i_dds_1_0.genblk1.i_dds_sine.z_s[7][12]     30 11.1ms
        u_dut.i_tx.i_tx_channel_3.genblk2.i_dds.genblk1.dds_phase[1].i_dds_2.i_dds_1_0.genblk1.i_dds_sine.z_s[7][12]     30 11.0ms
                            u_dut.i_rx.i_rx_channel_1.genblk2.i_rx_pnmon.adc_pn1_valid_t     20 11.0ms
               u_dut.i_tx.i_tx_channel_2.genblk2.i_up_dac_channel.up_dac_dds_scale_1[15]     17 11.0ms
        u_dut.i_tx.i_tx_channel_3.genblk2.i_dds.genblk1.dds_phase[1].i_dds_2.i_dds_1_0.genblk1.i_dds_sine.z_s[3][12]     39 11.0ms
                         u_dut.i_rx.i_rx_channel_1.genblk2.i_ad_dcfilter.dc_offset_s[37]      1 11.0ms
                                u_dut.genblk4.i_tdd.i_up_tdd_cntrl.up_tdd_burst_count[5]      2 10.9ms
        u_dut.i_tx.i_tx_channel_0.genblk2.i_dds.genblk1.dds_phase[1].i_dds_2.i_dds_1_0.genblk1.i_dds_sine.z0[12]     25 10.9ms
                                   u_dut.i_rx.i_up_adc_common.i_clock_mon.d_count_run_m2     34 10.9ms
                  $techmap162378$abc$121031$auto$blifparse.cc:557:parse_blif$126553.A[1]     16 10.9ms
                         u_dut.i_rx.i_rx_channel_2.genblk2.i_ad_dcfilter.dc_offset_s[45]      1 10.8ms
                  $techmap157698$abc$121031$auto$blifparse.cc:557:parse_blif$121558.A[2]     28 10.8ms
                                            $auto$alumacc.cc:512:replace_alu$18818.Y[12]      1 10.8ms
                  $techmap157724$abc$121031$auto$blifparse.cc:557:parse_blif$121589.A[1]     15 10.8ms
                                             u_dut.i_tx.i_tx_channel_1.dac_data_sel_s[0]     26 10.7ms
                         u_dut.i_rx.i_rx_channel_1.genblk2.i_ad_dcfilter.dc_offset_s[27]      2 10.7ms
             u_dut.i_rx.i_rx_channel_1.genblk2.i_up_adc_channel.up_adc_dcfilt_offset[13]      2 10.7ms
                                             $auto$alumacc.cc:512:replace_alu$18311.Y[5]      1 10.6ms
        u_dut.i_tx.i_tx_channel_2.genblk2.i_dds.genblk1.dds_phase[1].i_dds_2.i_dds_1_0.genblk1.i_dds_sine.z_s[5][12]     35 10.6ms
        u_dut.i_tx.i_tx_channel_3.genblk2.i_dds.genblk1.dds_phase[1].i_dds_2.i_dds_1_0.genblk1.i_dds_sine.x_s[4][6]      2 10.6ms
                              u_dut.i_rx.i_rx_channel_0.genblk2.i_ad_dcfilter.data_d[13]      4 10.6ms
        $abc$121031$flatten\u_dut.\i_rx.\i_rx_channel_2.\genblk2.i_up_adc_channel.$logic_and$library/common/up_adc_channel.v:203$8286_Y      9 10.6ms
                            u_dut.i_rx.i_rx_channel_2.genblk2.i_rx_pnmon.adc_pn1_valid_t     25 10.5ms
                                           $abc$121031$auto$rtlil.cc:3501:NotGate$109278      1 10.5ms
        u_dut.i_tx.i_tx_channel_3.genblk2.i_dds.genblk1.dds_phase[1].i_dds_2.i_dds_1_1.genblk1.i_dds_sine.z_s[6][12]     32 10.5ms
                                             $auto$alumacc.cc:512:replace_alu$18653.Y[1]      1 10.5ms
                  $techmap157438$abc$121031$auto$blifparse.cc:557:parse_blif$121293.A[0]      8 10.4ms
        u_dut.i_tx.i_tx_channel_0.genblk2.i_dds.genblk1.dds_phase[1].i_dds_2.i_dds_1_1.genblk1.i_dds_sine.z_s[6][12]     32 10.4ms
                   u_dut.i_tx.i_tx_channel_2.genblk2.i_dds.genblk1.dac_dds_phase_1[1][5]      3 10.3ms
                                                            u_dut.i_tx.up_rdata_s[1][28]      1 10.2ms
                  $techmap161925$abc$121031$auto$blifparse.cc:557:parse_blif$126087.A[0]     24 10.2ms
                                           $abc$121031$auto$rtlil.cc:3501:NotGate$114232      1 10.2ms
             u_dut.i_rx.i_rx_channel_0.genblk2.i_up_adc_channel.up_adc_iqcor_coeff_1[15]     17 10.2ms
        u_dut.i_tx.i_tx_channel_0.genblk2.i_dds.genblk1.dds_phase[1].i_dds_2.i_dds_1_1.genblk1.i_dds_sine.z_s[4][12]     37 10.2ms
                              u_dut.i_rx.i_rx_channel_3.genblk2.i_ad_dcfilter.data_d[12]      4 10.1ms
                                             $auto$alumacc.cc:512:replace_alu$18434.Y[5]      1 10.1ms
                         u_dut.i_rx.i_rx_channel_0.genblk2.i_ad_dcfilter.dc_offset_s[21]      2 10.1ms
                                                   u_dut.genblk4.i_tdd.tdd_rx_on_2_s[14]      1 10.0ms
                                                                                lfsr[13]      9 10.0ms
                                                                                 lfsr[7]      9 10.0ms
             u_dut.i_tx.i_tx_channel_1.genblk2.i_up_dac_channel.up_dac_iqcor_coeff_2[15]     17 10.0ms
        u_dut.i_tx.i_tx_channel_1.genblk2.i_dds.genblk1.dds_phase[1].i_dds_2.i_dds_1_0.genblk1.i_dds_sine.z_s[6][12]     32 10.0ms
                          u_dut.i_rx.i_rx_channel_0.genblk2.i_ad_dcfilter.dc_offset_s[5]      1 9.9ms
        u_dut.i_tx.i_tx_channel_1.genblk2.i_dds.genblk1.dds_phase[1].i_dds_2.i_dds_1_1.genblk1.i_dds_sine.z0[12]     25 9.9ms
                            u_dut.i_rx.i_rx_channel_0.genblk2.i_rx_pnmon.adc_pn1_valid_s     29 9.9ms
                                             $auto$alumacc.cc:512:replace_alu$18161.A[0]      8 9.9ms
        u_dut.i_tx.i_tx_channel_2.genblk2.i_dds.genblk1.dds_phase[1].i_dds_2.i_dds_1_1.genblk1.i_dds_sine.z_s[4][12]     37 9.8ms
        u_dut.i_tx.i_tx_channel_0.genblk2.i_dds.genblk1.dds_phase[1].i_dds_2.i_dds_1_1.genblk1.i_dds_sine.z_s[5][12]     35 9.8ms
                                                                u_dut.i_up_axi.up_wack_s      8 9.8ms
        u_dut.i_tx.i_tx_channel_3.genblk2.i_dds.genblk1.dds_phase[1].i_dds_2.i_dds_1_0.genblk1.i_dds_sine.z_s[6][12]     32 9.8ms
        u_dut.i_rx.i_rx_channel_2.genblk2.i_up_adc_channel.i_xfer_cntrl.up_xfer_data[36]      1 9.8ms
                         u_dut.i_rx.i_rx_channel_0.genblk2.i_ad_dcfilter.dc_offset_s[16]      1 9.8ms
                                           $abc$121031$auto$rtlil.cc:3501:NotGate$119820      1 9.7ms
                                    $abc$121031$auto$opt_dff.cc:360:combine_resets$16495     33 9.7ms
                              u_dut.i_rx.i_rx_channel_1.genblk2.i_ad_dcfilter.data_d[10]      4 9.7ms
        u_dut.i_tx.i_tx_channel_2.genblk2.i_dds.genblk1.dds_phase[1].i_dds_2.i_dds_1_0.genblk1.i_dds_sine.z0[12]     25 9.7ms
                  $techmap165028$abc$121031$auto$blifparse.cc:557:parse_blif$129260.A[1]     14 9.6ms
                                   $abc$121031$auto$opt_dff.cc:360:combine_resets$105668      2 9.6ms
                                               u_dut.i_rx.i_rx_channel_0.adc_iqcor_enb_s     16 9.5ms
                                            $auto$alumacc.cc:512:replace_alu$18215.Y[13]      1 9.5ms
        u_dut.i_tx.i_tx_channel_3.genblk2.i_dds.genblk1.dds_phase[1].i_dds_2.i_dds_1_0.genblk1.i_dds_sine.z_s[9][12]     26 9.5ms
                         u_dut.i_rx.i_rx_channel_0.genblk2.i_ad_dcfilter.dc_offset_s[36]      1 9.5ms
                                                                  u_dut.i_up_axi.up_rsel     16 9.4ms
                                                                    u_dut.adc_data_s[38]      5 9.4ms
        u_dut.i_tx.i_tx_channel_2.genblk2.i_dds.genblk1.dds_phase[1].i_dds_2.i_dds_1_1.genblk1.i_dds_sine.rotation[2].pipe.dir_inv      8 9.4ms
        u_dut.i_tx.i_tx_channel_2.genblk2.i_dds.genblk1.dds_phase[1].i_dds_2.i_dds_1_1.genblk1.i_dds_sine.z_s[3][12]     39 9.4ms
        u_dut.i_tx.i_tx_channel_3.genblk2.i_dds.genblk1.dds_phase[1].i_dds_2.i_dds_1_0.genblk1.i_dds_sine.z_s[11][12]     21 9.4ms
        u_dut.i_tx.i_tx_channel_1.genblk2.i_dds.genblk1.dds_phase[1].i_dds_2.i_dds_1_0.genblk1.i_dds_sine.rotation[1].pipe.dir_inv      9 9.4ms
        u_dut.i_tx.i_tx_channel_0.genblk2.i_dds.genblk1.dds_phase[1].i_dds_2.i_dds_1_0.genblk1.i_dds_sine.z_s[9][12]     26 9.4ms
                                                  u_dut.genblk4.i_tdd.tdd_tx_off_1_s[12]      1 9.4ms
                                  u_dut.genblk4.i_tdd.i_tdd_control.tdd_tx_dp_on_2_s[14]      1 9.4ms
                                           $abc$121031$auto$rtlil.cc:3501:NotGate$113430      1 9.4ms
        u_dut.i_tx.i_tx_channel_0.genblk2.i_dds.genblk1.dds_phase[1].i_dds_2.i_dds_1_0.genblk1.i_dds_sine.z_s[6][12]     32 9.4ms
                                           $abc$121031$auto$rtlil.cc:3501:NotGate$119262      1 9.3ms
        u_dut.i_tx.i_tx_channel_1.genblk2.i_dds.genblk1.dds_phase[1].i_dds_2.i_dds_1_0.genblk1.i_dds_sine.z_s[8][12]     28 9.3ms
                  $techmap165069$abc$121031$auto$blifparse.cc:557:parse_blif$129302.A[2]     12 9.3ms
                                           $abc$121031$auto$rtlil.cc:3501:NotGate$109268      1 9.3ms
                                                                     u_dut.adc_data_s[5]      6 9.3ms
                  $techmap158088$abc$121031$auto$blifparse.cc:557:parse_blif$121970.A[0]      8 9.3ms
                                           $abc$121031$auto$rtlil.cc:3501:NotGate$109424      1 9.3ms
                                                                                 lfsr[6]      9 9.2ms
                                             $auto$alumacc.cc:512:replace_alu$18311.Y[4]      1 9.2ms
                  $techmap158902$abc$121031$auto$blifparse.cc:557:parse_blif$122814.A[2]     12 9.2ms
        u_dut.i_tx.i_tx_channel_0.genblk2.i_dds.genblk1.dds_phase[1].i_dds_2.i_dds_1_1.genblk1.i_dds_sine.rotation[0].pipe.dir_inv     14 9.2ms
                  $techmap162784$abc$121031$auto$blifparse.cc:557:parse_blif$127007.A[0]     32 9.2ms
        u_dut.i_tx.i_tx_channel_3.genblk2.i_dds.genblk1.dds_phase[1].i_dds_2.i_dds_1_1.genblk1.i_dds_sine.z_s[11][12]     21 9.2ms
                                           $abc$121031$auto$rtlil.cc:3501:NotGate$109524      1 9.2ms
                                            $auto$alumacc.cc:512:replace_alu$18056.Y[12]      1 9.1ms
                              u_dut.i_rx.i_rx_channel_2.genblk2.i_ad_dcfilter.data_d[13]      4 9.1ms
             u_dut.i_tx.i_tx_channel_2.genblk2.i_up_dac_channel.up_dac_iqcor_coeff_2[15]     17 9.1ms
                  $techmap157718$abc$121031$auto$blifparse.cc:557:parse_blif$121583.A[1]     12 9.1ms
                  $techmap157721$abc$121031$auto$blifparse.cc:557:parse_blif$121586.A[1]     12 9.1ms
        $abc$121031$flatten\u_dut.\i_rx.\i_rx_channel_3.\genblk2.i_ad_dcfilter.$0\data_int[15:0][15]     31 9.1ms
        u_dut.i_tx.i_tx_channel_2.genblk2.i_dds.genblk1.dds_phase[1].i_dds_2.i_dds_1_1.genblk1.i_dds_sine.z_s[5][12]     35 9.0ms
        u_dut.i_tx.i_tx_channel_3.genblk2.i_dds.genblk1.dds_phase[1].i_dds_2.i_dds_1_1.genblk1.i_dds_sine.z_s[8][12]     28 9.0ms
        u_dut.i_tx.i_tx_channel_3.genblk2.i_dds.genblk1.dds_phase[1].i_dds_2.i_dds_1_0.genblk1.i_dds_sine.z_s[4][12]     37 9.0ms
                        u_dut.i_rx.i_rx_channel_3.genblk2.i_up_adc_channel.up_adc_lb_enb      3 9.0ms
                                                                   o_up_dac_gpio_out[30]      5 9.0ms
        u_dut.i_tx.i_tx_channel_1.genblk2.i_dds.genblk1.dds_phase[1].i_dds_2.i_dds_1_0.genblk1.i_dds_sine.z0[12]     25 8.9ms
                                                u_dut.i_tx.i_tx_channel_3.dac_pn_data[9]      1 8.9ms
                                             $auto$alumacc.cc:512:replace_alu$18893.Y[3]      1 8.9ms
                                                                                 lfsr[2]      5 8.9ms
                                           $abc$121031$auto$rtlil.cc:3501:NotGate$110820      1 8.8ms
                  $techmap157715$abc$121031$auto$blifparse.cc:557:parse_blif$121579.A[1]      8 8.8ms
             u_dut.i_tx.i_tx_channel_3.genblk2.i_up_dac_channel.up_dac_iqcor_coeff_2[15]     17 8.8ms
        u_dut.i_tx.i_tx_channel_2.genblk2.i_dds.genblk1.dds_phase[1].i_dds_2.i_dds_1_0.genblk1.i_dds_sine.z_s[3][12]     39 8.8ms
        u_dut.i_tx.i_tx_channel_0.genblk2.i_dds.genblk1.dds_phase[1].i_dds_2.i_dds_1_1.genblk1.i_dds_sine.z_s[11][12]     21 8.8ms
        u_dut.i_tx.i_tx_channel_1.genblk2.i_dds.genblk1.dds_phase[1].i_dds_2.i_dds_1_0.genblk1.i_dds_sine.z_s[4][12]     37 8.8ms
                                             $auto$alumacc.cc:512:replace_alu$18875.Y[0]      1 8.7ms
                              u_dut.i_rx.i_rx_channel_3.genblk2.i_ad_dcfilter.data_d[10]      4 8.7ms
                                           $abc$121031$auto$rtlil.cc:3501:NotGate$106928      1 8.7ms
        $abc$121031$flatten\u_dut.\i_rx.\i_rx_channel_0.\genblk2.i_ad_dcfilter.$0\data_int[15:0][4]      3 8.7ms
                                             $auto$alumacc.cc:512:replace_alu$17831.Y[7]      1 8.7ms
        u_dut.i_tx.i_tx_channel_1.genblk2.i_dds.genblk1.dds_phase[1].i_dds_2.i_dds_1_0.genblk1.i_dds_sine.rotation[7].pipe.dir_inv     13 8.7ms
                                             u_dut.i_tx.i_tx_channel_0.dac_data_sel_s[0]     26 8.6ms
        $abc$121031$flatten\u_dut.\i_rx.\i_rx_channel_3.\genblk2.i_up_adc_channel.$logic_and$library/common/up_adc_channel.v:353$8569_Y      8 8.6ms
                                           $abc$121031$auto$rtlil.cc:3501:NotGate$111684      1 8.6ms
        u_dut.i_tx.i_tx_channel_3.genblk2.i_dds.genblk1.dds_phase[1].i_dds_2.i_dds_1_1.genblk1.i_dds_sine.z_s[9][12]     26 8.6ms
        u_dut.i_tx.i_tx_channel_3.genblk2.i_dds.genblk1.dds_phase[1].i_dds_2.i_dds_1_0.genblk1.i_dds_sine.z_s[5][12]     35 8.5ms
                 u_dut.i_tx.i_tx_channel_2.genblk2.i_ad_iqcor.g_loop[0].p1_data_p_q_s[6]      1 8.5ms
                                                                                 lfsr[4]      9 8.5ms
                  $techmap161869$abc$121031$auto$blifparse.cc:557:parse_blif$126029.A[2]     17 8.5ms
                                           $abc$121031$auto$rtlil.cc:3501:NotGate$115132      1 8.4ms
                  $techmap158724$abc$121031$auto$blifparse.cc:557:parse_blif$122621.A[2]     12 8.4ms
                  $techmap158837$abc$121031$auto$blifparse.cc:557:parse_blif$122750.A[0]      6 8.4ms
        u_dut.i_tx.i_tx_channel_1.genblk2.i_dds.genblk1.dds_phase[1].i_dds_2.i_dds_1_1.genblk1.i_dds_sine.z_s[5][12]     35 8.4ms
        u_dut.i_tx.i_tx_channel_3.genblk2.i_dds.genblk1.dds_phase[1].i_dds_2.i_dds_1_0.genblk1.i_dds_sine.rotation[5].pipe.dir_inv     12 8.4ms
                  $techmap165067$abc$121031$auto$blifparse.cc:557:parse_blif$129300.A[1]      6 8.4ms
             u_dut.i_rx.i_rx_channel_2.genblk2.i_up_adc_channel.up_adc_iqcor_coeff_2[15]     17 8.4ms
                                           $abc$121031$auto$rtlil.cc:3501:NotGate$110744      1 8.3ms
        u_dut.i_tx.i_tx_channel_2.genblk2.i_up_dac_channel.i_xfer_cntrl.up_xfer_data[125]      1 8.3ms
                                             $auto$alumacc.cc:512:replace_alu$18506.Y[8]      1 8.3ms
                                             $auto$alumacc.cc:512:replace_alu$18572.Y[6]      1 8.3ms
                   u_dut.i_tx.i_tx_channel_0.genblk2.i_dds.genblk1.dac_dds_phase_1[1][4]      3 8.3ms
                  $techmap157440$abc$121031$auto$blifparse.cc:557:parse_blif$121299.A[1]      8 8.2ms
        u_dut.i_tx.i_tx_channel_2.genblk2.i_dds.genblk1.dds_phase[1].i_dds_2.i_dds_1_0.genblk1.i_dds_sine.rotation[6].pipe.dir_inv     13 8.2ms
                                           $abc$121031$auto$rtlil.cc:3501:NotGate$116798      1 8.2ms
        u_dut.i_rx.i_rx_channel_3.genblk2.i_up_adc_channel.i_xfer_cntrl.up_xfer_data[22]      1 8.2ms
        u_dut.i_tx.i_tx_channel_0.genblk2.i_dds.genblk1.dds_phase[1].i_dds_2.i_dds_1_1.genblk1.i_dds_sine.z_s[7][12]     30 8.2ms
        u_dut.i_tx.i_tx_channel_3.genblk2.i_dds.genblk1.dds_phase[1].i_dds_2.i_dds_1_1.genblk1.i_dds_sine.z_s[10][12]     23 8.2ms
        u_dut.i_tx.i_tx_channel_2.genblk2.i_dds.genblk1.dds_phase[1].i_dds_2.i_dds_1_0.genblk1.i_dds_sine.rotation[5].pipe.dir_inv     12 8.2ms
               u_dut.i_tx.i_tx_channel_1.genblk2.i_up_dac_channel.up_dac_dds_scale_2[15]     17 8.1ms
                  $techmap157698$abc$121031$auto$blifparse.cc:557:parse_blif$121558.A[0]      8 8.1ms
                                                                     u_dut.adc_data_s[7]      6 8.1ms
                  $techmap158057$abc$121031$auto$blifparse.cc:557:parse_blif$121938.A[3]     10 8.1ms
                                            $auto$alumacc.cc:512:replace_alu$18782.Y[11]      1 8.1ms
                                           $abc$121031$auto$rtlil.cc:3501:NotGate$113702      1 8.1ms
                                $abc$121031$auto$blifparse.cc:557:parse_blif$124348.A[2]     17 8.1ms
                                             $auto$alumacc.cc:512:replace_alu$18491.Y[2]      1 8.1ms
              u_dut.i_rx.i_rx_channel_2.genblk2.i_up_adc_channel.up_adc_iqcor_coeff_1[8]      3 8.1ms
                                            $auto$alumacc.cc:512:replace_alu$17837.Y[26]      1 8.1ms
        u_dut.i_tx.i_tx_channel_2.genblk2.i_dds.genblk1.dds_phase[1].i_dds_2.i_dds_1_0.s1_data_s[17]      1 8.1ms
        u_dut.i_tx.i_tx_channel_3.genblk2.i_up_dac_channel.i_xfer_cntrl.up_xfer_data[34]      1 8.0ms
                                           $abc$121031$auto$rtlil.cc:3501:NotGate$113724      1 8.0ms
                                            $auto$alumacc.cc:512:replace_alu$17807.Y[13]      1 8.0ms
        u_dut.i_tx.i_tx_channel_2.genblk2.i_dds.genblk1.dds_phase[1].i_dds_2.i_dds_1_0.genblk1.i_dds_sine.z_s[10][12]     23 8.0ms
                              u_dut.i_rx.i_rx_channel_3.genblk2.i_ad_dcfilter.data_d[13]      4 8.0ms
        u_dut.i_tx.i_tx_channel_3.genblk2.i_dds.genblk1.dds_phase[1].i_dds_2.i_dds_1_1.genblk1.i_dds_sine.rotation[11].pipe.dir_inv      2 8.0ms
                         u_dut.i_rx.i_rx_channel_2.genblk2.i_rx_pnmon.adc_pn0_data_in[4]      6 8.0ms
        $abc$121031$flatten\u_dut.\i_tx.\i_tx_channel_3.\genblk2.i_up_dac_channel.$logic_and$library/common/up_dac_channel.v:286$7859_Y      4 8.0ms
        u_dut.i_tx.i_tx_channel_1.genblk2.i_dds.genblk1.dds_phase[1].i_dds_2.i_dds_1_1.genblk1.i_dds_sine.z_s[10][12]     23 8.0ms
        u_dut.i_tx.i_tx_channel_3.genblk2.i_dds.genblk1.dds_phase[1].i_dds_2.i_dds_1_1.genblk1.i_dds_sine.rotation[2].pipe.dir_inv      8 8.0ms
                  $techmap158146$abc$121031$auto$blifparse.cc:557:parse_blif$122031.A[0]     10 8.0ms
               u_dut.i_tx.i_tx_channel_0.genblk2.i_up_dac_channel.up_dac_dds_scale_2[15]     17 8.0ms
                                                                                lfsr[24]      4 8.0ms
        u_dut.i_tx.i_tx_channel_3.genblk2.i_dds.genblk1.dds_phase[1].i_dds_2.i_dds_1_1.genblk1.i_dds_sine.x_s[3][6]      3 7.9ms
                                                                     u_dut.adc_data_s[6]      6 7.9ms
                                                                    u_dut.adc_data_s[17]      5 7.9ms
        u_dut.i_tx.i_tx_channel_1.genblk2.i_dds.genblk1.dds_phase[1].i_dds_2.i_dds_1_0.genblk1.i_dds_sine.rotation[5].pipe.dir_inv     12 7.9ms
        u_dut.i_tx.i_tx_channel_1.genblk2.i_dds.genblk1.dds_phase[1].i_dds_2.i_dds_1_0.genblk1.i_dds_sine.rotation[8].pipe.dir_inv     13 7.9ms
                                           $abc$121031$auto$rtlil.cc:3501:NotGate$119532      1 7.9ms
                                           $abc$121031$auto$rtlil.cc:3501:NotGate$109710      1 7.9ms
                                                                                lfsr[22]      5 7.9ms
             u_dut.i_rx.i_rx_channel_3.genblk2.i_up_adc_channel.up_adc_iqcor_coeff_2[15]     17 7.9ms
             u_dut.i_rx.i_rx_channel_2.genblk2.i_up_adc_channel.up_adc_iqcor_coeff_1[15]     17 7.9ms
                                                                    u_dut.adc_data_s[27]      6 7.9ms
                              u_dut.i_rx.i_rx_channel_2.genblk2.i_ad_dcfilter.data_d[14]      4 7.9ms
                                           $abc$121031$auto$rtlil.cc:3501:NotGate$119178      1 7.8ms
         $abc$121031$flatten\u_dut.\genblk4.i_tdd.\i_tdd_control.$0\tdd_counter[23:0][1]      1 7.8ms
                                             u_dut.i_tx.i_tx_channel_0.dac_data_sel_s[1]     14 7.8ms
                                           $abc$121031$auto$rtlil.cc:3501:NotGate$118492      1 7.8ms
                                             $auto$alumacc.cc:512:replace_alu$18905.Y[0]      1 7.8ms
                                                                    u_dut.adc_data_s[12]      5 7.8ms
                                             u_dut.i_tx.i_tx_channel_3.dac_data_sel_s[0]     21 7.8ms
             u_dut.i_rx.i_rx_channel_1.genblk2.i_up_adc_channel.up_adc_iqcor_coeff_1[13]      3 7.8ms
                            u_dut.i_rx.i_rx_channel_0.genblk2.i_rx_pnmon.adc_pn1_valid_t     22 7.8ms
                                                                    u_dut.adc_data_s[46]      5 7.8ms
        u_dut.i_tx.i_tx_channel_2.genblk2.i_dds.genblk1.dds_phase[1].i_dds_2.i_dds_1_1.genblk1.i_dds_sine.rotation[4].pipe.dir_inv     12 7.8ms
                                           $abc$121031$auto$rtlil.cc:3501:NotGate$113674      1 7.8ms
                                 u_dut.genblk4.i_tdd.i_up_tdd_cntrl.up_tdd_tx_dp_on_2[6]      2 7.8ms
                                                                        u_dut.tdd_mode_s      8 7.8ms
                                                                    u_dut.adc_data_s[47]      5 7.8ms
                                             $auto$alumacc.cc:512:replace_alu$17831.Y[6]      1 7.7ms
        u_dut.i_tx.i_tx_channel_0.genblk2.i_dds.genblk1.dds_phase[1].i_dds_2.i_dds_1_0.genblk1.i_dds_sine.z_s[4][12]     37 7.7ms
        u_dut.i_tx.i_tx_channel_3.genblk2.i_dds.genblk1.dds_phase[1].i_dds_2.i_dds_1_1.genblk1.i_dds_sine.rotation[8].pipe.dir_inv     13 7.7ms
        u_dut.i_tx.i_tx_channel_3.genblk2.i_dds.genblk1.dds_phase[1].i_dds_2.i_dds_1_1.genblk1.i_dds_sine.x_s[3][12]      3 7.7ms
                                           $abc$121031$auto$rtlil.cc:3501:NotGate$120514      1 7.7ms
                                           $abc$121031$auto$rtlil.cc:3501:NotGate$106780      1 7.7ms
        u_dut.i_tx.i_tx_channel_1.genblk2.i_dds.genblk1.dds_phase[1].i_dds_2.i_dds_1_0.genblk1.i_dds_sine.z_s[5][12]     35 7.6ms
        u_dut.i_tx.i_tx_channel_3.genblk2.i_dds.genblk1.dds_phase[1].i_dds_2.i_dds_1_1.genblk1.i_dds_sine.rotation[0].pipe.dir_inv     14 7.6ms
        u_dut.i_tx.i_tx_channel_2.genblk2.i_dds.genblk1.dds_phase[1].i_dds_2.i_dds_1_0.genblk1.i_dds_sine.x_s[11][10]      1 7.6ms
                                              u_dut.genblk4.i_tdd.tdd_vco_rx_off_1_s[13]      1 7.6ms
              u_dut.i_rx.i_rx_channel_1.genblk2.i_up_adc_channel.up_adc_iqcor_coeff_2[4]      3 7.6ms
        u_dut.i_tx.i_tx_channel_0.genblk2.i_dds.genblk1.dds_phase[1].i_dds_2.i_dds_1_1.genblk1.i_dds_sine.z_s[10][12]     23 7.6ms
                   u_dut.i_tx.i_tx_channel_1.genblk2.i_dds.genblk1.dac_dds_phase_1[1][9]      3 7.6ms
                                           $abc$121031$auto$rtlil.cc:3501:NotGate$113658      1 7.6ms
        $abc$121031$flatten\u_dut.\i_rx.\i_rx_channel_2.\genblk2.i_ad_dcfilter.$0\data_int[15:0][12]      3 7.6ms
        u_dut.i_tx.i_tx_channel_2.genblk2.i_dds.genblk1.dds_phase[1].i_dds_2.i_dds_1_0.genblk1.i_dds_sine.rotation[3].pipe.dir_inv     12 7.6ms
                                           $abc$121031$auto$rtlil.cc:3501:NotGate$114270      1 7.6ms
           $abc$121031$flatten\u_dut.\i_tx.\i_tx_channel_3.$0\dac_data_out_int[11:0][11]     15 7.6ms
                                    u_dut.genblk4.i_tdd.i_tdd_control.tdd_tx_off_2_s[22]      2 7.6ms
          $abc$121031$techmap$auto$pmux2shiftx.cc:714:execute$17305.$16\buffer[511:0][5]      1 7.6ms
                               u_dut.i_rx.i_rx_channel_0.genblk2.i_ad_dcfilter.data_d[9]      4 7.5ms
                                             $auto$alumacc.cc:512:replace_alu$18161.Y[8]      1 7.5ms
                                             $auto$alumacc.cc:512:replace_alu$18116.Y[9]      1 7.5ms
        u_dut.i_tx.i_tx_channel_0.genblk2.i_up_dac_channel.i_xfer_cntrl.d_xfer_toggle_m2      2 7.5ms
                         u_dut.i_rx.i_rx_channel_2.genblk2.i_rx_pnmon.adc_pn0_data_in[5]      6 7.5ms
                   u_dut.i_tx.i_tx_channel_2.genblk2.i_dds.genblk1.dac_dds_phase_0[1][9]      3 7.5ms
                  $techmap161081$abc$121031$auto$blifparse.cc:557:parse_blif$125135.A[2]      1 7.5ms
                                             $auto$alumacc.cc:512:replace_alu$18125.Y[6]      1 7.5ms
                                             u_dut.i_tx.i_tx_channel_1.dac_data_sel_s[3]     14 7.5ms
                                           $abc$121031$auto$rtlil.cc:3501:NotGate$108938      1 7.5ms
                                             $auto$alumacc.cc:512:replace_alu$18215.Y[8]      1 7.5ms
        u_dut.genblk4.i_tdd.i_up_tdd_cntrl.i_xfer_tdd_counter_values_rx_1.up_xfer_data[68]      1 7.5ms
                          u_dut.i_rx.i_rx_channel_2.genblk2.i_ad_dcfilter.dc_offset_s[5]      1 7.5ms
        u_dut.i_tx.i_tx_channel_1.genblk2.i_dds.genblk1.dds_phase[1].i_dds_2.i_dds_1_1.genblk1.i_dds_sine.z_s[8][12]     28 7.5ms
                                           $abc$121031$auto$rtlil.cc:3501:NotGate$110360      1 7.5ms
        u_dut.i_tx.i_tx_channel_0.genblk2.i_dds.genblk1.dds_phase[1].i_dds_2.i_dds_1_1.genblk1.i_dds_sine.rotation[1].pipe.dir_inv      9 7.5ms
        u_dut.i_tx.i_tx_channel_1.genblk2.i_dds.genblk1.dds_phase[1].i_dds_2.i_dds_1_0.genblk1.i_dds_sine.rotation[6].pipe.dir_inv     13 7.5ms
        u_dut.i_tx.i_tx_channel_1.genblk2.i_dds.genblk1.dds_phase[1].i_dds_2.i_dds_1_0.genblk1.i_dds_sine.z_s[9][12]     26 7.5ms
                                             $auto$alumacc.cc:512:replace_alu$18116.Y[1]      1 7.4ms
                                                                    u_dut.adc_data_s[24]      6 7.4ms
                                           $abc$121031$auto$rtlil.cc:3501:NotGate$114744      1 7.4ms
        u_dut.genblk4.i_tdd.i_up_tdd_cntrl.i_xfer_tdd_counter_values_tx_1.up_xfer_data[97]      1 7.4ms
        u_dut.i_tx.i_tx_channel_2.genblk2.i_dds.genblk1.dds_phase[1].i_dds_2.i_dds_1_1.genblk1.i_dds_sine.z0[12]     25 7.4ms
                                             $auto$alumacc.cc:512:replace_alu$18056.Y[7]      1 7.4ms
                                           $abc$121031$auto$rtlil.cc:3501:NotGate$117104      1 7.4ms
        u_dut.i_tx.i_tx_channel_0.genblk2.i_dds.genblk1.dds_phase[1].i_dds_2.i_dds_1_1.genblk1.i_dds_sine.rotation[10].pipe.dir_inv      2 7.4ms
                               u_dut.i_rx.i_rx_channel_3.genblk2.i_ad_dcfilter.data_d[6]      4 7.4ms
        $abc$121031$flatten\u_dut.\i_tx.\i_tx_channel_0.\genblk2.i_up_dac_channel.$logic_and$library/common/up_dac_channel.v:266$7432_Y      3 7.4ms
                         u_dut.i_rx.i_rx_channel_0.genblk2.i_ad_dcfilter.dc_offset_s[42]      1 7.3ms
               u_dut.i_rx.i_rx_channel_3.genblk2.i_up_adc_channel.up_adc_dcfilt_coeff[0]      2 7.3ms
                                       u_dut.i_rx.i_up_adc_common.up_adc_config_ctrl[17]      1 7.3ms
                                                                    u_dut.adc_data_s[28]      6 7.3ms
                         u_dut.i_rx.i_rx_channel_2.genblk2.i_ad_dcfilter.dc_offset_s[30]      2 7.3ms
                                                                                lfsr[14]     10 7.3ms
                               $abc$121031$auto$opt_dff.cc:336:make_patterns_logic$16437      9 7.3ms
                                           $abc$121031$auto$rtlil.cc:3501:NotGate$108488      1 7.3ms
                                           $abc$121031$auto$rtlil.cc:3501:NotGate$109576      1 7.3ms
        u_dut.i_tx.i_tx_channel_3.genblk2.i_dds.genblk1.dds_phase[1].i_dds_2.i_dds_1_0.genblk1.i_dds_sine.rotation[8].pipe.dir_inv     13 7.3ms
                                             $auto$alumacc.cc:512:replace_alu$17784.Y[4]      1 7.3ms
                                           $abc$121031$auto$rtlil.cc:3501:NotGate$108672      1 7.2ms
                         u_dut.i_rx.i_rx_channel_1.genblk2.i_ad_dcfilter.dc_offset_s[36]      1 7.2ms
                                  u_dut.genblk4.i_tdd.i_up_tdd_cntrl.up_tdd_rx_off_2[16]      2 7.2ms
        u_dut.genblk4.i_tdd.i_up_tdd_cntrl.i_xfer_tdd_counter_values_tx_1.up_xfer_data[81]      1 7.2ms
        $abc$121031$flatten\u_dut.\i_rx.\i_rx_channel_2.\genblk2.i_ad_dcfilter.$0\data_int[15:0][15]     31 7.2ms
                                                                     u_dut.adc_data_s[0]      6 7.2ms
                                           $abc$121031$auto$rtlil.cc:3501:NotGate$107278      1 7.2ms
                  u_dut.i_tx.i_tx_channel_2.genblk2.i_dds.genblk1.dac_dds_phase_1[1][13]      3 7.2ms
                                                                     u_dut.adc_data_s[1]      6 7.2ms
                                             $auto$alumacc.cc:512:replace_alu$18215.Y[5]      1 7.2ms
                                 $auto$alumacc.cc:512:replace_alu$18254.A[10]$legal$6435      1 7.2ms
                  $techmap157703$abc$121031$auto$blifparse.cc:557:parse_blif$121567.A[1]     12 7.2ms
                                             $auto$alumacc.cc:512:replace_alu$17993.Y[5]      1 7.2ms
        u_dut.i_rx.i_rx_channel_2.genblk2.i_up_adc_channel.i_xfer_cntrl.up_xfer_data[38]      1 7.2ms
                                           $abc$121031$auto$rtlil.cc:3501:NotGate$120914      1 7.2ms
                                           $abc$121031$auto$rtlil.cc:3501:NotGate$116442      1 7.2ms
                                           $abc$121031$auto$rtlil.cc:3501:NotGate$106948      1 7.1ms
               u_dut.i_tx.i_tx_channel_3.genblk2.i_up_dac_channel.up_dac_dds_scale_2[15]     17 7.1ms
                         u_dut.i_rx.i_rx_channel_1.genblk2.i_ad_dcfilter.dc_offset_s[29]      2 7.1ms
                  $techmap165268$abc$121031$auto$blifparse.cc:557:parse_blif$129487.A[2]      1 7.1ms
                                           $abc$121031$auto$rtlil.cc:3501:NotGate$113736      1 7.1ms
                               u_dut.i_rx.i_rx_channel_0.genblk2.i_ad_dcfilter.data_d[6]      4 7.1ms
                                           $abc$121031$auto$rtlil.cc:3501:NotGate$115632      1 7.1ms
                                           $abc$121031$auto$rtlil.cc:3501:NotGate$107584      1 7.1ms
        u_dut.i_tx.i_tx_channel_0.genblk2.i_dds.genblk1.dds_phase[1].i_dds_2.i_dds_1_0.genblk1.i_dds_sine.rotation[4].pipe.dir_inv     12 7.1ms
                                            $auto$alumacc.cc:512:replace_alu$18743.Y[11]      1 7.1ms
            u_dut.i_tx.i_tx_channel_0.genblk2.i_up_dac_channel.up_dac_dds_scale_tc_1[12]      1 7.1ms
          $abc$121031$techmap$auto$pmux2shiftx.cc:714:execute$17319.$16\buffer[511:0][8]      1 7.1ms
        u_dut.i_tx.i_tx_channel_2.genblk2.i_dds.genblk1.dds_phase[1].i_dds_2.i_dds_1_0.genblk1.i_dds_sine.z_s[7][12]     30 7.1ms
                                             u_dut.i_tx.i_tx_channel_2.dac_data_sel_s[0]     26 7.1ms
        $abc$121031$flatten\u_dut.\i_tx.\i_tx_channel_2.\genblk2.i_up_dac_channel.$logic_and$library/common/up_dac_channel.v:286$7690_Y      4 7.1ms
                                             $auto$alumacc.cc:512:replace_alu$18881.Y[0]      1 7.1ms
                  $techmap162376$abc$121031$auto$blifparse.cc:557:parse_blif$126549.A[4]     12 7.0ms
                                             $auto$alumacc.cc:512:replace_alu$18092.Y[5]      1 7.0ms
        u_dut.i_tx.i_tx_channel_2.genblk2.i_dds.genblk1.dds_phase[1].i_dds_2.i_dds_1_1.genblk1.i_dds_sine.z_s[7][12]     30 7.0ms
                                 u_dut.genblk4.i_tdd.i_tdd_control.tdd_vco_tx_on_2_s[21]      1 7.0ms
                                                                    u_dut.adc_data_s[42]      5 7.0ms
                                           $abc$121031$auto$rtlil.cc:3501:NotGate$108186      1 7.0ms
                                             $auto$alumacc.cc:512:replace_alu$18857.Y[9]      1 7.0ms
                                           $abc$121031$auto$rtlil.cc:3501:NotGate$107010      1 7.0ms
                                                                                lfsr[29]      6 7.0ms
        u_dut.genblk4.i_tdd.i_up_tdd_cntrl.i_xfer_tdd_counter_values_tx_2.up_xfer_data[25]      1 7.0ms
        $abc$121031$flatten\u_dut.\i_tx.\i_tx_channel_0.\genblk2.i_up_dac_channel.$logic_and$library/common/up_dac_channel.v:286$7339_Y      4 6.9ms
                 u_dut.i_tx.i_tx_channel_0.genblk2.i_up_dac_channel.up_dac_dds_init_2[0]      2 6.9ms
        u_dut.i_tx.i_tx_channel_1.genblk2.i_up_dac_channel.i_xfer_cntrl.up_xfer_data[217]      1 6.9ms
              u_dut.i_rx.i_rx_channel_1.genblk2.i_up_adc_channel.up_adc_iqcor_coeff_2[1]      3 6.9ms
              u_dut.i_rx.i_rx_channel_1.genblk2.i_up_adc_channel.up_adc_dcfilt_coeff[13]      2 6.9ms
                                           $abc$121031$auto$rtlil.cc:3501:NotGate$106860      1 6.9ms
        u_dut.i_tx.i_tx_channel_1.genblk2.i_dds.genblk1.dds_phase[1].i_dds_2.i_dds_1_1.genblk1.i_dds_sine.z_s[6][6]      1 6.9ms
                                             $auto$alumacc.cc:512:replace_alu$18719.Y[7]      1 6.9ms
        u_dut.i_tx.i_tx_channel_3.genblk2.i_dds.genblk1.dds_phase[1].i_dds_2.i_dds_1_0.genblk1.i_dds_sine.rotation[1].pipe.dir_inv      9 6.9ms
                                           $abc$121031$auto$rtlil.cc:3501:NotGate$117212      1 6.9ms
                                           $abc$121031$auto$rtlil.cc:3501:NotGate$112654      1 6.9ms
        u_dut.i_tx.i_tx_channel_1.genblk2.i_dds.genblk1.dds_phase[1].i_dds_2.i_dds_1_0.genblk1.i_dds_sine.z_s[11][12]     21 6.9ms
                                             u_dut.i_tx.i_tx_channel_1.dac_data_sel_s[1]     14 6.9ms
        u_dut.i_tx.i_tx_channel_2.genblk2.i_dds.genblk1.dds_phase[1].i_dds_2.i_dds_1_0.genblk1.i_dds_sine.z_s[8][12]     28 6.9ms
                               u_dut.i_rx.i_rx_channel_3.genblk2.i_ad_dcfilter.data_d[8]      4 6.9ms
                                             $auto$alumacc.cc:512:replace_alu$18767.Y[3]      1 6.8ms
                                                                    u_dut.adc_data_s[26]      6 6.8ms
                                           $abc$121031$auto$rtlil.cc:3501:NotGate$108498      1 6.8ms
        u_dut.i_tx.i_tx_channel_3.genblk2.i_dds.genblk1.dds_phase[1].i_dds_2.i_dds_1_0.genblk1.i_dds_sine.rotation[0].pipe.dir_inv     14 6.8ms
                  $techmap158549$abc$121031$auto$blifparse.cc:557:parse_blif$122438.A[3]      1 6.8ms
        u_dut.i_tx.i_tx_channel_1.genblk2.i_dds.genblk1.dds_phase[1].i_dds_2.i_dds_1_0.genblk1.i_dds_sine.z_s[7][12]     30 6.8ms
                               u_dut.i_rx.i_rx_channel_2.genblk2.i_ad_dcfilter.data_d[7]      4 6.8ms
        u_dut.i_tx.i_tx_channel_3.genblk2.i_dds.genblk1.dds_phase[1].i_dds_2.i_dds_1_0.genblk1.i_dds_sine.rotation[7].pipe.dir_inv     13 6.8ms
                  $techmap157700$abc$121031$auto$blifparse.cc:557:parse_blif$121565.A[3]     14 6.8ms
                                            $auto$alumacc.cc:512:replace_alu$17855.Y[10]      1 6.8ms
        u_dut.i_tx.i_tx_channel_3.genblk2.i_dds.genblk1.dds_phase[1].i_dds_2.i_dds_1_1.genblk1.i_dds_sine.z_s[7][12]     30 6.8ms
                         u_dut.i_rx.i_rx_channel_0.genblk2.i_ad_dcfilter.dc_offset_s[10]      1 6.8ms
                  $techmap165268$abc$121031$auto$blifparse.cc:557:parse_blif$129487.A[0]      1 6.8ms
                                                                    u_dut.up_raddr_s[13]      5 6.8ms
                          u_dut.i_rx.i_rx_channel_1.genblk2.i_ad_dcfilter.dc_offset_s[3]      1 6.8ms
                                           $abc$121031$auto$rtlil.cc:3501:NotGate$108226      1 6.7ms
                                u_dut.genblk4.i_tdd.i_up_tdd_cntrl.up_tdd_rx_dp_off_2[5]      2 6.7ms
                                              u_dut.genblk4.i_tdd.tdd_vco_tx_off_1_s[16]      1 6.7ms
                                             $auto$alumacc.cc:512:replace_alu$18743.Y[3]      1 6.7ms
                                           $abc$121031$auto$rtlil.cc:3501:NotGate$119060      1 6.7ms
        u_dut.i_tx.i_tx_channel_2.genblk2.i_dds.genblk1.dds_phase[1].i_dds_2.i_dds_1_0.genblk1.i_dds_sine.rotation[4].pipe.dir_inv     12 6.7ms
                                             $auto$alumacc.cc:512:replace_alu$18653.Y[4]      1 6.7ms
                                           $abc$121031$auto$rtlil.cc:3501:NotGate$109836      1 6.7ms
                                           $abc$121031$auto$rtlil.cc:3501:NotGate$113676      1 6.7ms
                                           $abc$121031$auto$rtlil.cc:3501:NotGate$109382      1 6.7ms
                                             $auto$alumacc.cc:512:replace_alu$18857.Y[8]      1 6.7ms
        u_dut.i_tx.i_tx_channel_0.genblk2.i_dds.genblk1.dds_phase[1].i_dds_2.i_dds_1_0.genblk1.i_dds_sine.z_s[8][12]     28 6.7ms
                                                                    u_dut.adc_data_s[31]      6 6.7ms
                                             $auto$alumacc.cc:512:replace_alu$18599.Y[3]      1 6.7ms
                        u_dut.i_rx.i_rx_channel_2.genblk2.i_rx_pnmon.adc_pn1_data_in[12]      2 6.7ms
             u_dut.i_tx.i_tx_channel_1.genblk2.i_up_dac_channel.up_dac_iqcor_coeff_1[10]      3 6.7ms
        u_dut.i_tx.i_tx_channel_0.genblk2.i_dds.genblk1.dds_phase[1].i_dds_2.i_dds_1_1.genblk1.i_dds_sine.z_s[1][3]      1 6.7ms
                                            $auto$alumacc.cc:512:replace_alu$18881.Y[13]      1 6.7ms
                                                  u_dut.genblk4.i_tdd.tdd_tx_off_1_s[13]      1 6.6ms
        u_dut.i_tx.i_tx_channel_0.genblk2.i_dds.genblk1.dds_phase[1].i_dds_2.i_dds_1_1.genblk1.i_dds_sine.rotation[7].pipe.dir_inv     13 6.6ms
               u_dut.i_rx.i_rx_channel_0.genblk2.i_up_adc_channel.up_adc_dcfilt_coeff[7]      2 6.6ms
        $abc$121031$flatten\u_dut.\genblk4.i_tdd.\i_up_tdd_cntrl.$logic_and$library/common/up_tdd_cntrl.v:199$2532_Y      6 6.6ms
                  u_dut.i_tx.i_tx_channel_2.genblk2.i_dds.genblk1.dac_dds_phase_1[1][10]      3 6.6ms
                                           $abc$121031$auto$rtlil.cc:3501:NotGate$110442      1 6.6ms
                                           $abc$121031$auto$rtlil.cc:3501:NotGate$111602      1 6.6ms
                                           $abc$121031$auto$rtlil.cc:3501:NotGate$107900      1 6.5ms
                                            $auto$alumacc.cc:512:replace_alu$18488.Y[12]      1 6.5ms
                  $techmap156669$abc$121031$auto$blifparse.cc:557:parse_blif$125705.A[3]      1 6.5ms
                                           $abc$121031$auto$rtlil.cc:3501:NotGate$111900      1 6.5ms
        u_dut.i_tx.i_tx_channel_1.genblk2.i_dds.genblk1.dds_phase[1].i_dds_2.i_dds_1_1.genblk1.i_dds_sine.y_s[8][2]      1 6.5ms
                        u_dut.i_rx.i_rx_channel_0.genblk2.i_rx_pnmon.i_pnmon.adc_valid_d     10 6.5ms
                                           $abc$121031$auto$rtlil.cc:3501:NotGate$113458      1 6.5ms
             u_dut.i_rx.i_rx_channel_1.genblk2.i_up_adc_channel.up_adc_iqcor_coeff_1[15]     17 6.5ms
                                             $auto$alumacc.cc:512:replace_alu$17981.Y[7]      1 6.5ms
                                                                    u_dut.adc_data_s[16]      5 6.5ms
                                             u_dut.i_tx.i_tx_channel_2.dac_data_sel_s[1]     14 6.5ms
                                             $auto$alumacc.cc:512:replace_alu$18575.Y[3]      1 6.5ms
                                   u_dut.genblk4.i_tdd.i_up_tdd_cntrl.up_tdd_tx_on_1[21]      2 6.5ms
        $abc$121031$flatten\u_dut.\i_rx.\i_rx_channel_2.\genblk2.i_ad_dcfilter.$0\data_int[15:0][4]      3 6.5ms
                               u_dut.genblk4.i_tdd.i_up_tdd_cntrl.up_tdd_vco_rx_off_2[1]      2 6.5ms
                                               u_dut.genblk4.i_tdd.tdd_vco_tx_off_1_s[1]      1 6.5ms
                                                              $PACKER_VCC_NET$legal$1905      1 6.5ms
                                 u_dut.genblk4.i_tdd.i_up_tdd_cntrl.up_tdd_tx_dp_on_1[1]      2 6.4ms
                                           $abc$121031$auto$rtlil.cc:3501:NotGate$108556      1 6.4ms
                                            $auto$alumacc.cc:512:replace_alu$17981.Y[10]      1 6.4ms
                                             $auto$alumacc.cc:512:replace_alu$18890.A[0]      3 6.4ms
                                 u_dut.genblk4.i_tdd.i_up_tdd_cntrl.up_tdd_tx_dp_on_2[4]      2 6.4ms
                                           $abc$121031$auto$rtlil.cc:3501:NotGate$107490      1 6.4ms
        u_dut.i_tx.i_tx_channel_3.genblk2.i_dds.genblk1.dds_phase[1].i_dds_2.i_dds_1_1.genblk1.i_dds_sine.rotation[7].pipe.dir_inv     13 6.4ms
                                             $auto$alumacc.cc:512:replace_alu$18863.Y[9]      1 6.4ms
                                             $auto$alumacc.cc:512:replace_alu$18647.Y[8]      1 6.4ms
                                             $auto$alumacc.cc:512:replace_alu$18161.Y[7]      1 6.4ms
                                              u_dut.i_rx.i_rx_channel_3.adc_dcfilt_enb_s     16 6.4ms
                                 u_dut.genblk4.i_tdd.i_up_tdd_cntrl.up_tdd_tx_dp_on_1[8]      2 6.4ms
        u_dut.i_tx.i_tx_channel_3.genblk2.i_up_dac_channel.i_xfer_cntrl.up_xfer_data[211]      1 6.4ms
        u_dut.i_tx.i_tx_channel_2.genblk2.i_dds.genblk1.dds_phase[1].i_dds_2.i_dds_1_1.genblk1.i_dds_sine.rotation[9].pipe.dir_inv     13 6.4ms
                                       u_dut.genblk4.i_tdd.i_up_tdd_cntrl.up_tdd_tx_only      2 6.4ms
        u_dut.i_tx.i_tx_channel_3.genblk2.i_dds.genblk1.dds_phase[1].i_dds_2.i_dds_1_1.s1_data_s[16]      1 6.4ms
                                            $auto$alumacc.cc:512:replace_alu$17861.Y[26]      1 6.4ms
                         u_dut.i_rx.i_rx_channel_0.genblk2.i_ad_dcfilter.dc_offset_s[25]      2 6.3ms
        u_dut.i_tx.i_tx_channel_0.genblk2.i_dds.genblk1.dds_phase[1].i_dds_2.i_dds_1_0.genblk1.i_dds_sine.z_s[11][12]     21 6.3ms
                                           $abc$121031$auto$rtlil.cc:3501:NotGate$112582      1 6.3ms
                                           $abc$121031$auto$rtlil.cc:3501:NotGate$116748      1 6.3ms
        $abc$121031$flatten\u_dut.\i_rx.\i_rx_channel_1.\genblk2.i_ad_dcfilter.$0\data_int[15:0][15]     31 6.3ms
                         u_dut.i_rx.i_rx_channel_0.genblk2.i_ad_dcfilter.dc_offset_s[24]      2 6.3ms
                 u_dut.i_tx.i_tx_channel_1.genblk2.i_up_dac_channel.up_dac_dds_init_2[0]      2 6.3ms
        u_dut.i_tx.i_tx_channel_0.genblk2.i_dds.genblk1.dds_phase[1].i_dds_2.i_dds_1_0.genblk1.i_dds_sine.rotation[0].pipe.dir_inv     14 6.3ms
                                           $abc$121031$auto$rtlil.cc:3501:NotGate$120780      1 6.3ms
                                           $abc$121031$auto$rtlil.cc:3501:NotGate$113342      1 6.3ms
                   u_dut.genblk4.i_tdd.i_up_tdd_cntrl.i_xfer_tdd_control.up_xfer_data[4]      1 6.3ms
        u_dut.i_tx.i_tx_channel_3.genblk2.i_dds.genblk1.dds_phase[1].i_dds_2.i_dds_1_1.genblk1.i_dds_sine.rotation[9].pipe.dir_inv     13 6.3ms
                  $techmap165039$abc$121031$auto$blifparse.cc:557:parse_blif$129273.A[0]      8 6.3ms
                              u_dut.i_tx.i_up_dac_common.i_clock_mon.up_count_running_m2      3 6.3ms
                                           $abc$121031$auto$rtlil.cc:3501:NotGate$117748      1 6.3ms
                         u_dut.i_rx.i_rx_channel_2.genblk2.i_ad_dcfilter.dc_offset_s[11]      1 6.3ms
                                           $abc$121031$auto$rtlil.cc:3501:NotGate$118980      1 6.3ms
                                           $abc$121031$auto$rtlil.cc:3501:NotGate$114344      1 6.3ms
                                            $auto$alumacc.cc:512:replace_alu$18860.Y[11]      1 6.3ms
                                           $abc$121031$auto$rtlil.cc:3501:NotGate$115686      1 6.3ms
                                           $abc$121031$auto$rtlil.cc:3501:NotGate$107926      1 6.3ms
                  $techmap161452$abc$121031$auto$blifparse.cc:557:parse_blif$125560.A[2]      1 6.3ms
                                             $auto$alumacc.cc:512:replace_alu$18878.Y[7]      1 6.2ms
                                           $abc$121031$auto$rtlil.cc:3501:NotGate$111982      1 6.2ms
        u_dut.i_tx.i_tx_channel_3.genblk2.i_up_dac_channel.i_xfer_cntrl.up_xfer_data[193]      1 6.2ms
                               u_dut.i_rx.i_rx_channel_0.genblk2.i_ad_dcfilter.data_d[8]      4 6.2ms
        u_dut.i_tx.i_tx_channel_0.genblk2.i_dds.genblk1.dds_phase[1].i_dds_2.i_dds_1_1.genblk1.i_dds_sine.rotation[2].pipe.dir_inv      8 6.2ms
                                            $auto$alumacc.cc:512:replace_alu$18116.Y[13]      1 6.2ms
                               u_dut.i_rx.i_rx_channel_1.genblk2.i_ad_dcfilter.data_d[1]      4 6.2ms
                                             $auto$alumacc.cc:512:replace_alu$18593.Y[7]      1 6.2ms
                               u_dut.i_rx.i_rx_channel_1.genblk2.i_ad_dcfilter.data_d[8]      4 6.2ms
                                         u_dut.i_tx.i_tx_channel_0.dac_dds_scale_2_s[15]     15 6.2ms
                  $techmap158136$abc$121031$auto$blifparse.cc:557:parse_blif$122021.A[3]      7 6.2ms
        u_dut.i_tx.i_tx_channel_0.genblk2.i_dds.genblk1.dds_phase[1].i_dds_2.i_dds_1_0.genblk1.i_dds_sine.rotation[5].pipe.dir_inv     12 6.2ms
                              u_dut.i_rx.i_rx_channel_1.genblk2.i_ad_dcfilter.data_d[11]      4 6.2ms
                                             $auto$alumacc.cc:512:replace_alu$17858.Y[8]      1 6.2ms
                                           $abc$121031$auto$rtlil.cc:3501:NotGate$111432      1 6.2ms
                          u_dut.i_rx.i_rx_channel_0.genblk2.i_ad_dcfilter.dc_offset_s[8]      1 6.2ms
             u_dut.i_rx.i_rx_channel_0.genblk2.i_up_adc_channel.up_adc_iqcor_coeff_2[15]     17 6.2ms
        u_dut.i_tx.i_tx_channel_1.genblk2.i_dds.genblk1.dds_phase[1].i_dds_2.i_dds_1_1.genblk1.i_dds_sine.rotation[8].pipe.dir_inv     13 6.2ms
                                           $abc$121031$auto$rtlil.cc:3501:NotGate$113052      1 6.1ms
        u_dut.i_tx.i_tx_channel_2.genblk2.i_dds.genblk1.dds_phase[1].i_dds_2.i_dds_1_0.genblk1.i_dds_sine.z_s[9][12]     26 6.1ms
                            u_dut.i_rx.i_rx_channel_2.genblk2.i_rx_pnmon.adc_pn1_valid_s     26 6.1ms
        u_dut.i_tx.i_tx_channel_1.genblk2.i_dds.genblk1.dds_phase[1].i_dds_2.i_dds_1_1.s1_data_s[23]      1 6.1ms
                                            $auto$alumacc.cc:512:replace_alu$18191.A[10]     24 6.1ms
                                           $abc$121031$auto$rtlil.cc:3501:NotGate$114324      1 6.1ms
        u_dut.i_tx.i_tx_channel_2.genblk2.i_dds.genblk1.dds_phase[1].i_dds_2.i_dds_1_0.genblk1.i_dds_sine.rotation[7].pipe.dir_inv     13 6.1ms
                                           $abc$121031$auto$rtlil.cc:3501:NotGate$117982      1 6.1ms
        u_dut.i_tx.i_tx_channel_2.genblk2.i_dds.genblk1.dds_phase[1].i_dds_2.i_dds_1_1.genblk1.i_dds_sine.z_s[10][12]     23 6.1ms
                                           $abc$121031$auto$rtlil.cc:3501:NotGate$117602      1 6.1ms
                                           $abc$121031$auto$rtlil.cc:3501:NotGate$111780      1 6.1ms
                                             $auto$alumacc.cc:512:replace_alu$18779.Y[0]      1 6.1ms
                                            $auto$alumacc.cc:512:replace_alu$18137.Y[13]      1 6.1ms
                                           $abc$121031$auto$rtlil.cc:3501:NotGate$106944      1 6.1ms
                u_dut.i_tx.i_tx_channel_0.genblk2.i_dds.genblk1.dac_dds_phase_0_m[1][15]      6 6.1ms
                                           $abc$121031$auto$rtlil.cc:3501:NotGate$108716      1 6.1ms
                                             $auto$alumacc.cc:512:replace_alu$17855.Y[9]      1 6.1ms
                                            $auto$alumacc.cc:512:replace_alu$18899.A[10]     24 6.1ms
                                             $auto$alumacc.cc:512:replace_alu$17855.Y[5]      1 6.1ms
                                                                                lfsr[18]      3 6.1ms
                                           $abc$121031$auto$rtlil.cc:3501:NotGate$119140      1 6.1ms
                                           $abc$121031$auto$rtlil.cc:3501:NotGate$119348      1 6.1ms
                       u_dut.i_rx.i_rx_channel_3.genblk2.i_up_adc_channel.up_adc_dfmt_se      2 6.1ms
        $abc$121031$flatten\u_dut.\i_rx.\i_rx_channel_0.\genblk2.i_up_adc_channel.$logic_and$library/common/up_adc_channel.v:402$5171_Y      3 6.1ms
             u_dut.i_rx.i_rx_channel_1.genblk2.i_up_adc_channel.up_adc_iqcor_coeff_2[15]     17 6.1ms
                              u_dut.i_rx.i_rx_channel_1.genblk2.i_ad_dcfilter.data_d[13]      4 6.1ms
                                           $abc$121031$auto$rtlil.cc:3501:NotGate$114000      1 6.0ms
                                           $abc$121031$auto$rtlil.cc:3501:NotGate$118588      1 6.0ms
                                           $abc$121031$auto$rtlil.cc:3501:NotGate$112518      1 6.0ms
                                           $abc$121031$auto$rtlil.cc:3501:NotGate$120596      1 6.0ms
        $abc$121031$flatten\u_dut.\i_rx.\i_up_adc_common.$logic_and$library/common/up_adc_common.v:236$7131_Y      3 6.0ms
                                           $abc$121031$auto$rtlil.cc:3501:NotGate$114010      1 6.0ms
                                u_dut.genblk4.i_tdd.i_up_tdd_cntrl.up_tdd_vco_rx_on_1[1]      2 6.0ms
        u_dut.genblk4.i_tdd.i_up_tdd_cntrl.i_xfer_tdd_counter_values_tx_2.up_xfer_data[96]      1 6.0ms
               u_dut.i_tx.i_tx_channel_1.genblk2.i_up_dac_channel.up_dac_dds_scale_1[15]     17 6.0ms
                               $abc$121031$auto$opt_dff.cc:319:make_patterns_logic$16420      5 6.0ms
                                           $abc$121031$auto$rtlil.cc:3501:NotGate$120116      1 6.0ms
                                             $auto$alumacc.cc:512:replace_alu$18713.Y[0]      1 6.0ms
                 u_dut.i_tx.i_tx_channel_1.genblk2.i_up_dac_channel.up_dac_pat_data_2[8]      2 6.0ms
                                           $abc$121031$auto$rtlil.cc:3501:NotGate$116468      1 6.0ms
                               u_dut.i_rx.i_rx_channel_3.genblk2.i_ad_dcfilter.data_d[5]      4 6.0ms
                                             $auto$alumacc.cc:512:replace_alu$18326.Y[1]      1 6.0ms
               u_dut.i_rx.i_rx_channel_2.genblk2.i_up_adc_channel.up_adc_dcfilt_coeff[6]      2 6.0ms
                                             $auto$alumacc.cc:512:replace_alu$18818.Y[2]      1 6.0ms
                u_dut.i_tx.i_tx_channel_2.genblk2.i_up_dac_channel.up_dac_dds_init_1[15]      2 6.0ms
        u_dut.i_tx.i_tx_channel_0.genblk2.i_dds.genblk1.dds_phase[1].i_dds_2.i_dds_1_1.genblk1.i_dds_sine.rotation[4].pipe.dir_inv     12 6.0ms
                         u_dut.i_rx.i_rx_channel_2.genblk2.i_rx_pnmon.adc_pn1_data_pn[7]      3 6.0ms
                u_dut.i_tx.i_tx_channel_2.genblk2.i_up_dac_channel.up_dac_dds_scale_2[1]      3 6.0ms
                                             $auto$alumacc.cc:512:replace_alu$18881.Y[7]      1 6.0ms
                                           $abc$121031$auto$rtlil.cc:3501:NotGate$108856      1 6.0ms
                                           $abc$121031$auto$rtlil.cc:3501:NotGate$113706      1 6.0ms
                                            $auto$alumacc.cc:512:replace_alu$17807.Y[15]      1 6.0ms
        u_dut.i_tx.i_tx_channel_2.genblk2.i_dds.genblk1.dds_phase[1].i_dds_2.i_dds_1_1.genblk1.i_dds_sine.z_s[11][12]     21 5.9ms
                               u_dut.i_rx.i_rx_channel_2.genblk2.i_ad_dcfilter.data_d[4]      4 5.9ms
                               u_dut.genblk4.i_tdd.i_up_tdd_cntrl.up_tdd_tx_dp_off_1[11]      2 5.9ms
                                                                                lfsr[28]      5 5.9ms
                                           $abc$121031$auto$rtlil.cc:3501:NotGate$111330      1 5.9ms
                   u_dut.i_tx.i_tx_channel_2.genblk2.i_dds.genblk1.dac_dds_phase_1[1][4]      3 5.9ms
                                           $abc$121031$auto$rtlil.cc:3501:NotGate$107568      1 5.9ms
                               u_dut.i_rx.i_rx_channel_1.genblk2.i_ad_dcfilter.data_d[4]      4 5.9ms
                                             $auto$alumacc.cc:512:replace_alu$18452.Y[1]      1 5.9ms
                 u_dut.i_tx.i_tx_channel_1.genblk2.i_up_dac_channel.up_dac_dds_init_2[4]      2 5.9ms
                                       u_dut.i_rx.i_up_adc_common.up_adc_config_ctrl[24]      1 5.9ms
                                             u_dut.i_tx.i_tx_channel_0.dac_data_sel_s[3]     14 5.9ms
                                             $auto$alumacc.cc:512:replace_alu$18065.Y[5]      1 5.9ms
                               u_dut.i_rx.i_rx_channel_2.genblk2.i_ad_dcfilter.data_d[6]      4 5.9ms
                                             $auto$alumacc.cc:512:replace_alu$18446.Y[7]      1 5.9ms
        u_dut.i_tx.i_tx_channel_0.genblk2.i_dds.genblk1.dds_phase[1].i_dds_2.i_dds_1_0.genblk1.i_dds_sine.rotation[10].pipe.dir_inv      2 5.9ms
                                           $abc$121031$auto$rtlil.cc:3501:NotGate$118384      1 5.9ms
                                                                    u_dut.adc_data_s[36]      5 5.9ms
                                           $abc$121031$auto$rtlil.cc:3501:NotGate$116780      1 5.9ms
                                             $auto$alumacc.cc:512:replace_alu$18107.Y[3]      1 5.9ms
                                             $auto$alumacc.cc:512:replace_alu$18863.Y[1]      1 5.9ms
                                           $abc$121031$auto$rtlil.cc:3501:NotGate$112516      1 5.9ms
                                           $abc$121031$auto$rtlil.cc:3501:NotGate$120240      1 5.9ms
                              u_dut.genblk4.i_tdd.i_up_tdd_cntrl.up_tdd_gated_rx_dmapath      2 5.9ms
                                             $auto$alumacc.cc:512:replace_alu$18527.Y[1]      1 5.9ms
                               u_dut.genblk4.i_tdd.i_up_tdd_cntrl.up_tdd_rx_dp_off_2[16]      2 5.9ms
                                             $auto$alumacc.cc:512:replace_alu$18887.Y[6]      1 5.9ms
                                           $abc$121031$auto$rtlil.cc:3501:NotGate$118216      1 5.9ms
                          u_dut.i_rx.i_rx_channel_0.genblk2.i_rx_pnmon.adc_pn1_data_d[4]      1 5.9ms
              u_dut.i_rx.i_rx_channel_2.genblk2.i_up_adc_channel.up_adc_dcfilt_offset[5]      2 5.9ms
                                           u_dut.i_tx.i_tx_channel_2.dac_dds_incr_2_s[1]      1 5.9ms
                  $techmap156463$abc$121031$auto$blifparse.cc:557:parse_blif$130838.A[4]     12 5.9ms
                                           u_dut.i_tx.i_up_dac_common.up_dac_datarate[6]      2 5.9ms
                                           $abc$121031$auto$rtlil.cc:3501:NotGate$112698      1 5.8ms
                                           $abc$121031$auto$rtlil.cc:3501:NotGate$111152      1 5.8ms
                                              u_dut.i_rx.i_rx_channel_2.adc_dcfilt_enb_s     16 5.8ms
                         u_dut.i_rx.i_rx_channel_2.genblk2.i_rx_pnmon.adc_pn0_data_in[6]      6 5.8ms
        u_dut.genblk4.i_tdd.i_up_tdd_cntrl.i_xfer_tdd_counter_values_rx_2.up_xfer_data[83]      1 5.8ms
                              u_dut.i_rx.i_up_adc_common.i_clock_mon.up_count_running_m2      3 5.8ms
                                            $auto$alumacc.cc:512:replace_alu$18107.Y[13]      1 5.8ms
                                           $abc$121031$auto$rtlil.cc:3501:NotGate$120332      1 5.8ms
                               u_dut.i_rx.i_rx_channel_0.genblk2.i_ad_dcfilter.data_d[5]      4 5.8ms
                                           $abc$121031$auto$rtlil.cc:3501:NotGate$112926      1 5.8ms
                  $techmap165404$abc$121031$auto$blifparse.cc:557:parse_blif$129643.A[4]      1 5.8ms
              u_dut.i_rx.i_rx_channel_3.genblk2.i_up_adc_channel.up_adc_dcfilt_offset[7]      2 5.8ms
        u_dut.i_tx.i_tx_channel_2.genblk2.i_dds.genblk1.dds_phase[1].i_dds_2.i_dds_1_0.genblk1.i_dds_sine.z_s[6][12]     32 5.8ms
                                                                    u_dut.adc_data_s[32]      5 5.8ms
                                           $abc$121031$auto$rtlil.cc:3501:NotGate$106892      1 5.8ms
        u_dut.i_tx.i_tx_channel_1.genblk2.i_dds.genblk1.dds_phase[1].i_dds_2.i_dds_1_1.genblk1.i_dds_sine.z_s[9][12]     26 5.8ms
                               u_dut.i_rx.i_rx_channel_2.genblk2.i_ad_dcfilter.data_d[3]      4 5.8ms
        u_dut.i_tx.i_tx_channel_1.genblk2.i_dds.genblk1.dds_phase[1].i_dds_2.i_dds_1_1.genblk1.i_dds_sine.rotation[2].pipe.dir_inv      8 5.8ms
                         u_dut.i_rx.i_rx_channel_2.genblk2.i_rx_pnmon.adc_pn0_data_in[2]      6 5.8ms
               u_dut.i_tx.i_tx_channel_3.genblk2.i_up_dac_channel.up_dac_dds_scale_1[15]     17 5.8ms
                                           $abc$121031$auto$rtlil.cc:3501:NotGate$111220      1 5.8ms
                                           $abc$121031$auto$rtlil.cc:3501:NotGate$107936      1 5.8ms
                                            $auto$alumacc.cc:512:replace_alu$18875.Y[11]      1 5.8ms
                                             u_dut.i_tx.i_tx_channel_3.dac_data_sel_s[1]     14 5.8ms
                                      u_dut.i_tx.i_up_dac_common.i_clock_mon.d_count[32]     34 5.8ms
                                             $auto$alumacc.cc:512:replace_alu$18251.Y[4]      1 5.8ms
          u_dut.i_rx.i_rx_channel_2.genblk2.i_up_adc_channel.up_adc_iqcor_coeff_tc_2[15]      1 5.8ms
                                             u_dut.i_tx.i_tx_channel_3.dac_data_sel_s[3]     14 5.8ms
                              u_dut.i_rx.i_rx_channel_2.genblk2.i_ad_dcfilter.data_d[12]      4 5.8ms
                                           $abc$121031$auto$rtlil.cc:3501:NotGate$116018      1 5.8ms
                                             $auto$alumacc.cc:512:replace_alu$18230.Y[4]      1 5.8ms
                                             $auto$alumacc.cc:512:replace_alu$18293.Y[9]      1 5.8ms
                                             $auto$alumacc.cc:512:replace_alu$17951.Y[8]      1 5.8ms
                                u_dut.i_tx.i_up_dac_common.i_xfer_cntrl.up_xfer_count[0]      4 5.8ms
                                           $abc$121031$auto$rtlil.cc:3501:NotGate$116776      1 5.8ms
                                            $auto$alumacc.cc:512:replace_alu$17885.Y[20]      1 5.8ms
                                          u_dut.i_tx.i_up_dac_common.up_dac_datarate[11]      2 5.8ms
                                            $auto$alumacc.cc:512:replace_alu$18416.Y[11]      1 5.8ms
                 u_dut.i_tx.i_tx_channel_3.genblk2.i_up_dac_channel.up_dac_dds_init_1[9]      2 5.7ms
                               u_dut.i_rx.i_rx_channel_3.genblk2.i_ad_dcfilter.data_d[7]      4 5.7ms
                               $abc$121031$auto$opt_dff.cc:336:make_patterns_logic$16654     12 5.7ms
                               u_dut.i_rx.i_rx_channel_1.genblk2.i_ad_dcfilter.data_d[2]      4 5.7ms
                                  u_dut.genblk4.i_tdd.i_up_tdd_cntrl.up_tdd_tx_off_1[18]      2 5.7ms
                                             $auto$alumacc.cc:512:replace_alu$18881.Y[4]      1 5.7ms
                                           $abc$121031$auto$rtlil.cc:3501:NotGate$118066      1 5.7ms
                  $techmap156640$abc$121031$auto$blifparse.cc:557:parse_blif$130352.A[2]     12 5.7ms
                                             $auto$alumacc.cc:512:replace_alu$18866.Y[5]      1 5.7ms
                                            $auto$alumacc.cc:512:replace_alu$18824.Y[12]      1 5.7ms
                                           $abc$121031$auto$rtlil.cc:3501:NotGate$110534      1 5.7ms
                                u_dut.genblk4.i_tdd.i_up_tdd_cntrl.up_tdd_rx_dp_on_1[11]      2 5.7ms
                 u_dut.i_tx.i_tx_channel_1.genblk2.i_dds.genblk1.dac_dds_phase_0_m[1][3]      1 5.7ms
                                            $auto$alumacc.cc:512:replace_alu$18722.Y[13]      1 5.7ms
                                           $abc$121031$auto$rtlil.cc:3501:NotGate$113964      1 5.7ms
                                           $abc$121031$auto$rtlil.cc:3501:NotGate$108026      1 5.7ms
                                           $abc$121031$auto$rtlil.cc:3501:NotGate$117868      1 5.7ms
                                           $abc$121031$auto$rtlil.cc:3501:NotGate$119274      1 5.7ms
Info: Router2 time 66.62s
Info: Running router1 to check that route is legal...

Info: Routing..
Info: Setting up routing queue.
Info: Routing 0 arcs.
Info:            |   (re-)routed arcs  |   delta    | remaining|       time spent     |
Info:    IterCnt |  w/ripup   wo/ripup |  w/r  wo/r |      arcs| batch(sec) total(sec)|
Info:          0 |        0          0 |    0     0 |         0|       0.99       0.99|
Info: Routing complete.
Info: Router1 time 0.99s
Info: Checksum: 0x441bbc8f

Info: Critical path report for clock 'o_l_clk' (posedge -> posedge):
Info: curr total
Info:  0.1  0.1  Source $auto$ff.cc:337:slice$37983.Q
Info:  2.5  2.6    Net u_dut.genblk1.i_dev_if.rx_r1_mode budget 41.491001 ns (163,30) -> (173,7)
Info:                Sink $auto$xilinx_dffopt.cc:338:execute$175154.A2
Info:  0.2  2.7  Source $auto$xilinx_dffopt.cc:338:execute$175154.O5
Info:  0.0  2.8    Net $auto$xilinx_dffopt.cc:347:execute$175155 budget 40.514999 ns (173,7) -> (173,7)
Info:                Sink $auto$ff.cc:337:slice$105866.D
Info:  0.1  2.9  Setup $auto$ff.cc:337:slice$105866.D
Info: 0.4 ns logic, 2.5 ns routing

Info: Critical path report for clock 'FCLKCLK[0]' (posedge -> posedge):
Info: curr total
Info:  0.1  0.1  Source $auto$ff.cc:337:slice$29247.Q
Info:  4.6  4.7    Net u_dut.up_waddr_s[0] budget 7.973000 ns (17,105) -> (107,61)
Info:                Sink $abc$121031$auto$blifparse.cc:557:parse_blif$121560.A1
Info:  0.2  4.9  Source $abc$121031$auto$blifparse.cc:557:parse_blif$121560.O5
Info:  1.4  6.2    Net $techmap157694$abc$121031$auto$blifparse.cc:557:parse_blif$121559.A[0] budget 6.376000 ns (107,61) -> (162,61)
Info:                Sink $abc$121031$auto$blifparse.cc:557:parse_blif$121593.A1
Info:  0.1  6.4  Source $abc$121031$auto$blifparse.cc:557:parse_blif$121593.O6
Info:  5.7 12.1    Net $techmap157728$abc$121031$auto$blifparse.cc:557:parse_blif$121592.A[1] budget 7.773000 ns (162,61) -> (63,57)
Info:                Sink $abc$121031$auto$blifparse.cc:557:parse_blif$129835.A2
Info:  0.1 12.2  Source $abc$121031$auto$blifparse.cc:557:parse_blif$129835.O6
Info:  3.7 15.9    Net $abc$121031$flatten\u_dut.\genblk4.i_tdd.\i_up_tdd_cntrl.$logic_and$library/common/up_tdd_cntrl.v:264$2592_Y budget 7.986000 ns (63,57) -> (14,105)
Info:                Sink $auto$ff.cc:337:slice$30445.CE
Info:  0.1 16.0  Setup $auto$ff.cc:337:slice$30445.CE
Info: 0.6 ns logic, 15.4 ns routing

Info: Critical path report for cross-domain path 'posedge FCLKCLK[0]' -> 'posedge o_l_clk':
Info: curr total
Info:  0.1  0.1  Source $auto$ff.cc:337:slice$28212.Q
Info:  2.3  2.4    Net o_adc_r1_mode budget 83.133003 ns (107,10) -> (163,30)
Info:                Sink $auto$ff.cc:337:slice$37983.D
Info:  0.1  2.5  Setup $auto$ff.cc:337:slice$37983.D
Info: 0.2 ns logic, 2.3 ns routing

Info: Critical path report for cross-domain path 'posedge o_l_clk' -> 'posedge FCLKCLK[0]':
Info: curr total
Info:  0.1  0.1  Source $auto$ff.cc:337:slice$105655.Q
Info:  0.9  1.0    Net u_dut.genblk1.i_dev_if.adc_data_p[47] budget 32.351002 ns (173,54) -> (172,54)
Info:                Sink $auto$ff.cc:337:slice$37981.D
Info:  0.1  1.1  Setup $auto$ff.cc:337:slice$37981.D
Info: 0.2 ns logic, 0.9 ns routing

Info: Max frequency for clock    'o_l_clk': 349.04 MHz (PASS at 12.00 MHz)
Info: Max frequency for clock 'FCLKCLK[0]': 62.46 MHz (PASS at 30.72 MHz)

Info: Max delay posedge FCLKCLK[0] -> posedge o_l_clk   : 2.48 ns
Info: Max delay posedge o_l_clk    -> posedge FCLKCLK[0]: 1.14 ns

Info: Slack histogram:
Info:  legend: * represents 259 endpoint(s)
Info:          + represents [1,259) endpoint(s)
Info: [ 16540,  19842) |*+
Info: [ 19842,  23144) |*******+
Info: [ 23144,  26446) |******+
Info: [ 26446,  29748) |************************************************************ 
Info: [ 29748,  33050) |******************************+
Info: [ 33050,  36352) | 
Info: [ 36352,  39654) | 
Info: [ 39654,  42956) | 
Info: [ 42956,  46258) | 
Info: [ 46258,  49560) | 
Info: [ 49560,  52862) | 
Info: [ 52862,  56164) | 
Info: [ 56164,  59466) | 
Info: [ 59466,  62768) | 
Info: [ 62768,  66070) | 
Info: [ 66070,  69372) | 
Info: [ 69372,  72674) | 
Info: [ 72674,  75976) | 
Info: [ 75976,  79278) | 
Info: [ 79278,  82580) |+
Info: Running post-routing legalisation...
