Info: Packing constants..
Info: Inserting IO buffers..
Info:     Created 1 PS7_PS7 cells from:
Info:              1x PS7
Info: Preparing clocking...
Info: Packing constants..
Info: Packing cfg...
Info: Packing PLLs...
Info: Packing Gigabit Transceivers..
Info: Packing global buffers...
Info:     Constrained BUFGCTRL '$auto$clkbufmap.cc:261:execute$68912' to bel 'BUFGCTRL_X0Y16/BUFGCTRL' based on dedicated routing
Info: Packing MUX[789]s..
Info: Packing carries..
Info:    Grouped 3072 MUXCYs and 3072 XORCYs into 128 chains.
Info:    Blasted 0 non-chain MUXCYs and 0 non-chain XORCYs to soft logic
Info: Packing LUTs..
Info:     Created 18999 SLICE_LUTX cells from:
Info:           6226x LUT1
Info:            438x LUT2
Info:            995x LUT3
Info:           6334x LUT4
Info:            309x LUT5
Info:           4697x LUT6
Info: Packing DRAM..
Info:    Transformed 0 tied-low DRAM address inputs to be tied-high
Info: Packing BRAM..
Info: Packing DSPs..
Info: Packing flipflops..
Info:     Created 2366 SLICE_FFX cells from:
Info:           2366x FDRE
Info:     Created 5066 SELMUX2_1 cells from:
Info:           3652x MUXF7
Info:           1414x MUXF8
Info: Constrained 0 LUTFF pairs.

Info: Annotating ports with timing budgets for target frequency 12.00 MHz
Info: Checksum: 0x240a0d85

Info: Device utilisation:
Info: 	          SLICE_LUTX: 18999/106400    17%
Info: 	           SLICE_FFX:  2366/106400     2%
Info: 	              CARRY4:   768/13300     5%
Info: 	          PSEUDO_GND:     1/29359     0%
Info: 	          PSEUDO_VCC:     1/29359     0%
Info: 	               HARD0:     0/ 1584     0%
Info: 	            RAMB18E1:     0/  280     0%
Info: 	            FIFO18E1:     0/  140     0%
Info: 	        RAMBFIFO36E1:     0/  140     0%
Info: 	            RAMB36E1:     0/  140     0%
Info: 	             DSP48E1:     0/  220     0%
Info: 	                 PAD:     0/  392     0%
Info: 	       IOB33M_OUTBUF:     0/   96     0%
Info: 	       IOB33S_OUTBUF:     0/   96     0%
Info: 	        IOB33_OUTBUF:     0/  200     0%
Info: 	     IOB33M_INBUF_EN:     0/   96     0%
Info: 	     IOB33S_INBUF_EN:     0/   96     0%
Info: 	      IOB33_INBUF_EN:     0/  200     0%
Info: 	IOB33M_TERM_OVERRIDE:     0/   96     0%
Info: 	IOB33S_TERM_OVERRIDE:     0/   96     0%
Info: 	 IOB33_TERM_OVERRIDE:     0/  200     0%
Info: 	       PULL_OR_KEEP1:     0/  392     0%
Info: 	            IDELAYE2:     0/  200     0%
Info: 	        OLOGICE3_TFF:     0/  200     0%
Info: 	      OLOGICE3_OUTFF:     0/  200     0%
Info: 	       OLOGICE3_MISR:     0/  200     0%
Info: 	           OSERDESE2:     0/  200     0%
Info: 	        ILOGICE3_IFF:     0/  200     0%
Info: 	ILOGICE3_ZHOLD_DELAY:     0/  200     0%
Info: 	           ISERDESE2:     0/  200     0%
Info: 	               BUFIO:     0/   16     0%
Info: 	          IDELAYCTRL:     0/    4     0%
Info: 	            BUFGCTRL:     1/   32     3%
Info: 	                 PS7:     1/    1   100%
Info: 	               BSCAN:     0/    4     0%
Info: 	                BUFG:     0/   32     0%
Info: 	              BUFHCE:     0/   72     0%
Info: 	            DCIRESET:     0/    1     0%
Info: 	            DNA_PORT:     0/    1     0%
Info: 	           EFUSE_USR:     0/    1     0%
Info: 	           FRAME_ECC:     0/    1     0%
Info: 	                ICAP:     0/    2     0%
Info: 	            INVERTER:     0/   96     0%
Info: 	          MMCME2_ADV:     0/    4     0%
Info: 	        OLOGICE2_TFF:     0/  200     0%
Info: 	      OLOGICE2_OUTFF:     0/  200     0%
Info: 	           PLLE2_ADV:     0/    4     0%
Info: 	           SELMUX2_1:  5066/40700    12%
Info: 	             STARTUP:     0/    1     0%
Info: 	          USR_ACCESS:     0/    1     0%
Info: 	        ILOGICE2_IFF:     0/  200     0%
Info: 	       OLOGICE2_MISR:     0/  200     0%

Info: Placed 2 cells based on constraints.
Info: Creating initial analytic placement for 10283 cells, random placement wirelen = 3357931.
Info:     at initial placer iter 0, wirelen = 31041
Info:     at initial placer iter 1, wirelen = 27580
Info:     at initial placer iter 2, wirelen = 28635
Info:     at initial placer iter 3, wirelen = 29536
Info: Running main analytical placer.
Info:     at iteration #1, type ALL: wirelen solved = 31762, spread = 862398, legal = 866142; time = 0.84s
Info:     at iteration #2, type ALL: wirelen solved = 41912, spread = 674447, legal = 690368; time = 0.93s
Info:     at iteration #3, type ALL: wirelen solved = 69873, spread = 662304, legal = 675928; time = 0.49s
Info:     at iteration #4, type ALL: wirelen solved = 100195, spread = 582224, legal = 590759; time = 0.40s
Info:     at iteration #5, type ALL: wirelen solved = 112383, spread = 551416, legal = 565649; time = 0.43s
Info:     at iteration #6, type ALL: wirelen solved = 116031, spread = 554093, legal = 566458; time = 0.41s
Info:     at iteration #7, type ALL: wirelen solved = 132927, spread = 507714, legal = 519547; time = 0.39s
Info:     at iteration #8, type ALL: wirelen solved = 149806, spread = 478797, legal = 485755; time = 0.33s
Info:     at iteration #9, type ALL: wirelen solved = 149857, spread = 521778, legal = 528730; time = 0.33s
Info:     at iteration #10, type ALL: wirelen solved = 176867, spread = 483320, legal = 488709; time = 0.32s
Info:     at iteration #11, type ALL: wirelen solved = 176615, spread = 471152, legal = 479570; time = 0.33s
Info:     at iteration #12, type ALL: wirelen solved = 184435, spread = 505876, legal = 513904; time = 0.32s
Info:     at iteration #13, type ALL: wirelen solved = 200334, spread = 536053, legal = 540546; time = 0.31s
Info:     at iteration #14, type ALL: wirelen solved = 226955, spread = 591896, legal = 598874; time = 0.36s
Info:     at iteration #15, type ALL: wirelen solved = 252955, spread = 522943, legal = 524191; time = 0.31s
Info:     at iteration #16, type ALL: wirelen solved = 254313, spread = 498522, legal = 502803; time = 0.30s
Info: HeAP Placer Time: 12.55s
Info:   of which solving equations: 7.81s
Info:   of which spreading cells: 0.86s
Info:   of which strict legalisation: 1.53s

Info: Running simulated annealing placer for refinement.
Info:   at iteration #1: temp = 0.000000, timing cost = 13814, wirelen = 479570
Info:   at iteration #5: temp = 0.000000, timing cost = 15581, wirelen = 407811
Info:   at iteration #10: temp = 0.000000, timing cost = 13094, wirelen = 387761
Info:   at iteration #15: temp = 0.000000, timing cost = 13505, wirelen = 380333
Info:   at iteration #20: temp = 0.000000, timing cost = 14390, wirelen = 379456
Info:   at iteration #25: temp = 0.000000, timing cost = 14423, wirelen = 379095
Info:   at iteration #30: temp = 0.000000, timing cost = 14398, wirelen = 378965
Info:   at iteration #35: temp = 0.000000, timing cost = 14428, wirelen = 378876
Info:   at iteration #35: temp = 0.000000, timing cost = 14428, wirelen = 378891 
Info: SA placement time 16.45s

Info: Max frequency for clock 'FCLKCLK[0]': 41.26 MHz (PASS at 30.72 MHz)

Info: Slack histogram:
Info:  legend: * represents 28 endpoint(s)
Info:          + represents [1,28) endpoint(s)
Info: [  8313,   9508) |+
Info: [  9508,  10703) |+
Info: [ 10703,  11898) |+
Info: [ 11898,  13093) |+
Info: [ 13093,  14288) |+
Info: [ 14288,  15483) | 
Info: [ 15483,  16678) |+
Info: [ 16678,  17873) |+
Info: [ 17873,  19068) |+
Info: [ 19068,  20263) |+
Info: [ 20263,  21458) | 
Info: [ 21458,  22653) | 
Info: [ 22653,  23848) | 
Info: [ 23848,  25043) | 
Info: [ 25043,  26238) | 
Info: [ 26238,  27433) | 
Info: [ 27433,  28628) | 
Info: [ 28628,  29823) |+
Info: [ 29823,  31018) |***********+
Info: [ 31018,  32213) |************************************************************ 
Info: Checksum: 0x717e679f
Info: Running post-placement legalisation...
Info: Tieing unused PS7 inputs to constants...
Info: Routing global clocks...
Info:     routing clock 'FCLKCLK[0]'
Info: Running router2...
Info: Setting up routing resources...
Info: Running main router loop...
Info:     iter=1 wires=423097 overused=9434 overuse=9603 archfail=NA
Info:     iter=2 wires=432170 overused=163 overuse=163 archfail=NA
Info:     iter=3 wires=432354 overused=16 overuse=16 archfail=NA
Info:     iter=4 wires=432381 overused=4 overuse=4 archfail=NA
Info:     iter=5 wires=432378 overused=4 overuse=4 archfail=NA
Info:     iter=6 wires=432386 overused=3 overuse=3 archfail=NA
Info:     iter=7 wires=432386 overused=3 overuse=3 archfail=NA
Info:     iter=8 wires=432394 overused=2 overuse=2 archfail=NA
Info:     iter=9 wires=432393 overused=2 overuse=2 archfail=NA
Info:     iter=10 wires=432393 overused=1 overuse=1 archfail=NA
Info:     iter=11 wires=432394 overused=0 overuse=0 archfail=0
Info: 1000 slowest nets by runtime:
                                                                         $PACKER_GND_NET   5042 1085.0ms
                                                                                     rst   2066 570.3ms
                                                                              gpio_i[20]      1 452.7ms
                                                                              gpio_o[26]     63 450.5ms
                                                                              gpio_o[16]   1009 442.2ms
                                                                              gpio_i[17]      1 437.2ms
                                                                              gpio_i[23]      1 425.1ms
                                                                              gpio_o[27]   1009 392.3ms
                                                                              gpio_o[25]     63 281.5ms
                                                                              gpio_i[16]      1 193.7ms
                                                                              gpio_i[21]      1 191.1ms
                                                                              gpio_i[18]      1 190.6ms
                                                                            u1.tp[55][0]     45 190.2ms
                                                                              gpio_i[22]      1 185.3ms
                                                                              gpio_i[19]      1 173.9ms
                                                                            u1.tp[38][1]    118 168.5ms
                                                                              gpio_o[52]     63 160.6ms
                                                                            u0.tp[11][1]    118 154.8ms
                                                                            u0.tp[16][1]    116 150.6ms
                                                                            u0.tp[14][1]    115 147.2ms
                                                                              gpio_o[51]     63 146.3ms
                                                                            u0.tp[17][1]    115 142.8ms
                                                                            u1.tp[46][1]     50 142.3ms
                                                                            u0.tp[13][0]     69 138.0ms
                                                                            u0.tp[16][0]     70 135.1ms
                                                                            u0.tp[34][0]     67 128.0ms
                                                                            u0.tp[10][0]     70 127.2ms
                                                                            u0.tp[11][0]     46 126.9ms
                                                                            u0.tp[14][0]     46 126.7ms
                                                                            u1.tp[37][0]     71 126.7ms
                                                                            u0.tp[13][1]    115 119.8ms
                                                                            u0.tp[23][1]    114 119.6ms
                                                                            u0.tp[25][0]     69 119.2ms
                                                                             u0.tp[4][1]    115 118.1ms
                                                                            u0.tp[25][1]    115 117.8ms
                                                                            u0.tp[10][1]    118 117.8ms
                                                                             u1.tp[2][1]    116 116.4ms
                                                                            u0.tp[52][0]     69 114.4ms
                                                                            u1.tp[11][1]    118 111.3ms
                                                                            u0.tp[38][0]     46 111.1ms
                                                                             u1.tp[5][1]    119 109.2ms
                                                                            u1.tp[56][1]     70 108.8ms
                                                                            u0.tp[49][1]    109 108.7ms
                                                                            u0.tp[19][0]     50 105.7ms
                                                                            u0.tp[26][0]     45 105.5ms
                                                                             u0.tp[1][1]    118 101.9ms
                                                                             u1.tp[2][0]     47 101.4ms
                                                                            u0.tp[22][1]    112 100.5ms
                                                                            u0.tp[17][0]     46 99.9ms
                                                                            u1.tp[47][1]     52 98.8ms
                                                                            u1.tp[53][1]    112 98.4ms
                                                                            u1.tp[13][0]     69 97.8ms
                                                                            u1.tp[50][1]    112 94.9ms
                                                                            u0.tp[31][0]     60 94.7ms
                                                                            u1.tp[31][1]    105 94.3ms
                                                                            u1.tp[52][0]     67 92.0ms
                                                                            u1.tp[50][0]     46 92.0ms
                                                                            u1.tp[52][1]    111 89.5ms
                                                                            u0.tp[52][1]    115 88.1ms
                                                                             u1.tp[1][0]     69 86.7ms
                                                                            u1.tp[43][0]     70 85.3ms
                                                                            u0.tp[19][1]     78 85.0ms
                                                                            u1.tp[53][0]     46 84.0ms
                                                                            u0.tp[53][1]    114 83.9ms
                                                                            u0.tp[34][1]    111 83.5ms
                                                                            u0.tp[56][1]     70 82.3ms
                                                                             u0.tp[1][0]     70 82.1ms
                                                                            u0.tp[32][0]     46 82.0ms
                                                                             u0.tp[2][0]     47 80.8ms
                                                                             u0.tp[4][0]     69 80.5ms
                                                                            u0.tp[22][0]     68 80.5ms
                                                                             u0.tp[2][1]    119 80.2ms
                                                                            u1.tp[41][1]    115 78.7ms
                                                                            u1.tp[49][0]     62 78.1ms
                                                                            u1.tp[10][1]    118 78.1ms
                                                                             u1.tp[1][1]    115 78.1ms
                                                                            u0.tp[43][1]    115 77.8ms
                                                                            u0.tp[26][1]    114 77.0ms
                                                                             u0.tp[7][1]    116 76.6ms
                                                                             u0.tp[8][1]    115 75.9ms
                                                                            u0.tp[32][1]    112 75.4ms
                                                                             u1.tp[7][0]     70 75.1ms
                                                                            u1.tp[59][1]     78 74.9ms
                                                                             u0.tp[7][0]     70 74.4ms
                                                                            u0.tp[50][0]     47 73.8ms
                                                                             u1.tp[7][1]    116 73.8ms
                                                                            u0.tp[46][1]     50 73.4ms
                                                                            u1.tp[14][1]    115 72.2ms
                                                                            u1.tp[37][1]    119 71.5ms
                                                                            u1.tp[19][0]     49 71.0ms
                                                                            u0.tp[35][1]    112 69.9ms
                                                                            u1.tp[20][1]     79 69.3ms
                                                                            u0.tp[49][0]     65 69.3ms
                                                                             u0.tp[8][0]     46 68.7ms
                                                                            u1.tp[26][1]    112 68.6ms
                                                                            u0.tp[38][1]    118 68.5ms
                                                                            u0.tp[35][0]     46 68.2ms
                                                                            u1.tp[23][1]    111 68.2ms
                                                                            u0.tp[23][0]     46 67.2ms
                                                                            u1.tp[17][1]    118 67.2ms
                                                                            u0.tp[43][0]     69 66.3ms
                                                                            u0.tp[37][1]    119 66.3ms
                                                                            u1.tp[16][0]     71 66.1ms
                                                                            u1.tp[55][1]     69 66.1ms
                                                                            u1.tp[38][0]     46 65.8ms
                                                                            u0.tp[20][1]     78 65.6ms
                                                                            u1.tp[58][1]     76 64.9ms
                                                                             u0.tp[5][1]    116 64.2ms
                                                                            u0.tp[50][1]    115 64.2ms
                                                                         $PACKER_VCC_NET   3970 64.1ms
                                                                             u1.tp[8][1]    115 64.1ms
                                                                            u1.tp[43][1]    116 63.5ms
                                                                            u1.tp[41][0]     46 63.3ms
                                                                            u1.tp[11][0]     46 62.7ms
                                  $abc$42030$auto$blifparse.cc:557:parse_blif$45049.A[2]      8 62.5ms
                                                                            u1.tp[49][1]    106 62.2ms
                                                                            u1.tp[44][1]    115 62.0ms
                                                                            u1.tp[16][1]    119 61.9ms
                                                                            u1.tp[35][1]    111 61.5ms
                                                                            u1.tp[22][1]    112 61.3ms
                                                                            u0.tp[53][0]     45 61.1ms
                                                                            u0.tp[62][1]     74 60.7ms
                                                                            u1.tp[34][0]     68 60.0ms
                                                                             u1.tp[4][0]     70 59.7ms
                                  $abc$42030$auto$blifparse.cc:557:parse_blif$42752.A[6]      6 59.5ms
                                                                            u0.tp[31][1]    104 59.3ms
                                                                            u1.tp[13][1]    115 58.7ms
                                                                            u0.tp[37][0]     71 58.7ms
                                                                            u1.tp[40][0]     70 58.6ms
                                                                            u0.tp[40][0]     70 58.6ms
                                                                            u0.tp[58][0]     51 58.2ms
                                                                            u1.tp[25][0]     67 57.8ms
                                                                             u1.tp[4][1]    118 57.7ms
                                                                            u1.tp[40][1]    116 57.6ms
                                                                            u1.tp[58][0]     50 57.4ms
                                                                            u1.tp[32][1]    111 57.2ms
                                                                            u1.tp[10][0]     70 56.7ms
                                                                            u0.tp[55][0]     45 55.2ms
                                                                             u1.tp[8][0]     46 53.7ms
                                                                            u1.tp[25][1]    111 53.1ms
                                                                            u1.tp[32][0]     45 53.0ms
                                                                            u1.tp[22][0]     68 52.4ms
                                                                            u1.tp[19][1]     77 51.7ms
                                  $abc$42030$auto$blifparse.cc:557:parse_blif$45077.A[1]      5 50.9ms
                                                                            u0.tp[40][1]    116 50.7ms
                                  $abc$42030$auto$blifparse.cc:557:parse_blif$45838.A[3]      8 50.5ms
                                                                            u0.tp[61][1]     75 50.0ms
                                                                            u0.tp[55][1]     69 49.9ms
                                                                            u1.tp[14][0]     46 49.9ms
                                                                            u0.tp[44][1]    116 48.2ms
                                                                            u1.tp[34][1]    112 48.2ms
                                                                            u1.tp[17][0]     46 47.8ms
                                                                             u0.tp[5][0]     47 47.8ms
                                                                            u1.tp[23][0]     45 46.7ms
                                                                            u1.tp[31][0]     61 46.3ms
                                                                            u1.tp[35][0]     45 46.2ms
                                                                            u1.tp[44][0]     46 46.1ms
                                                                            u1.tp[26][0]     46 45.6ms
                                                                            u0.tp[61][0]     49 44.4ms
                                                                            u0.tp[58][1]     79 43.8ms
                                                                             u1.tp[5][0]     47 43.7ms
                                                                            u0.tp[44][0]     47 43.1ms
                                                                            u0.tp[59][1]     78 42.9ms
                                                                            u0.tp[47][1]     52 41.9ms
                                                                            u1.tp[61][1]     75 41.8ms
                                  $abc$42030$auto$blifparse.cc:557:parse_blif$47181.A[5]      5 40.2ms
                                                                            u0.tp[41][1]    115 38.5ms
                                  $abc$42030$auto$blifparse.cc:557:parse_blif$45240.A[1]      5 37.9ms
                                                                            u1.tp[61][0]     49 36.4ms
                                                                            u1.tp[62][1]     74 36.0ms
                                                                            u1.xr[26][6]      5 33.1ms
                                                                            u0.xr[52][1]      5 32.3ms
                                                                           u0.xr[51][10]      3 31.0ms
                                                                            u0.tp[28][1]     35 29.9ms
                                                                            u0.tp[41][0]     46 27.7ms
                                                                            u1.tp[56][0]     34 27.7ms
                                                                           u1.xr[55][15]     28 26.7ms
                                                                            u0.tp[27][0]     32 26.5ms
                                                                            u1.tp[20][0]     37 25.3ms
                                                                            u1.tp[29][0]     28 24.7ms
                                                                            u0.tp[28][0]     29 24.5ms
                                                                            u0.tp[29][1]     36 24.1ms
                                  $abc$42030$auto$blifparse.cc:557:parse_blif$48684.A[4]      8 23.3ms
                                                                            u1.tp[59][0]     37 23.2ms
                                                                            u1.tp[46][0]     36 22.3ms
                                  $abc$42030$auto$blifparse.cc:557:parse_blif$45240.A[5]      6 21.8ms
                                  $abc$42030$auto$blifparse.cc:557:parse_blif$48387.A[3]      5 21.5ms
                                                                           u0.xr[25][15]     28 21.0ms
                                                                            u1.tp[62][0]     35 20.5ms
                                  $abc$42030$auto$blifparse.cc:557:parse_blif$46245.A[2]      8 20.4ms
                                                                             u0.corr[19]      1 20.0ms
                                                                            u0.tp[56][0]     34 19.7ms
                                                                            u1.tp[28][0]     30 19.6ms
                                                                           u0.xr[27][15]     19 19.5ms
                                                                            u0.tp[20][0]     36 19.5ms
                                                                            u0.tp[27][1]     32 19.2ms
                                  $abc$42030$auto$blifparse.cc:557:parse_blif$45619.A[0]      4 19.1ms
                                  $abc$42030$auto$blifparse.cc:557:parse_blif$43234.A[0]      4 19.1ms
                                                                            u0.xr[52][2]      5 18.7ms
                                                                            u0.tp[62][0]     35 18.6ms
                                                                            u1.xr[7][15]     27 18.5ms
                                                                           u1.xr[22][15]     27 18.2ms
                                                                            u0.tp[12][1]     24 18.2ms
                                                                            u1.tp[29][1]     40 18.0ms
                                  $abc$42030$auto$blifparse.cc:557:parse_blif$45951.A[2]     10 17.6ms
                                                                            u1.tp[47][0]     31 17.4ms
                                                                            u0.tp[15][1]     24 17.3ms
                                                                            u0.tp[47][0]     31 17.1ms
                                  $abc$42030$auto$blifparse.cc:557:parse_blif$45981.A[0]      4 17.0ms
                                                                              u0.corr[2]      1 16.9ms
                                  $abc$42030$auto$blifparse.cc:557:parse_blif$46537.A[6]      8 16.5ms
                                                                            u1.xr[22][1]      5 16.5ms
                                                                           u0.xr[50][15]     28 16.2ms
                                                                            u1.tp[18][0]     24 16.2ms
                                                                           u1.xr[59][15]     27 15.9ms
                                                                           u1.xr[61][15]     28 15.8ms
                                                                            u0.tp[29][0]     27 15.8ms
                                  $abc$42030$auto$blifparse.cc:557:parse_blif$48955.A[4]     11 15.6ms
                                                                            u0.tp[45][1]     25 15.5ms
                                                                           u1.xr[53][15]     27 15.5ms
                                                                             u1.xr[4][0]      5 15.5ms
                                                                            u1.tp[27][1]     30 15.4ms
                                                                           u1.xr[37][15]     28 14.9ms
                                                                            u0.xr[1][15]     27 14.8ms
                                                                           u0.xr[25][11]      5 14.7ms
                                                                            u0.tp[46][0]     36 14.6ms
                                  $abc$42030$auto$blifparse.cc:557:parse_blif$45625.A[3]      6 14.6ms
                                                                             u0.tp[9][1]     24 14.4ms
                                                                           u1.xr[52][15]     26 14.4ms
                                                                           u1.xr[14][15]     26 14.4ms
                                                                            u0.xr[2][15]     28 14.4ms
                                                                           u1.xr[16][15]     28 14.3ms
                                  $abc$42030$auto$blifparse.cc:557:parse_blif$42109.A[5]     12 14.0ms
                                                                            u0.tp[18][1]     24 14.0ms
                                                                            u0.xr[26][5]      5 14.0ms
                                  $abc$42030$auto$blifparse.cc:557:parse_blif$45077.A[4]      6 13.9ms
                                                                            u1.xr[5][15]     28 13.7ms
                                                                             u1.tp[9][0]     24 13.5ms
                                  $abc$42030$auto$blifparse.cc:557:parse_blif$47905.A[0]      4 13.5ms
                                                                            u1.tp[28][1]     38 13.4ms
                                  $abc$42030$auto$blifparse.cc:557:parse_blif$43731.A[3]      7 13.4ms
                                                                               gpio_o[9]      1 13.3ms
                                                                           u0.xr[10][15]     27 13.3ms
                                                                           u0.xr[26][15]     27 13.0ms
                                                                              gpio_o[10]      1 12.9ms
                                              $auto$alumacc.cc:512:replace_alu$3789.Y[6]      3 12.8ms
                                              $auto$alumacc.cc:512:replace_alu$3747.Y[4]      1 12.8ms
                     $techmap56176$abc$42030$auto$blifparse.cc:557:parse_blif$49726.A[0]      8 12.8ms
                                                                            u0.tp[59][0]     36 12.7ms
                                  $abc$42030$auto$blifparse.cc:557:parse_blif$43028.A[5]     10 12.6ms
                                  $abc$42030$auto$blifparse.cc:557:parse_blif$43452.A[1]      4 12.5ms
                                  $abc$42030$auto$blifparse.cc:557:parse_blif$45478.A[6]      5 12.5ms
                                  $abc$42030$auto$blifparse.cc:557:parse_blif$48998.A[4]     11 12.4ms
                                  $abc$42030$auto$blifparse.cc:557:parse_blif$47161.A[6]      3 12.4ms
                                                                           u0.xr[17][15]     26 12.4ms
                                                                             u0.corr[14]      1 12.2ms
                                                                           u0.xr[52][15]     28 12.2ms
                                                                           u1.xr[10][15]     27 12.1ms
                                                                           u0.xr[22][15]     27 12.0ms
                                                                            u0.tp[15][0]     24 11.9ms
                                                                            u0.tp[48][1]     24 11.8ms
                                                                           u1.xr[13][15]     26 11.8ms
                                  $abc$42030$auto$blifparse.cc:557:parse_blif$46044.A[6]     12 11.8ms
                                                                           u1.xr[27][15]     17 11.7ms
                                  $abc$42030$auto$blifparse.cc:557:parse_blif$42311.A[3]     11 11.6ms
                                                                             u1.tp[0][1]     24 11.6ms
                                  $abc$42030$auto$blifparse.cc:557:parse_blif$43846.A[3]      9 11.5ms
                                  $abc$42030$auto$blifparse.cc:557:parse_blif$45405.A[5]      3 11.5ms
                                                                            u1.tp[24][1]     24 11.4ms
                                                                            u1.xr[35][9]      5 11.4ms
                                                                           u0.xr[56][15]     27 11.4ms
                                                                            u1.tp[27][0]     30 11.3ms
                                                                            u0.xr[5][15]     27 11.2ms
                                                                           u1.xr[46][15]     22 11.2ms
                                  $abc$42030$auto$blifparse.cc:557:parse_blif$43048.A[3]      9 11.1ms
                                                                           u0.xr[35][15]     27 11.1ms
                                  $abc$42030$auto$blifparse.cc:557:parse_blif$46062.A[6]     12 11.1ms
                                                                           u1.xr[49][15]     24 11.0ms
                                  $abc$42030$auto$blifparse.cc:557:parse_blif$45077.A[7]      2 10.9ms
                                                                           u1.xr[50][15]     27 10.9ms
                                                                           u1.xr[19][15]     27 10.8ms
                                                                           u1.xr[11][15]     27 10.8ms
                                                                           u1.xr[30][10]      3 10.8ms
                                                                            u1.tp[51][1]     24 10.8ms
                                  $abc$42030$auto$blifparse.cc:557:parse_blif$44148.A[2]     10 10.8ms
                                  $abc$42030$auto$blifparse.cc:557:parse_blif$44350.A[4]      7 10.8ms
                                                                           u1.xr[34][15]     27 10.8ms
                                                                            u1.tp[12][1]     24 10.7ms
                                  $abc$42030$auto$blifparse.cc:557:parse_blif$42268.A[6]      8 10.7ms
                                  $abc$42030$auto$blifparse.cc:557:parse_blif$44927.A[2]      8 10.7ms
                                  $abc$42030$auto$blifparse.cc:557:parse_blif$46537.A[3]      4 10.7ms
                                                                            u1.xr[1][15]     26 10.7ms
                                                                            u0.xr[4][15]     26 10.6ms
                                  $abc$42030$auto$blifparse.cc:557:parse_blif$44652.A[2]     10 10.6ms
                                                                            u1.xr[2][15]     27 10.6ms
                                                                            u1.xr[50][0]      3 10.6ms
                                                                            u0.tp[24][0]     24 10.6ms
                                  $abc$42030$auto$blifparse.cc:557:parse_blif$45394.A[3]     12 10.6ms
                                           $abc$42030$memory\u0.tp$wren[49][0][0]$y$5088      2 10.6ms
                                                                            u0.tp[24][1]     27 10.5ms
                                                                           u1.xr[38][15]     27 10.4ms
                                                                              gpio_o[13]      1 10.4ms
                                                                            u0.tp[33][0]     24 10.4ms
                                                                           u0.xr[13][15]     26 10.4ms
                                                                            u0.tp[45][0]     25 10.4ms
                                                                            u1.xr[48][7]      3 10.4ms
                                                                           u1.xr[26][15]     27 10.4ms
                                  $abc$42030$auto$blifparse.cc:557:parse_blif$43479.A[1]     10 10.2ms
                                                                            u1.xr[4][15]     27 10.2ms
                                  $abc$42030$auto$blifparse.cc:557:parse_blif$49136.A[4]     12 10.2ms
                                  $abc$42030$auto$blifparse.cc:557:parse_blif$45553.A[2]     14 10.2ms
                                                                           u0.xr[40][15]     27 10.1ms
                                  $abc$42030$auto$blifparse.cc:557:parse_blif$44537.A[2]      6 10.1ms
                                                                           u0.xr[32][15]     27 10.1ms
                                  $abc$42030$auto$blifparse.cc:557:parse_blif$44572.A[3]      8 10.0ms
                                                                           u0.xr[11][15]     27 10.0ms
                                                                           u1.xr[40][15]     27 10.0ms
                                                                            u0.tp[51][1]     27 10.0ms
                                  $abc$42030$auto$blifparse.cc:557:parse_blif$47527.A[3]      5 10.0ms
                                                                           u0.xr[23][15]     27 10.0ms
                                                                           u0.xr[19][15]     28 10.0ms
                                              $auto$alumacc.cc:512:replace_alu$3681.Y[1]      3 10.0ms
                                                                            u1.tp[45][0]     25 9.9ms
                                                                            u1.xr[8][15]     26 9.9ms
                                  $abc$42030$auto$blifparse.cc:557:parse_blif$44316.A[2]     10 9.9ms
                                                                            u0.xr[7][15]     27 9.9ms
                                  $abc$42030$auto$blifparse.cc:557:parse_blif$42632.A[6]     12 9.9ms
                     $techmap56205$abc$42030$auto$blifparse.cc:557:parse_blif$49705.A[1]      8 9.9ms
                     $techmap56155$abc$42030$auto$blifparse.cc:557:parse_blif$49734.A[0]      8 9.9ms
                                                                            u0.xr[20][1]      5 9.9ms
                                  $abc$42030$auto$blifparse.cc:557:parse_blif$46012.A[5]     12 9.8ms
                                                                            u1.tp[60][1]     27 9.8ms
                                  $abc$42030$auto$blifparse.cc:557:parse_blif$48542.A[6]      9 9.8ms
                                  $abc$42030$auto$blifparse.cc:557:parse_blif$42995.A[6]     11 9.8ms
                                                                            u0.tp[18][0]     24 9.8ms
                                  $abc$42030$auto$blifparse.cc:557:parse_blif$46696.A[4]      9 9.8ms
                                  $abc$42030$auto$blifparse.cc:557:parse_blif$42134.A[6]     12 9.8ms
                                                                           u0.xr[53][15]     27 9.8ms
                                                                             u1.tp[9][1]     24 9.7ms
                                                                            u0.tp[33][1]     24 9.7ms
                                  $abc$42030$auto$blifparse.cc:557:parse_blif$43679.A[5]      3 9.6ms
                                  $abc$42030$auto$blifparse.cc:557:parse_blif$43785.A[2]     16 9.6ms
                                  $abc$42030$auto$blifparse.cc:557:parse_blif$44572.A[0]      6 9.6ms
                                                                                      v1     24 9.6ms
                                                                            u0.tp[39][1]     24 9.6ms
                                                                           u0.xr[38][15]     27 9.6ms
                                  $abc$42030$auto$blifparse.cc:557:parse_blif$47725.A[6]      8 9.5ms
                                  $abc$42030$auto$blifparse.cc:557:parse_blif$48834.A[1]      4 9.5ms
                                  $abc$42030$auto$blifparse.cc:557:parse_blif$48628.A[3]      8 9.5ms
                                                                           u0.xr[31][15]     19 9.4ms
                                                                             u1.tp[0][0]     24 9.4ms
                                  $abc$42030$auto$blifparse.cc:557:parse_blif$48475.A[6]      8 9.4ms
                                                                           u1.xr[32][15]     26 9.4ms
                                                                           u1.xr[35][15]     26 9.4ms
                                  $abc$42030$auto$blifparse.cc:557:parse_blif$43811.A[2]     10 9.3ms
                                                                            u1.tp[51][0]     24 9.3ms
                                  $abc$42030$auto$blifparse.cc:557:parse_blif$48865.A[5]      3 9.3ms
                                              $auto$alumacc.cc:512:replace_alu$3762.Y[1]      3 9.3ms
                                  $abc$42030$auto$blifparse.cc:557:parse_blif$42382.A[6]     12 9.3ms
                                  $abc$42030$auto$blifparse.cc:557:parse_blif$42832.A[6]     12 9.2ms
                                  $abc$42030$auto$blifparse.cc:557:parse_blif$42100.A[6]     12 9.2ms
                     $techmap56198$abc$42030$auto$blifparse.cc:557:parse_blif$49712.A[0]      7 9.2ms
                                                                           u1.xr[43][15]     27 9.2ms
                                  $abc$42030$auto$blifparse.cc:557:parse_blif$48342.A[4]      6 9.2ms
                                  $abc$42030$auto$blifparse.cc:557:parse_blif$46190.A[6]     12 9.1ms
                                  $abc$42030$auto$blifparse.cc:557:parse_blif$42153.A[5]     12 9.1ms
                                                                            u0.xr[35][5]      5 9.1ms
                                  $abc$42030$auto$blifparse.cc:557:parse_blif$45302.A[6]      2 9.1ms
                                                                           u0.xr[47][15]     23 9.1ms
                                  $abc$42030$auto$blifparse.cc:557:parse_blif$43343.A[3]      9 9.1ms
                                  $abc$42030$auto$blifparse.cc:557:parse_blif$47235.A[6]     11 9.1ms
                                  $abc$42030$auto$blifparse.cc:557:parse_blif$48054.A[4]     11 9.1ms
                                              $auto$alumacc.cc:512:replace_alu$3834.Y[7]      3 9.1ms
                                                                            u0.xr[17][7]      5 9.1ms
                                  $abc$42030$auto$blifparse.cc:557:parse_blif$47374.A[2]     16 9.1ms
                                                                            u0.tp[48][0]     24 9.0ms
                                  $abc$42030$auto$blifparse.cc:557:parse_blif$47987.A[3]      8 9.0ms
                                                                           u0.xr[59][15]     27 9.0ms
                                                                            u0.xr[32][2]      5 8.9ms
                                  $abc$42030$auto$blifparse.cc:557:parse_blif$43075.A[3]      4 8.9ms
                                                                            u0.xr[34][6]      5 8.9ms
                                  $abc$42030$auto$blifparse.cc:557:parse_blif$44484.A[5]      7 8.9ms
                                  $abc$42030$auto$blifparse.cc:557:parse_blif$48794.A[4]      7 8.9ms
                                                                            u1.tp[48][1]     24 8.9ms
                                                                           u0.xr[49][15]     25 8.9ms
                                                                           u1.xr[58][15]     27 8.9ms
                                  $abc$42030$auto$blifparse.cc:557:parse_blif$42760.A[6]     11 8.9ms
                                                                           u0.xr[14][15]     26 8.9ms
                                  $abc$42030$auto$blifparse.cc:557:parse_blif$47881.A[0]      6 8.8ms
                                                                            u0.tp[57][1]     27 8.8ms
                                                                            u1.tp[57][1]     24 8.8ms
                                                                             u0.tp[3][0]     24 8.8ms
                     $techmap59359$abc$42030$auto$blifparse.cc:557:parse_blif$42622.A[2]      3 8.8ms
                                  $abc$42030$auto$blifparse.cc:557:parse_blif$46300.A[6]     12 8.8ms
                                  $abc$42030$auto$blifparse.cc:557:parse_blif$42904.A[4]      8 8.8ms
                                  $abc$42030$auto$blifparse.cc:557:parse_blif$45478.A[5]      9 8.8ms
                                                                           u0.xr[46][15]     22 8.7ms
                                                                            u0.xr[21][6]      3 8.7ms
                                                                            u1.tp[39][0]     24 8.7ms
                                  $abc$42030$auto$blifparse.cc:557:parse_blif$45511.A[2]      8 8.7ms
                                  $abc$42030$auto$blifparse.cc:557:parse_blif$46077.A[2]      8 8.7ms
                                  $abc$42030$auto$blifparse.cc:557:parse_blif$44184.A[5]      3 8.6ms
                                                                           u0.xr[34][15]     26 8.6ms
                                  $abc$42030$auto$blifparse.cc:557:parse_blif$48629.A[3]     10 8.6ms
                                                                            u0.tp[21][0]     24 8.6ms
                                  $abc$42030$auto$blifparse.cc:557:parse_blif$44825.A[1]     10 8.6ms
                                  $abc$42030$auto$blifparse.cc:557:parse_blif$42523.A[5]      8 8.6ms
                                  $abc$42030$auto$blifparse.cc:557:parse_blif$42698.A[5]      8 8.6ms
                                                                            u1.tp[54][0]     24 8.6ms
                                                                            u1.tp[57][0]     24 8.6ms
                                                                           u0.xr[37][15]     28 8.6ms
                                                                            u0.xr[29][5]      3 8.5ms
                                  $abc$42030$auto$blifparse.cc:557:parse_blif$44208.A[3]     12 8.5ms
                                  $abc$42030$auto$blifparse.cc:557:parse_blif$43147.A[2]      9 8.5ms
                                  $abc$42030$auto$blifparse.cc:557:parse_blif$42208.A[3]     12 8.5ms
                                                                           u0.xr[29][15]     11 8.5ms
                                  $abc$42030$auto$blifparse.cc:557:parse_blif$43115.A[3]     12 8.5ms
                                                                              u1.corr[5]      1 8.5ms
                                                                            u0.tp[36][1]     24 8.5ms
                                  $abc$42030$auto$blifparse.cc:557:parse_blif$48809.A[2]      8 8.5ms
                                                                            u1.tp[21][1]     24 8.4ms
                     $techmap57075$abc$42030$auto$blifparse.cc:557:parse_blif$47518.A[2]      2 8.4ms
                                  $abc$42030$auto$blifparse.cc:557:parse_blif$44825.A[0]     12 8.4ms
                                                                           u1.xr[23][15]     26 8.4ms
                                                                            u1.tp[48][0]     24 8.4ms
                                  $abc$42030$auto$blifparse.cc:557:parse_blif$42918.A[7]      6 8.3ms
                                  $abc$42030$auto$blifparse.cc:557:parse_blif$46363.A[5]      9 8.3ms
                                  $abc$42030$auto$blifparse.cc:557:parse_blif$43511.A[3]      9 8.3ms
                                             $auto$alumacc.cc:512:replace_alu$3702.Y[23]      1 8.3ms
                                  $abc$42030$auto$blifparse.cc:557:parse_blif$44518.A[0]     13 8.3ms
                                  $abc$42030$auto$blifparse.cc:557:parse_blif$44236.A[6]      3 8.3ms
                                  $abc$42030$auto$blifparse.cc:557:parse_blif$48054.A[3]     13 8.3ms
                                  $abc$42030$auto$blifparse.cc:557:parse_blif$43619.A[2]     16 8.3ms
                                                                            u1.xr[27][1]      3 8.2ms
                                  $abc$42030$auto$blifparse.cc:557:parse_blif$47846.A[2]      7 8.2ms
                                                                           u0.xr[20][15]     27 8.2ms
                                                                             u0.tp[3][1]     24 8.2ms
                                                                            u0.tp[54][1]     24 8.2ms
                                  $abc$42030$auto$blifparse.cc:557:parse_blif$46321.A[6]     12 8.1ms
                                                                            u1.tp[12][0]     24 8.1ms
                                                                             u1.tp[3][0]     25 8.1ms
                                  $abc$42030$auto$blifparse.cc:557:parse_blif$43179.A[4]     11 8.1ms
                                  $abc$42030$auto$blifparse.cc:557:parse_blif$42748.A[4]     12 8.1ms
                                  $abc$42030$auto$blifparse.cc:557:parse_blif$44544.A[3]     12 8.1ms
                                  $abc$42030$auto$blifparse.cc:557:parse_blif$46044.A[5]     12 8.1ms
                                                                           u0.xr[43][15]     26 8.1ms
                                  $abc$42030$auto$blifparse.cc:557:parse_blif$43380.A[5]      9 8.0ms
                                  $abc$42030$auto$blifparse.cc:557:parse_blif$44518.A[3]      9 8.0ms
                                                                            u1.tp[45][1]     25 8.0ms
                                                                           u1.xr[29][15]     13 8.0ms
                                  $abc$42030$auto$blifparse.cc:557:parse_blif$43811.A[5]      7 8.0ms
                                  $abc$42030$auto$blifparse.cc:557:parse_blif$43217.A[2]      8 8.0ms
                                                                           u0.xr[16][15]     27 8.0ms
                                  $abc$42030$auto$blifparse.cc:557:parse_blif$45437.A[3]      9 8.0ms
                                                                           u1.xr[41][15]     26 8.0ms
                                                                            u1.tp[30][0]     25 8.0ms
                                                                             u1.tp[6][1]     27 7.9ms
                                                                             u0.tp[6][1]     24 7.9ms
                                                                           u1.xr[31][15]     20 7.9ms
                                  $abc$42030$auto$blifparse.cc:557:parse_blif$42117.A[6]     12 7.9ms
                     $techmap56189$abc$42030$auto$blifparse.cc:557:parse_blif$49719.A[0]      8 7.9ms
                                                                            u0.xr[17][5]      5 7.9ms
                                  $abc$42030$auto$blifparse.cc:557:parse_blif$42098.A[6]      8 7.9ms
                                  $abc$42030$auto$blifparse.cc:557:parse_blif$45193.A[3]     12 7.9ms
                                  $abc$42030$auto$blifparse.cc:557:parse_blif$42125.A[0]     12 7.9ms
                                  $abc$42030$auto$blifparse.cc:557:parse_blif$48059.A[3]      7 7.9ms
                                                                           u0.xr[58][15]     28 7.9ms
                                  $abc$42030$auto$blifparse.cc:557:parse_blif$44992.A[0]     12 7.9ms
                                  $abc$42030$auto$blifparse.cc:557:parse_blif$46237.A[5]      8 7.9ms
                                  $abc$42030$auto$blifparse.cc:557:parse_blif$42729.A[6]      9 7.8ms
                                  $abc$42030$auto$blifparse.cc:557:parse_blif$46044.A[3]      8 7.8ms
                                  $abc$42030$auto$blifparse.cc:557:parse_blif$43343.A[0]     13 7.8ms
                     $techmap56801$abc$42030$auto$blifparse.cc:557:parse_blif$45915.A[2]      3 7.8ms
                     $techmap60473$abc$42030$auto$blifparse.cc:557:parse_blif$44673.A[0]      2 7.8ms
                                  $abc$42030$auto$blifparse.cc:557:parse_blif$48097.A[5]     10 7.8ms
                                                                           u0.xr[60][14]      3 7.8ms
                                  $abc$42030$auto$blifparse.cc:557:parse_blif$45820.A[5]     12 7.8ms
                                                                            u0.tp[21][1]     24 7.8ms
                                  $abc$42030$auto$blifparse.cc:557:parse_blif$46772.A[0]     10 7.7ms
                                  $abc$42030$auto$blifparse.cc:557:parse_blif$47987.A[7]      7 7.7ms
                                  $abc$42030$auto$blifparse.cc:557:parse_blif$46632.A[0]     13 7.7ms
                                                                            u0.xr[50][2]      5 7.7ms
                                                                            u0.xr[8][15]     26 7.7ms
                                  $abc$42030$auto$blifparse.cc:557:parse_blif$46577.A[6]     11 7.7ms
                                                                           u0.xr[28][15]     11 7.7ms
                                  $abc$42030$auto$blifparse.cc:557:parse_blif$48797.A[6]      9 7.6ms
                                  $abc$42030$auto$blifparse.cc:557:parse_blif$46300.A[3]      8 7.6ms
                                                                            u0.tp[51][0]     24 7.6ms
                                  $abc$42030$auto$blifparse.cc:557:parse_blif$46735.A[3]     12 7.6ms
                                  $abc$42030$auto$blifparse.cc:557:parse_blif$42339.A[7]      8 7.6ms
                                                                           u0.xr[55][15]     28 7.6ms
                     $techmap56157$abc$42030$auto$blifparse.cc:557:parse_blif$49733.A[1]      8 7.6ms
                                  $abc$42030$auto$blifparse.cc:557:parse_blif$48010.A[3]      8 7.6ms
                                  $abc$42030$auto$blifparse.cc:557:parse_blif$45859.A[5]     12 7.6ms
                                                                            u0.xr[8][14]      5 7.6ms
                                  $abc$42030$auto$blifparse.cc:557:parse_blif$44122.A[1]      8 7.5ms
                                  $abc$42030$auto$blifparse.cc:557:parse_blif$47987.A[0]     10 7.5ms
                                  $abc$42030$auto$blifparse.cc:557:parse_blif$43786.A[3]      6 7.5ms
                                  $abc$42030$auto$blifparse.cc:557:parse_blif$48476.A[3]     16 7.5ms
                                                                           u1.xr[25][15]     26 7.5ms
                                  $abc$42030$auto$blifparse.cc:557:parse_blif$46245.A[6]     12 7.5ms
                                  $abc$42030$auto$blifparse.cc:557:parse_blif$47237.A[0]     11 7.5ms
                                  $abc$42030$auto$blifparse.cc:557:parse_blif$42492.A[5]      8 7.5ms
                                  $abc$42030$auto$blifparse.cc:557:parse_blif$44237.A[3]     10 7.5ms
                                  $abc$42030$auto$blifparse.cc:557:parse_blif$47075.A[6]      7 7.5ms
                                  $abc$42030$auto$blifparse.cc:557:parse_blif$46217.A[6]     12 7.5ms
                                                                           u1.xr[47][15]     23 7.5ms
                                  $abc$42030$auto$blifparse.cc:557:parse_blif$45951.A[7]     10 7.5ms
                                                                           u1.xr[17][15]     27 7.5ms
                                  $abc$42030$auto$blifparse.cc:557:parse_blif$44616.A[4]      5 7.4ms
                                                                           u0.xr[34][14]      3 7.4ms
                                  $abc$42030$auto$blifparse.cc:557:parse_blif$49142.A[6]      9 7.4ms
                                  $abc$42030$auto$blifparse.cc:557:parse_blif$45067.A[3]      7 7.4ms
                                  $abc$42030$auto$blifparse.cc:557:parse_blif$46339.A[6]     12 7.4ms
                     $techmap56181$abc$42030$auto$blifparse.cc:557:parse_blif$49724.A[0]      8 7.4ms
                                                                            u1.tp[15][0]     25 7.4ms
                                  $abc$42030$auto$blifparse.cc:557:parse_blif$46422.A[2]      8 7.4ms
                                  $abc$42030$auto$blifparse.cc:557:parse_blif$44627.A[4]      8 7.4ms
                                                                           u0.xr[28][10]      3 7.4ms
                                  $abc$42030$auto$blifparse.cc:557:parse_blif$47631.A[3]     12 7.3ms
                                  $abc$42030$auto$blifparse.cc:557:parse_blif$42258.A[4]      8 7.3ms
                     $techmap59900$abc$42030$auto$blifparse.cc:557:parse_blif$45642.A[5]      3 7.3ms
                                  $abc$42030$auto$blifparse.cc:557:parse_blif$44321.A[1]     10 7.3ms
                                  $abc$42030$auto$blifparse.cc:557:parse_blif$43609.A[3]      8 7.3ms
                                  $abc$42030$auto$blifparse.cc:557:parse_blif$46062.A[3]      8 7.3ms
                                  $abc$42030$auto$blifparse.cc:557:parse_blif$48460.A[4]     10 7.3ms
                                  $abc$42030$auto$blifparse.cc:557:parse_blif$45077.A[3]      8 7.3ms
                                  $abc$42030$auto$blifparse.cc:557:parse_blif$45721.A[5]     12 7.3ms
                                  $abc$42030$auto$blifparse.cc:557:parse_blif$42780.A[5]      8 7.2ms
                                  $abc$42030$auto$blifparse.cc:557:parse_blif$47476.A[6]      5 7.2ms
                                  $abc$42030$auto$blifparse.cc:557:parse_blif$48593.A[2]      8 7.2ms
                                  $abc$42030$auto$blifparse.cc:557:parse_blif$44016.A[2]      8 7.2ms
                                  $abc$42030$auto$blifparse.cc:557:parse_blif$48460.A[6]      8 7.2ms
                                                                            u0.xr[52][0]      3 7.2ms
                                  $abc$42030$auto$blifparse.cc:557:parse_blif$46313.A[5]     12 7.2ms
                                                                            u1.tp[60][0]     24 7.2ms
                                  $abc$42030$auto$blifparse.cc:557:parse_blif$43620.A[6]      4 7.2ms
                                  $abc$42030$auto$blifparse.cc:557:parse_blif$48685.A[4]      8 7.2ms
                                  $abc$42030$auto$blifparse.cc:557:parse_blif$42974.A[6]      5 7.2ms
                                  $abc$42030$auto$blifparse.cc:557:parse_blif$42117.A[0]      8 7.2ms
                                  $abc$42030$auto$blifparse.cc:557:parse_blif$46603.A[6]      8 7.2ms
                                  $abc$42030$auto$blifparse.cc:557:parse_blif$45369.A[3]     13 7.2ms
                                  $abc$42030$auto$blifparse.cc:557:parse_blif$42780.A[3]     12 7.2ms
                                                                            u1.xr[36][7]      3 7.1ms
                                                                            u0.tp[54][0]     24 7.1ms
                                                                           u1.xr[56][15]     27 7.1ms
                                  $abc$42030$auto$blifparse.cc:557:parse_blif$47080.A[2]      8 7.1ms
                                  $abc$42030$auto$blifparse.cc:557:parse_blif$49053.A[1]      9 7.1ms
                                                                            u1.tp[18][1]     27 7.1ms
                                  $abc$42030$auto$blifparse.cc:557:parse_blif$46407.A[2]      4 7.1ms
                                  $abc$42030$auto$blifparse.cc:557:parse_blif$42176.A[6]      8 7.1ms
                                  $abc$42030$auto$blifparse.cc:557:parse_blif$42176.A[3]      8 7.1ms
                                  $abc$42030$auto$blifparse.cc:557:parse_blif$42258.A[6]      9 7.1ms
                                  $abc$42030$auto$blifparse.cc:557:parse_blif$44795.A[3]      6 7.1ms
                                                                            u1.tp[54][1]     24 7.1ms
                                  $abc$42030$auto$blifparse.cc:557:parse_blif$46263.A[6]     12 7.1ms
                                             $auto$alumacc.cc:512:replace_alu$3876.Y[16]      1 7.0ms
                                  $abc$42030$auto$blifparse.cc:557:parse_blif$47709.A[3]      9 7.0ms
                                                                            u1.tp[33][1]     24 7.0ms
                                                                           u0.xr[38][14]      5 7.0ms
                                                                            u1.tp[36][1]     24 7.0ms
                                  $abc$42030$auto$blifparse.cc:557:parse_blif$42585.A[2]      4 7.0ms
                                  $abc$42030$auto$blifparse.cc:557:parse_blif$49379.A[0]      6 7.0ms
                                  $abc$42030$auto$blifparse.cc:557:parse_blif$48209.A[1]      4 7.0ms
                                  $abc$42030$auto$blifparse.cc:557:parse_blif$46561.A[6]      8 7.0ms
                                  $abc$42030$auto$blifparse.cc:557:parse_blif$45923.A[7]      2 7.0ms
                                  $abc$42030$auto$blifparse.cc:557:parse_blif$49312.A[6]      4 7.0ms
                                  $abc$42030$auto$blifparse.cc:557:parse_blif$46133.A[2]      6 7.0ms
                                  $abc$42030$auto$blifparse.cc:557:parse_blif$44686.A[3]      9 7.0ms
                                  $abc$42030$auto$blifparse.cc:557:parse_blif$44014.A[5]      8 7.0ms
                                  $abc$42030$auto$blifparse.cc:557:parse_blif$42258.A[3]      8 7.0ms
                                                                               gpio_o[5]      1 7.0ms
                                                                            u0.tp[42][1]     24 7.0ms
                                  $abc$42030$auto$blifparse.cc:557:parse_blif$46237.A[3]     12 7.0ms
                                  $abc$42030$auto$blifparse.cc:557:parse_blif$46939.A[3]      6 7.0ms
                                  $abc$42030$auto$blifparse.cc:557:parse_blif$42711.A[3]      8 7.0ms
                                  $abc$42030$auto$blifparse.cc:557:parse_blif$46939.A[6]      4 7.0ms
                                  $abc$42030$auto$blifparse.cc:557:parse_blif$47881.A[7]      7 6.9ms
                                  $abc$42030$auto$blifparse.cc:557:parse_blif$44182.A[3]      9 6.9ms
                                  $abc$42030$auto$blifparse.cc:557:parse_blif$48644.A[2]      6 6.9ms
                                  $abc$42030$auto$blifparse.cc:557:parse_blif$46077.A[3]     12 6.9ms
                                  $abc$42030$auto$blifparse.cc:557:parse_blif$45606.A[5]      4 6.9ms
                                  $abc$42030$auto$blifparse.cc:557:parse_blif$42604.A[6]     12 6.9ms
                                                                            u1.tp[21][0]     24 6.9ms
                                                                               gpio_o[4]      1 6.9ms
                                  $abc$42030$auto$blifparse.cc:557:parse_blif$43343.A[4]      7 6.9ms
                                  $abc$42030$auto$blifparse.cc:557:parse_blif$47235.A[7]     10 6.9ms
                                                                           u0.xr[44][15]     27 6.9ms
                                  $abc$42030$auto$blifparse.cc:557:parse_blif$47244.A[4]      4 6.9ms
                                  $abc$42030$auto$blifparse.cc:557:parse_blif$43208.A[3]     12 6.9ms
                                  $abc$42030$auto$blifparse.cc:557:parse_blif$42787.A[2]      8 6.8ms
                                  $abc$42030$auto$blifparse.cc:557:parse_blif$48342.A[6]      8 6.8ms
                                  $abc$42030$auto$blifparse.cc:557:parse_blif$43955.A[4]      8 6.8ms
                                                                            u1.xr[58][3]      5 6.8ms
                                  $abc$42030$auto$blifparse.cc:557:parse_blif$48937.A[0]     10 6.8ms
                                  $abc$42030$auto$blifparse.cc:557:parse_blif$46657.A[2]      8 6.8ms
                                  $abc$42030$auto$blifparse.cc:557:parse_blif$48900.A[4]      8 6.8ms
                                                                            u1.tp[30][1]     25 6.8ms
                                  $abc$42030$auto$blifparse.cc:557:parse_blif$49089.A[5]     14 6.8ms
                                                                            u0.xr[52][9]      5 6.7ms
                     $techmap56211$abc$42030$auto$blifparse.cc:557:parse_blif$49700.A[0]      8 6.7ms
                                  $abc$42030$auto$blifparse.cc:557:parse_blif$49398.A[1]      7 6.7ms
                                  $abc$42030$auto$blifparse.cc:557:parse_blif$45478.A[4]     11 6.7ms
                                                                           u1.xr[20][15]     28 6.7ms
                                  $abc$42030$auto$blifparse.cc:557:parse_blif$44350.A[0]     13 6.7ms
                                  $abc$42030$auto$blifparse.cc:557:parse_blif$44123.A[4]      8 6.7ms
                                  $abc$42030$auto$blifparse.cc:557:parse_blif$49147.A[5]      6 6.7ms
                                  $abc$42030$auto$blifparse.cc:557:parse_blif$45631.A[6]      3 6.7ms
                                                                             u0.tp[9][0]     24 6.7ms
                                  $abc$42030$auto$blifparse.cc:557:parse_blif$46012.A[2]      8 6.7ms
                                                                            u1.xr[4][13]      5 6.7ms
                                                                            u0.xr[59][1]      5 6.7ms
                     $techmap56172$abc$42030$auto$blifparse.cc:557:parse_blif$49728.A[0]      8 6.6ms
                                  $abc$42030$auto$blifparse.cc:557:parse_blif$42974.A[1]      4 6.6ms
                                  $abc$42030$auto$blifparse.cc:557:parse_blif$42239.A[6]      4 6.6ms
                                                                           u0.xr[14][10]      5 6.6ms
                                  $abc$42030$auto$blifparse.cc:557:parse_blif$45440.A[3]     12 6.6ms
                                  $abc$42030$auto$blifparse.cc:557:parse_blif$45622.A[6]      3 6.6ms
                                  $abc$42030$auto$blifparse.cc:557:parse_blif$44518.A[4]      7 6.6ms
                                  $abc$42030$auto$blifparse.cc:557:parse_blif$49379.A[2]      6 6.6ms
                                  $abc$42030$auto$blifparse.cc:557:parse_blif$48714.A[2]      9 6.6ms
                                                                            u0.tp[60][0]     24 6.6ms
                                  $abc$42030$auto$blifparse.cc:557:parse_blif$47538.A[6]      5 6.6ms
                                  $abc$42030$auto$blifparse.cc:557:parse_blif$44484.A[2]     10 6.6ms
                                                                             u1.xr[4][4]      5 6.5ms
                                  $abc$42030$auto$blifparse.cc:557:parse_blif$47208.A[1]      8 6.5ms
                                                                            u1.xr[51][9]      3 6.5ms
                                                                            u0.tp[36][0]     24 6.5ms
                                  $abc$42030$auto$blifparse.cc:557:parse_blif$47285.A[2]      6 6.5ms
                                                                            u1.xr[18][5]      3 6.5ms
                                  $abc$42030$auto$blifparse.cc:557:parse_blif$47266.A[5]      8 6.5ms
                                  $abc$42030$auto$blifparse.cc:557:parse_blif$45190.A[4]      7 6.5ms
                     $techmap56290$abc$42030$auto$blifparse.cc:557:parse_blif$49611.A[1]      8 6.5ms
                                  $abc$42030$auto$blifparse.cc:557:parse_blif$43397.A[6]      3 6.5ms
                     $techmap56441$abc$42030$auto$blifparse.cc:557:parse_blif$46419.A[3]      4 6.5ms
                                  $abc$42030$auto$blifparse.cc:557:parse_blif$44040.A[5]     11 6.5ms
                                  $abc$42030$auto$blifparse.cc:557:parse_blif$47003.A[6]      9 6.5ms
                                  $abc$42030$auto$blifparse.cc:557:parse_blif$47871.A[3]      7 6.5ms
                                  $abc$42030$auto$blifparse.cc:557:parse_blif$47631.A[6]     12 6.5ms
                                                                           u0.xr[15][15]     11 6.5ms
                                  $abc$42030$auto$blifparse.cc:557:parse_blif$45981.A[3]     12 6.5ms
                                  $abc$42030$auto$blifparse.cc:557:parse_blif$47640.A[3]      6 6.4ms
                                                                            u1.xr[52][3]      5 6.4ms
                                                                           u0.xr[61][15]     28 6.4ms
                                                                           u1.xr[27][14]      3 6.4ms
                                  $abc$42030$auto$blifparse.cc:557:parse_blif$45296.A[4]      8 6.4ms
                                  $abc$42030$auto$blifparse.cc:557:parse_blif$45951.A[5]      8 6.4ms
                                                                           u1.xr[62][15]     26 6.4ms
                                  $abc$42030$auto$blifparse.cc:557:parse_blif$45354.A[3]     14 6.4ms
                                                                             u1.xr[0][5]      3 6.4ms
                                                                            u0.tp[30][0]     25 6.4ms
                                  $abc$42030$auto$blifparse.cc:557:parse_blif$48280.A[6]      8 6.4ms
                                  $abc$42030$auto$blifparse.cc:557:parse_blif$47701.A[4]      9 6.3ms
                                                                           u1.xr[28][15]     12 6.3ms
                                  $abc$42030$auto$blifparse.cc:557:parse_blif$45475.A[0]     14 6.3ms
                                  $abc$42030$auto$blifparse.cc:557:parse_blif$46100.A[6]      2 6.3ms
                                                                            u0.xr[42][2]      3 6.3ms
                                  $abc$42030$auto$blifparse.cc:557:parse_blif$47987.A[2]     10 6.3ms
                                  $abc$42030$auto$blifparse.cc:557:parse_blif$45589.A[1]      6 6.3ms
                                  $abc$42030$auto$blifparse.cc:557:parse_blif$47629.A[2]      9 6.3ms
                                                                           u0.xr[23][11]      5 6.3ms
                                  $abc$42030$auto$blifparse.cc:557:parse_blif$45851.A[2]      4 6.3ms
                                  $abc$42030$auto$blifparse.cc:557:parse_blif$44489.A[1]     10 6.3ms
                     $techmap56216$abc$42030$auto$blifparse.cc:557:parse_blif$49697.A[0]      8 6.3ms
                                                                             u0.tp[6][0]     24 6.3ms
                                                                            u1.tp[36][0]     24 6.3ms
                                  $abc$42030$auto$blifparse.cc:557:parse_blif$42956.A[6]      4 6.3ms
                                  $abc$42030$auto$blifparse.cc:557:parse_blif$46476.A[6]      5 6.2ms
                                  $abc$42030$auto$blifparse.cc:557:parse_blif$45746.A[2]      8 6.2ms
                                  $abc$42030$auto$blifparse.cc:557:parse_blif$42432.A[6]     12 6.2ms
                                  $abc$42030$auto$blifparse.cc:557:parse_blif$46939.A[2]      8 6.2ms
                     $techmap60092$abc$42030$auto$blifparse.cc:557:parse_blif$45451.A[3]      4 6.2ms
                                  $abc$42030$auto$blifparse.cc:557:parse_blif$48998.A[5]     10 6.2ms
                                  $abc$42030$auto$blifparse.cc:557:parse_blif$44148.A[5]      7 6.2ms
                                  $abc$42030$auto$blifparse.cc:557:parse_blif$47070.A[6]      4 6.2ms
                                  $abc$42030$auto$blifparse.cc:557:parse_blif$47629.A[5]      8 6.2ms
                                                                            u0.xr[4][14]      5 6.2ms
                                  $abc$42030$auto$blifparse.cc:557:parse_blif$48475.A[2]      5 6.2ms
                                  $abc$42030$auto$blifparse.cc:557:parse_blif$45049.A[1]      8 6.1ms
                                  $abc$42030$auto$blifparse.cc:557:parse_blif$42374.A[6]     11 6.1ms
                                  $abc$42030$auto$blifparse.cc:557:parse_blif$46044.A[2]      8 6.1ms
                                                                           u0.xr[36][15]     11 6.1ms
                                  $abc$42030$auto$blifparse.cc:557:parse_blif$42819.A[3]     12 6.1ms
                                  $abc$42030$auto$blifparse.cc:557:parse_blif$48097.A[4]      5 6.1ms
                                  $abc$42030$auto$blifparse.cc:557:parse_blif$47045.A[2]      6 6.1ms
                                                                             u0.tp[0][1]     24 6.1ms
                                                                            u0.xr[11][5]      5 6.1ms
                                  $abc$42030$auto$blifparse.cc:557:parse_blif$47245.A[5]      4 6.1ms
                                  $abc$42030$auto$blifparse.cc:557:parse_blif$48095.A[3]      7 6.1ms
                                                                            u0.xr[31][7]      5 6.1ms
                                                                            u1.tp[33][0]     24 6.1ms
                                                                            u1.xr[49][0]      3 6.1ms
                                  $abc$42030$auto$blifparse.cc:557:parse_blif$45619.A[3]      6 6.1ms
                                                                           u0.xr[41][15]     26 6.1ms
                                  $abc$42030$auto$blifparse.cc:557:parse_blif$46443.A[6]     12 6.0ms
                                  $abc$42030$auto$blifparse.cc:557:parse_blif$43322.A[2]      7 6.0ms
                                                                            u0.tp[39][0]     24 6.0ms
                                  $abc$42030$auto$blifparse.cc:557:parse_blif$43473.A[2]     10 6.0ms
                                                                            u0.xr[49][2]      5 6.0ms
                                  $abc$42030$auto$blifparse.cc:557:parse_blif$43479.A[0]     12 6.0ms
                                  $abc$42030$auto$blifparse.cc:557:parse_blif$42311.A[2]      8 6.0ms
                                                                            u0.tp[12][0]     24 6.0ms
                                  $abc$42030$auto$blifparse.cc:557:parse_blif$47538.A[5]      8 6.0ms
                                  $abc$42030$auto$blifparse.cc:557:parse_blif$43954.A[2]     16 6.0ms
                                  $abc$42030$auto$blifparse.cc:557:parse_blif$45588.A[2]      6 6.0ms
                                  $abc$42030$auto$blifparse.cc:557:parse_blif$44280.A[3]      8 6.0ms
                                                                            u1.xr[50][3]      5 6.0ms
                                                                            u1.xr[53][4]      5 6.0ms
                                  $abc$42030$auto$blifparse.cc:557:parse_blif$48476.A[6]      9 6.0ms
                                           $abc$42030$memory\u1.tp$wren[41][0][0]$y$5620      2 5.9ms
                                  $abc$42030$auto$blifparse.cc:557:parse_blif$45561.A[4]      9 5.9ms
                                  $abc$42030$auto$blifparse.cc:557:parse_blif$43901.A[2]     10 5.9ms
                                                                            u1.xr[36][6]      3 5.9ms
                                  $abc$42030$auto$blifparse.cc:557:parse_blif$43451.A[1]      8 5.9ms
                                  $abc$42030$auto$blifparse.cc:557:parse_blif$47733.A[5]      8 5.9ms
                                                                           u1.xr[50][11]      5 5.9ms
                                  $abc$42030$auto$blifparse.cc:557:parse_blif$48522.A[5]     12 5.9ms
                                  $abc$42030$auto$blifparse.cc:557:parse_blif$45616.A[2]      9 5.9ms
                                  $abc$42030$auto$blifparse.cc:557:parse_blif$48973.A[0]     13 5.9ms
                     $techmap56304$abc$42030$auto$blifparse.cc:557:parse_blif$49595.A[1]      8 5.9ms
                     $techmap56265$abc$42030$auto$blifparse.cc:557:parse_blif$49650.A[1]      8 5.9ms
                                  $abc$42030$auto$blifparse.cc:557:parse_blif$45511.A[4]      8 5.9ms
                                  $abc$42030$auto$blifparse.cc:557:parse_blif$45553.A[1]     14 5.9ms
                                                                            u1.xr[25][4]      5 5.9ms
                                  $abc$42030$auto$blifparse.cc:557:parse_blif$42904.A[3]      8 5.9ms
                                  $abc$42030$auto$blifparse.cc:557:parse_blif$48548.A[1]      6 5.8ms
                                  $abc$42030$auto$blifparse.cc:557:parse_blif$43440.A[3]      8 5.8ms
                                  $abc$42030$auto$blifparse.cc:557:parse_blif$42904.A[6]      5 5.8ms
                                  $abc$42030$auto$blifparse.cc:557:parse_blif$45078.A[3]     10 5.8ms
                                  $abc$42030$auto$blifparse.cc:557:parse_blif$44987.A[0]      5 5.8ms
                                  $abc$42030$auto$blifparse.cc:557:parse_blif$46469.A[3]      9 5.8ms
                                  $abc$42030$auto$blifparse.cc:557:parse_blif$46135.A[5]      8 5.8ms
                                  $abc$42030$auto$blifparse.cc:557:parse_blif$45712.A[1]      8 5.8ms
                                  $abc$42030$auto$blifparse.cc:557:parse_blif$48751.A[2]      6 5.8ms
                                  $abc$42030$auto$blifparse.cc:557:parse_blif$45405.A[2]      7 5.8ms
                                  $abc$42030$auto$blifparse.cc:557:parse_blif$44794.A[2]     16 5.8ms
                                  $abc$42030$auto$blifparse.cc:557:parse_blif$46696.A[2]      8 5.8ms
                                  $abc$42030$auto$blifparse.cc:557:parse_blif$46077.A[4]      8 5.8ms
                                  $abc$42030$auto$blifparse.cc:557:parse_blif$47538.A[7]      3 5.8ms
                                  $abc$42030$auto$blifparse.cc:557:parse_blif$48460.A[5]     10 5.8ms
                                                                            u0.xr[31][4]      5 5.8ms
                                                                           u0.xr[39][15]     11 5.8ms
                                  $abc$42030$auto$blifparse.cc:557:parse_blif$46634.A[6]     12 5.8ms
                                                                           u1.xr[52][10]      5 5.8ms
                                  $abc$42030$auto$blifparse.cc:557:parse_blif$46813.A[3]     12 5.8ms
                                  $abc$42030$auto$blifparse.cc:557:parse_blif$43097.A[2]      8 5.8ms
                     $techmap60143$abc$42030$auto$blifparse.cc:557:parse_blif$45025.A[3]      3 5.8ms
                                                                            u1.xr[59][2]      5 5.8ms
                                                                            u1.tp[24][0]     24 5.8ms
                                  $abc$42030$auto$blifparse.cc:557:parse_blif$46997.A[2]      6 5.8ms
                                  $abc$42030$auto$blifparse.cc:557:parse_blif$43217.A[6]      2 5.8ms
                                  $abc$42030$auto$blifparse.cc:557:parse_blif$45628.A[3]      6 5.8ms
                                  $abc$42030$auto$blifparse.cc:557:parse_blif$42339.A[5]     12 5.7ms
                                  $abc$42030$auto$blifparse.cc:557:parse_blif$44208.A[1]      8 5.7ms
                                  $abc$42030$auto$blifparse.cc:557:parse_blif$45285.A[3]     12 5.7ms
                                  $abc$42030$auto$blifparse.cc:557:parse_blif$47075.A[2]      8 5.7ms
                                  $abc$42030$auto$blifparse.cc:557:parse_blif$45781.A[3]      8 5.7ms
                                              $auto$alumacc.cc:512:replace_alu$3792.Y[5]      3 5.7ms
                                  $abc$42030$auto$blifparse.cc:557:parse_blif$44908.A[0]      8 5.7ms
                                  $abc$42030$auto$blifparse.cc:557:parse_blif$42561.A[2]      7 5.7ms
                                  $abc$42030$auto$blifparse.cc:557:parse_blif$45163.A[0]     12 5.7ms
                                                                            u0.xr[25][7]      5 5.7ms
                                  $abc$42030$auto$blifparse.cc:557:parse_blif$46561.A[5]      5 5.7ms
                                  $abc$42030$auto$blifparse.cc:557:parse_blif$47988.A[3]      6 5.7ms
                                  $abc$42030$auto$blifparse.cc:557:parse_blif$42778.A[3]      6 5.7ms
                                  $abc$42030$auto$blifparse.cc:557:parse_blif$48889.A[3]     12 5.7ms
                                                                           u0.xr[34][11]      5 5.7ms
                                  $abc$42030$auto$blifparse.cc:557:parse_blif$42125.A[5]      8 5.7ms
                                                                            u1.xr[36][4]      3 5.7ms
                                  $abc$42030$auto$blifparse.cc:557:parse_blif$47494.A[6]      5 5.7ms
                                                                           u0.xr[53][14]      5 5.7ms
                                  $abc$42030$auto$blifparse.cc:557:parse_blif$42721.A[3]     12 5.7ms
                                  $abc$42030$auto$blifparse.cc:557:parse_blif$48541.A[7]      7 5.7ms
                                  $abc$42030$auto$blifparse.cc:557:parse_blif$45765.A[5]     12 5.7ms
                                  $abc$42030$auto$blifparse.cc:557:parse_blif$45432.A[4]      9 5.7ms
                                  $abc$42030$auto$blifparse.cc:557:parse_blif$44572.A[7]      2 5.7ms
                                  $abc$42030$auto$blifparse.cc:557:parse_blif$48999.A[2]      8 5.7ms
                                  $abc$42030$auto$blifparse.cc:557:parse_blif$43713.A[5]      9 5.7ms
                                  $abc$42030$auto$blifparse.cc:557:parse_blif$48023.A[0]      4 5.6ms
                                  $abc$42030$auto$blifparse.cc:557:parse_blif$46453.A[4]      3 5.6ms
                                  $abc$42030$auto$blifparse.cc:557:parse_blif$44854.A[3]      9 5.6ms
                     $techmap57215$abc$42030$auto$blifparse.cc:557:parse_blif$46989.A[2]      3 5.6ms
                     $techmap56187$abc$42030$auto$blifparse.cc:557:parse_blif$49720.A[0]      7 5.6ms
                                  $abc$42030$auto$blifparse.cc:557:parse_blif$48059.A[2]     10 5.6ms
                                  $abc$42030$auto$blifparse.cc:557:parse_blif$44962.A[3]      6 5.6ms
                                  $abc$42030$auto$blifparse.cc:557:parse_blif$48988.A[3]      7 5.6ms
                                  $abc$42030$auto$blifparse.cc:557:parse_blif$43537.A[5]     11 5.6ms
                                                                           u0.xr[62][15]     26 5.6ms
                                                                            u0.xr[25][6]      5 5.6ms
                                  $abc$42030$auto$blifparse.cc:557:parse_blif$48240.A[3]      6 5.6ms
                                                                           u1.xr[44][15]     26 5.6ms
                                                                            u1.xr[61][5]      3 5.6ms
                                  $abc$42030$auto$blifparse.cc:557:parse_blif$45712.A[6]     12 5.6ms
                                  $abc$42030$auto$blifparse.cc:557:parse_blif$49309.A[2]      5 5.6ms
                                  $abc$42030$auto$blifparse.cc:557:parse_blif$43398.A[3]      7 5.6ms
                                  $abc$42030$auto$blifparse.cc:557:parse_blif$48054.A[7]      5 5.6ms
                                                                            u0.xr[34][9]      5 5.6ms
                                  $abc$42030$auto$blifparse.cc:557:parse_blif$48685.A[5]      6 5.6ms
                                  $abc$42030$auto$blifparse.cc:557:parse_blif$44235.A[0]      4 5.6ms
                                  $abc$42030$auto$blifparse.cc:557:parse_blif$48134.A[1]      4 5.6ms
                                  $abc$42030$auto$blifparse.cc:557:parse_blif$43619.A[1]      8 5.6ms
                                  $abc$42030$auto$blifparse.cc:557:parse_blif$49111.A[5]      7 5.6ms
                                  $abc$42030$auto$blifparse.cc:557:parse_blif$42904.A[2]      8 5.6ms
                                                                            u1.xr[5][12]      5 5.6ms
                                                                              gpio_o[33]      1 5.5ms
                                                                            u0.xr[19][2]      5 5.5ms
                                  $abc$42030$auto$blifparse.cc:557:parse_blif$42125.A[6]     12 5.5ms
                                  $abc$42030$auto$blifparse.cc:557:parse_blif$48618.A[3]      7 5.5ms
                                  $abc$42030$auto$blifparse.cc:557:parse_blif$44741.A[2]     10 5.5ms
                                  $abc$42030$auto$blifparse.cc:557:parse_blif$47741.A[2]      6 5.5ms
                                  $abc$42030$auto$blifparse.cc:557:parse_blif$43025.A[4]      8 5.5ms
                                                                           u1.xr[37][12]      5 5.5ms
                                                                            u0.xr[19][0]      5 5.5ms
                                  $abc$42030$auto$blifparse.cc:557:parse_blif$49518.A[7]      9 5.5ms
                     $techmap61585$abc$42030$auto$blifparse.cc:557:parse_blif$45602.A[4]      3 5.5ms
                                                                           u1.xr[25][10]      5 5.5ms
                     $techmap56149$abc$42030$auto$blifparse.cc:557:parse_blif$49735.A[1]      8 5.5ms
                                  $abc$42030$auto$blifparse.cc:557:parse_blif$46960.A[6]     11 5.5ms
                                                                           u0.xr[19][10]      3 5.5ms
                                  $abc$42030$auto$blifparse.cc:557:parse_blif$42650.A[6]     12 5.5ms
                                  $abc$42030$auto$blifparse.cc:557:parse_blif$49044.A[3]     12 5.5ms
                                  $abc$42030$auto$blifparse.cc:557:parse_blif$47655.A[3]      8 5.5ms
                                  $abc$42030$auto$blifparse.cc:557:parse_blif$42882.A[4]      8 5.5ms
                                  $abc$42030$auto$blifparse.cc:557:parse_blif$44448.A[3]      8 5.5ms
                                  $abc$42030$auto$blifparse.cc:557:parse_blif$48001.A[6]      8 5.5ms
                                  $abc$42030$auto$blifparse.cc:557:parse_blif$46313.A[6]      3 5.5ms
                                  $abc$42030$auto$blifparse.cc:557:parse_blif$42288.A[5]      8 5.5ms
                                                                           u0.xr[15][14]      3 5.5ms
                                                                              gpio_o[42]      1 5.5ms
                                                                           u1.xr[54][12]      3 5.5ms
                                                                            u0.xr[31][0]      5 5.5ms
                                  $abc$42030$auto$blifparse.cc:557:parse_blif$46781.A[4]      6 5.5ms
                                  $abc$42030$auto$blifparse.cc:557:parse_blif$48573.A[3]      9 5.5ms
                                                                           u1.xr[13][12]      5 5.5ms
                                  $abc$42030$auto$blifparse.cc:557:parse_blif$48930.A[3]      6 5.5ms
                                  $abc$42030$auto$blifparse.cc:557:parse_blif$46613.A[3]      8 5.5ms
                                  $abc$42030$auto$blifparse.cc:557:parse_blif$44184.A[2]      8 5.4ms
                                  $abc$42030$auto$blifparse.cc:557:parse_blif$42417.A[2]      8 5.4ms
                                                                            u1.tp[42][1]     24 5.4ms
                                  $abc$42030$auto$blifparse.cc:557:parse_blif$44794.A[4]      8 5.4ms
                                  $abc$42030$auto$blifparse.cc:557:parse_blif$43920.A[4]      4 5.4ms
                                  $abc$42030$auto$blifparse.cc:557:parse_blif$47041.A[6]      3 5.4ms
                     $techmap59436$abc$42030$auto$blifparse.cc:557:parse_blif$42620.A[1]      4 5.4ms
                                                                            u1.xr[35][2]      5 5.4ms
                                  $abc$42030$auto$blifparse.cc:557:parse_blif$43130.A[0]      6 5.4ms
                                                                           u1.xr[23][11]      5 5.4ms
                                  $abc$42030$auto$blifparse.cc:557:parse_blif$45302.A[5]      6 5.4ms
                                                                             u0.tp[0][0]     24 5.4ms
                                                                            u0.xr[13][1]      5 5.4ms
                                  $abc$42030$auto$blifparse.cc:557:parse_blif$45429.A[5]      6 5.4ms
                                  $abc$42030$auto$blifparse.cc:557:parse_blif$47080.A[6]      2 5.4ms
                                                                               gpio_o[7]      1 5.4ms
                                  $abc$42030$auto$blifparse.cc:557:parse_blif$44014.A[0]     13 5.4ms
                                  $abc$42030$auto$blifparse.cc:557:parse_blif$49504.A[4]      9 5.4ms
                                                                           u0.xr[35][10]      5 5.4ms
                                                                            u1.xr[43][1]      5 5.4ms
                                  $abc$42030$auto$blifparse.cc:557:parse_blif$43433.A[6]      2 5.4ms
                                                                           u1.xr[25][13]      5 5.4ms
                                  $abc$42030$auto$blifparse.cc:557:parse_blif$42117.A[1]      8 5.4ms
                                  $abc$42030$auto$blifparse.cc:557:parse_blif$42288.A[4]      8 5.4ms
                                  $abc$42030$auto$blifparse.cc:557:parse_blif$45170.A[2]      8 5.4ms
                                  $abc$42030$auto$blifparse.cc:557:parse_blif$46831.A[3]      7 5.3ms
                                  $abc$42030$auto$blifparse.cc:557:parse_blif$48794.A[3]      9 5.3ms
                                  $abc$42030$auto$blifparse.cc:557:parse_blif$48816.A[3]     12 5.3ms
                                                                            u1.xr[52][6]      5 5.3ms
                                  $abc$42030$auto$blifparse.cc:557:parse_blif$47208.A[5]     12 5.3ms
                                  $abc$42030$auto$blifparse.cc:557:parse_blif$48029.A[5]      8 5.3ms
                                                                           u0.xr[48][15]     11 5.3ms
                                                                            u0.xr[21][4]      3 5.3ms
                                  $abc$42030$auto$blifparse.cc:557:parse_blif$47881.A[5]      7 5.3ms
                                  $abc$42030$auto$blifparse.cc:557:parse_blif$47292.A[3]     12 5.3ms
                                  $abc$42030$auto$blifparse.cc:557:parse_blif$45552.A[3]     13 5.3ms
                                  $abc$42030$auto$blifparse.cc:557:parse_blif$44784.A[3]      8 5.3ms
                                                                            u1.xr[44][2]      5 5.3ms
                                                                           u1.xr[23][10]      5 5.3ms
                                  $abc$42030$auto$blifparse.cc:557:parse_blif$42268.A[2]      5 5.3ms
                                  $abc$42030$auto$blifparse.cc:557:parse_blif$44112.A[4]      5 5.3ms
                                  $abc$42030$auto$blifparse.cc:557:parse_blif$48280.A[5]     10 5.3ms
                                  $abc$42030$auto$blifparse.cc:557:parse_blif$45746.A[6]     12 5.3ms
                                                                            u1.xr[8][11]      5 5.3ms
                                  $abc$42030$auto$blifparse.cc:557:parse_blif$45333.A[1]     10 5.3ms
                                                                           u0.xr[15][12]      3 5.3ms
                                                                             u0.xr[2][7]      5 5.3ms
                                                                           u1.xr[14][11]      5 5.3ms
                                  $abc$42030$auto$blifparse.cc:557:parse_blif$47583.A[6]      4 5.3ms
                                  $abc$42030$auto$blifparse.cc:557:parse_blif$45077.A[2]      5 5.3ms
                                  $abc$42030$auto$blifparse.cc:557:parse_blif$44122.A[2]     16 5.3ms
                                  $abc$42030$auto$blifparse.cc:557:parse_blif$48464.A[3]      5 5.3ms
                                                                            u1.xr[22][4]      5 5.3ms
                                  $abc$42030$auto$blifparse.cc:557:parse_blif$45394.A[0]     13 5.3ms
                                  $abc$42030$auto$blifparse.cc:557:parse_blif$45870.A[6]     12 5.3ms
                                                                             u0.xr[0][6]      3 5.2ms
                                  $abc$42030$auto$blifparse.cc:557:parse_blif$44352.A[2]      8 5.2ms
                                  $abc$42030$auto$blifparse.cc:557:parse_blif$43565.A[3]      8 5.2ms
                                  $abc$42030$auto$blifparse.cc:557:parse_blif$48714.A[0]     12 5.2ms
                                                                            u0.xr[40][9]      5 5.2ms
                                           $abc$42030$memory\u0.tp$wren[17][0][0]$y$4882      2 5.2ms
                                  $abc$42030$auto$blifparse.cc:557:parse_blif$45326.A[2]      9 5.2ms
                                                                            u0.xr[22][6]      5 5.2ms
                                  $abc$42030$auto$blifparse.cc:557:parse_blif$44908.A[3]     10 5.2ms
                                  $abc$42030$auto$blifparse.cc:557:parse_blif$49023.A[4]      8 5.2ms
                                  $abc$42030$auto$blifparse.cc:557:parse_blif$47987.A[1]      7 5.2ms
                                  $abc$42030$auto$blifparse.cc:557:parse_blif$43677.A[3]      9 5.2ms
                                  $abc$42030$auto$blifparse.cc:557:parse_blif$47075.A[0]     11 5.2ms
                                  $abc$42030$auto$blifparse.cc:557:parse_blif$48281.A[7]      2 5.2ms
                                                                            u1.xr[51][8]      3 5.2ms
                                                                            u0.xr[16][5]      5 5.2ms
                                  $abc$42030$auto$blifparse.cc:557:parse_blif$45729.A[6]     12 5.2ms
                                  $abc$42030$auto$blifparse.cc:557:parse_blif$42321.A[1]      4 5.2ms
                                  $abc$42030$auto$blifparse.cc:557:parse_blif$45880.A[6]      8 5.2ms
                                                                            u1.tp[39][1]     24 5.2ms
                                  $abc$42030$auto$blifparse.cc:557:parse_blif$45190.A[3]      9 5.2ms
                                  $abc$42030$auto$blifparse.cc:557:parse_blif$46865.A[5]      5 5.2ms
                                  $abc$42030$auto$blifparse.cc:557:parse_blif$48930.A[1]     10 5.2ms
                                  $abc$42030$auto$blifparse.cc:557:parse_blif$42134.A[5]     12 5.2ms
                     $techmap56673$abc$42030$auto$blifparse.cc:557:parse_blif$46069.A[2]      4 5.2ms
                                  $abc$42030$auto$blifparse.cc:557:parse_blif$46787.A[0]     13 5.1ms
                                  $abc$42030$auto$blifparse.cc:557:parse_blif$42596.A[3]     12 5.1ms
                                  $abc$42030$auto$blifparse.cc:557:parse_blif$48326.A[5]      8 5.1ms
                                  $abc$42030$auto$blifparse.cc:557:parse_blif$43481.A[0]      4 5.1ms
                                                                                  m1[12]      1 5.1ms
                                  $abc$42030$auto$blifparse.cc:557:parse_blif$48758.A[6]     10 5.1ms
                                  $abc$42030$auto$blifparse.cc:557:parse_blif$45384.A[3]      7 5.1ms
                                  $abc$42030$auto$blifparse.cc:557:parse_blif$45077.A[0]      6 5.1ms
                                  $abc$42030$auto$blifparse.cc:557:parse_blif$48054.A[6]     14 5.1ms
                                  $abc$42030$auto$blifparse.cc:557:parse_blif$45240.A[3]      9 5.1ms
                                                                           u0.xr[51][15]     12 5.1ms
                                                                            u1.xr[55][8]      3 5.1ms
                                  $abc$42030$auto$blifparse.cc:557:parse_blif$48351.A[6]      4 5.1ms
                                  $abc$42030$auto$blifparse.cc:557:parse_blif$46962.A[1]      4 5.1ms
                                  $abc$42030$auto$blifparse.cc:557:parse_blif$44856.A[6]      3 5.1ms
                                  $abc$42030$auto$blifparse.cc:557:parse_blif$45634.A[4]      6 5.1ms
                                                                            u0.xr[29][0]      5 5.1ms
                                  $abc$42030$auto$blifparse.cc:557:parse_blif$44571.A[1]      4 5.1ms
                                                                            u1.xr[23][9]      5 5.1ms
                                  $abc$42030$auto$blifparse.cc:557:parse_blif$47321.A[2]     10 5.1ms
                                  $abc$42030$auto$blifparse.cc:557:parse_blif$42549.A[6]      2 5.1ms
                                  $abc$42030$auto$blifparse.cc:557:parse_blif$43731.A[5]      6 5.1ms
                                                                            u0.xr[11][2]      5 5.1ms
                                  $abc$42030$auto$blifparse.cc:557:parse_blif$45588.A[1]      6 5.1ms
                                                                           u0.xr[47][10]      3 5.1ms
                                                                           u0.xr[36][14]      3 5.1ms
                                                                            u0.xr[48][5]      3 5.1ms
                                                                            u0.xr[16][3]      5 5.1ms
                                                                            u0.tp[42][0]     24 5.1ms
                                  $abc$42030$auto$blifparse.cc:557:parse_blif$42268.A[3]      5 5.1ms
                                  $abc$42030$auto$blifparse.cc:557:parse_blif$44350.A[3]      9 5.1ms
                                  $abc$42030$auto$blifparse.cc:557:parse_blif$48128.A[2]      9 5.1ms
                                  $abc$42030$auto$blifparse.cc:557:parse_blif$45478.A[1]     11 5.1ms
                                  $abc$42030$auto$blifparse.cc:557:parse_blif$48843.A[2]      4 5.1ms
                                  $abc$42030$auto$blifparse.cc:557:parse_blif$45613.A[4]      5 5.1ms
                                  $abc$42030$auto$blifparse.cc:557:parse_blif$46964.A[3]      9 5.1ms
                                  $abc$42030$auto$blifparse.cc:557:parse_blif$45923.A[3]      9 5.1ms
                                                                            u0.xr[22][7]      5 5.1ms
                                  $abc$42030$auto$blifparse.cc:557:parse_blif$48280.A[7]      7 5.1ms
                                                                            u1.xr[61][4]      3 5.1ms
                                                                            u1.xr[30][3]      3 5.1ms
                                  $abc$42030$auto$blifparse.cc:557:parse_blif$46126.A[2]      8 5.1ms
                                  $abc$42030$auto$blifparse.cc:557:parse_blif$47003.A[5]     13 5.1ms
                                  $abc$42030$auto$blifparse.cc:557:parse_blif$42632.A[2]      8 5.1ms
                                  $abc$42030$auto$blifparse.cc:557:parse_blif$46584.A[6]      6 5.1ms
                                                                           u1.xr[50][14]      5 5.1ms
                                  $abc$42030$auto$blifparse.cc:557:parse_blif$44394.A[3]      7 5.0ms
                                  $abc$42030$auto$blifparse.cc:557:parse_blif$42690.A[6]     12 5.0ms
                                  $abc$42030$auto$blifparse.cc:557:parse_blif$43440.A[1]      6 5.0ms
                                  $abc$42030$auto$blifparse.cc:557:parse_blif$48600.A[3]     12 5.0ms
                                  $abc$42030$auto$blifparse.cc:557:parse_blif$44014.A[4]      7 5.0ms
                                  $abc$42030$auto$blifparse.cc:557:parse_blif$45757.A[6]     12 5.0ms
                                                                            u0.xr[18][8]      3 5.0ms
                                                                           u0.xr[17][10]      5 5.0ms
                                  $abc$42030$auto$blifparse.cc:557:parse_blif$44820.A[2]     10 5.0ms
                                  $abc$42030$auto$blifparse.cc:557:parse_blif$45634.A[3]      7 5.0ms
                                  $abc$42030$auto$blifparse.cc:557:parse_blif$48845.A[0]      8 5.0ms
                                  $abc$42030$auto$blifparse.cc:557:parse_blif$43609.A[4]      5 5.0ms
                                  $abc$42030$auto$blifparse.cc:557:parse_blif$42875.A[6]      5 5.0ms
                                  $abc$42030$auto$blifparse.cc:557:parse_blif$45212.A[2]      8 5.0ms
                                  $abc$42030$auto$blifparse.cc:557:parse_blif$45619.A[2]      9 5.0ms
                                                                           u1.xr[36][13]      3 5.0ms
                                  $abc$42030$auto$blifparse.cc:557:parse_blif$47038.A[4]     10 5.0ms
                                                                            u0.xr[31][1]      5 5.0ms
                                  $abc$42030$auto$blifparse.cc:557:parse_blif$46225.A[3]     12 5.0ms
                                  $abc$42030$auto$blifparse.cc:557:parse_blif$45900.A[4]      9 5.0ms
                                                                           u0.xr[11][12]      5 5.0ms
                                  $abc$42030$auto$blifparse.cc:557:parse_blif$42997.A[6]      5 5.0ms
                                                                            u0.xr[44][4]      5 5.0ms
                                  $abc$42030$auto$blifparse.cc:557:parse_blif$43620.A[7]      5 5.0ms
                                  $abc$42030$auto$blifparse.cc:557:parse_blif$42499.A[5]      8 5.0ms
                                  $abc$42030$auto$blifparse.cc:557:parse_blif$44987.A[5]      7 5.0ms
                                  $abc$42030$auto$blifparse.cc:557:parse_blif$43208.A[2]      8 5.0ms
                                  $abc$42030$auto$blifparse.cc:557:parse_blif$44657.A[0]     12 5.0ms
                                  $abc$42030$auto$blifparse.cc:557:parse_blif$48930.A[2]      9 5.0ms
                                  $abc$42030$auto$blifparse.cc:557:parse_blif$45561.A[2]     10 5.0ms
                                                                             u1.xr[8][0]      5 5.0ms
                                  $abc$42030$auto$blifparse.cc:557:parse_blif$46430.A[5]      8 5.0ms
                                  $abc$42030$auto$blifparse.cc:557:parse_blif$42440.A[3]     12 5.0ms
                                                                            u1.xr[25][6]      5 5.0ms
                                              $auto$alumacc.cc:512:replace_alu$3756.Y[1]      3 5.0ms
                                  $abc$42030$auto$blifparse.cc:557:parse_blif$42911.A[3]      5 5.0ms
                                  $abc$42030$auto$blifparse.cc:557:parse_blif$48721.A[2]      8 5.0ms
                                  $abc$42030$auto$blifparse.cc:557:parse_blif$42208.A[2]      8 5.0ms
Info: Router2 time 25.79s
Info: Running router1 to check that route is legal...

Info: Routing..
Info: Setting up routing queue.
Info: Routing 0 arcs.
Info:            |   (re-)routed arcs  |   delta    | remaining|       time spent     |
Info:    IterCnt |  w/ripup   wo/ripup |  w/r  wo/r |      arcs| batch(sec) total(sec)|
Info:          0 |        0          0 |    0     0 |         0|       0.66       0.66|
Info: Routing complete.
Info: Router1 time 0.66s
Info: Checksum: 0x898e41d9

Info: Critical path report for clock 'FCLKCLK[0]' (posedge -> posedge):
Info: curr total
Info:  0.1  0.1  Source $auto$ff.cc:337:slice$8157.Q
Info:  3.2  3.3    Net u0.xr[20][1] budget 1.172000 ns (116,105) -> (110,63)
Info:                Sink $abc$42030$auto$blifparse.cc:557:parse_blif$50104.A1
Info:  0.1  3.4  Source $abc$42030$auto$blifparse.cc:557:parse_blif$50104.O6
Info:  0.0  3.4    Net $auto$alumacc.cc:512:replace_alu$3747.BB[1] budget 0.507000 ns (110,63) -> (110,63)
Info:                Sink $auto$alumacc.cc:512:replace_alu$3747.genblk1.slice[0].genblk1.carry4$split$muxcy0$PACKED_CARRY4$.S1
Info:  0.5  3.9  Source $auto$alumacc.cc:512:replace_alu$3747.genblk1.slice[0].genblk1.carry4$split$muxcy0$PACKED_CARRY4$.CO3
Info:  0.1  4.1    Net $auto$alumacc.cc:512:replace_alu$3747.CO[3] budget 0.897000 ns (110,63) -> (110,62)
Info:                Sink $auto$alumacc.cc:512:replace_alu$3747.genblk1.slice[1].genblk1.carry4$split$muxcy0$PACKED_CARRY4$.CIN
Info:  0.1  4.2  Source $auto$alumacc.cc:512:replace_alu$3747.genblk1.slice[1].genblk1.carry4$split$muxcy0$PACKED_CARRY4$.CO3
Info:  0.1  4.3    Net $auto$alumacc.cc:512:replace_alu$3747.CO[7] budget 0.897000 ns (110,62) -> (110,61)
Info:                Sink $auto$alumacc.cc:512:replace_alu$3747.genblk1.slice[2].genblk1.carry4$split$muxcy0$PACKED_CARRY4$.CIN
Info:  0.3  4.6  Source $auto$alumacc.cc:512:replace_alu$3747.genblk1.slice[2].genblk1.carry4$split$muxcy0$PACKED_CARRY4$.O3
Info:  1.5  6.1    Net $auto$alumacc.cc:512:replace_alu$3747.Y[11] budget 1.426000 ns (110,61) -> (110,87)
Info:                Sink $abc$42030$auto$blifparse.cc:557:parse_blif$43524.A1
Info:  0.1  6.2  Source $abc$42030$auto$blifparse.cc:557:parse_blif$43524.O6
Info:  1.2  7.4    Net $techmap60939$abc$42030$auto$blifparse.cc:557:parse_blif$43849.A[3] budget 1.522000 ns (110,87) -> (116,105)
Info:                Sink $abc$42030$auto$blifparse.cc:557:parse_blif$43523.A1
Info:  0.1  7.5  Source $abc$42030$auto$blifparse.cc:557:parse_blif$43523.O6
Info:  2.3  9.8    Net $abc$42030$auto$blifparse.cc:557:parse_blif$43513.A[2] budget 1.545000 ns (116,105) -> (102,68)
Info:                Sink $abc$42030$auto$blifparse.cc:557:parse_blif$43862.genblk1.genblk1.genblk1.genblk1.genblk1.genblk1.genblk1.genblk1.genblk1.lut1.A4
Info:  0.1  9.9  Source $abc$42030$auto$blifparse.cc:557:parse_blif$43862.genblk1.genblk1.genblk1.genblk1.genblk1.genblk1.genblk1.genblk1.genblk1.lut1.O6
Info:  0.0  9.9    Net $abc$42030$auto$blifparse.cc:557:parse_blif$43862.genblk1.genblk1.genblk1.genblk1.genblk1.genblk1.genblk1.genblk1.genblk1.f1 budget 0.329000 ns (102,68) -> (102,68)
Info:                Sink $abc$42030$auto$blifparse.cc:557:parse_blif$43862.genblk1.genblk1.genblk1.genblk1.genblk1.genblk1.genblk1.genblk1.genblk1.mux7.1
Info:  0.2 10.1  Source $abc$42030$auto$blifparse.cc:557:parse_blif$43862.genblk1.genblk1.genblk1.genblk1.genblk1.genblk1.genblk1.genblk1.genblk1.mux7.OUT
Info:  1.5 11.6    Net $abc$42030$auto$blifparse.cc:557:parse_blif$43846.A[3] budget 1.183000 ns (102,68) -> (103,60)
Info:                Sink $abc$42030$auto$blifparse.cc:557:parse_blif$44122.genblk1.genblk1.genblk1.genblk1.genblk1.genblk1.genblk1.genblk1.genblk1.genblk1.lut0.genblk1.genblk1.genblk1.genblk1.genblk1.genblk1.genblk1.genblk1.genblk1.mux7.S0
Info:  0.3 11.9  Source $abc$42030$auto$blifparse.cc:557:parse_blif$44122.genblk1.genblk1.genblk1.genblk1.genblk1.genblk1.genblk1.genblk1.genblk1.genblk1.lut0.genblk1.genblk1.genblk1.genblk1.genblk1.genblk1.genblk1.genblk1.genblk1.mux7.OUT
Info:  0.0 11.9    Net $abc$42030$auto$blifparse.cc:557:parse_blif$44122.genblk1.genblk1.genblk1.genblk1.genblk1.genblk1.genblk1.genblk1.genblk1.genblk1.f0 budget 0.459000 ns (103,60) -> (103,60)
Info:                Sink $abc$42030$auto$blifparse.cc:557:parse_blif$44122.genblk1.genblk1.genblk1.genblk1.genblk1.genblk1.genblk1.genblk1.genblk1.genblk1.mux8.0
Info:  0.1 12.0  Source $abc$42030$auto$blifparse.cc:557:parse_blif$44122.genblk1.genblk1.genblk1.genblk1.genblk1.genblk1.genblk1.genblk1.genblk1.genblk1.mux8.OUT
Info:  1.6 13.6    Net $abc$42030$auto$blifparse.cc:557:parse_blif$44067.A[2] budget 1.014000 ns (103,60) -> (106,41)
Info:                Sink $abc$42030$auto$blifparse.cc:557:parse_blif$44067.genblk1.genblk1.genblk1.genblk1.genblk1.genblk1.genblk1.genblk1.genblk1.lut1.A3
Info:  0.1 13.7  Source $abc$42030$auto$blifparse.cc:557:parse_blif$44067.genblk1.genblk1.genblk1.genblk1.genblk1.genblk1.genblk1.genblk1.genblk1.lut1.O6
Info:  0.0 13.7    Net $abc$42030$auto$blifparse.cc:557:parse_blif$44067.genblk1.genblk1.genblk1.genblk1.genblk1.genblk1.genblk1.genblk1.genblk1.f1 budget 0.309000 ns (106,41) -> (106,41)
Info:                Sink $abc$42030$auto$blifparse.cc:557:parse_blif$44067.genblk1.genblk1.genblk1.genblk1.genblk1.genblk1.genblk1.genblk1.genblk1.mux7.1
Info:  0.2 13.9  Source $abc$42030$auto$blifparse.cc:557:parse_blif$44067.genblk1.genblk1.genblk1.genblk1.genblk1.genblk1.genblk1.genblk1.genblk1.mux7.OUT
Info:  0.6 14.5    Net $abc$42030$auto$blifparse.cc:557:parse_blif$44153.A[4] budget 1.048000 ns (106,41) -> (102,40)
Info:                Sink $abc$42030$auto$blifparse.cc:557:parse_blif$44175.A2
Info:  0.1 14.6  Source $abc$42030$auto$blifparse.cc:557:parse_blif$44175.O6
Info:  1.2 15.8    Net $abc$42030$auto$blifparse.cc:557:parse_blif$45610.A[2] budget 1.077000 ns (102,40) -> (97,33)
Info:                Sink $abc$42030$auto$blifparse.cc:557:parse_blif$45613.genblk1.genblk1.genblk1.genblk1.genblk1.genblk1.genblk1.genblk1.genblk1.genblk1.lut0.genblk1.genblk1.genblk1.genblk1.genblk1.genblk1.genblk1.genblk1.genblk1.lut1.A6
Info:  0.1 15.9  Source $abc$42030$auto$blifparse.cc:557:parse_blif$45613.genblk1.genblk1.genblk1.genblk1.genblk1.genblk1.genblk1.genblk1.genblk1.genblk1.lut0.genblk1.genblk1.genblk1.genblk1.genblk1.genblk1.genblk1.genblk1.genblk1.lut1.O6
Info:  0.0 15.9    Net $abc$42030$auto$blifparse.cc:557:parse_blif$45613.genblk1.genblk1.genblk1.genblk1.genblk1.genblk1.genblk1.genblk1.genblk1.genblk1.lut0.genblk1.genblk1.genblk1.genblk1.genblk1.genblk1.genblk1.genblk1.genblk1.f1 budget 0.297000 ns (97,33) -> (97,33)
Info:                Sink $abc$42030$auto$blifparse.cc:557:parse_blif$45613.genblk1.genblk1.genblk1.genblk1.genblk1.genblk1.genblk1.genblk1.genblk1.genblk1.lut0.genblk1.genblk1.genblk1.genblk1.genblk1.genblk1.genblk1.genblk1.genblk1.mux7.1
Info:  0.2 16.2  Source $abc$42030$auto$blifparse.cc:557:parse_blif$45613.genblk1.genblk1.genblk1.genblk1.genblk1.genblk1.genblk1.genblk1.genblk1.genblk1.lut0.genblk1.genblk1.genblk1.genblk1.genblk1.genblk1.genblk1.genblk1.genblk1.mux7.OUT
Info:  0.0 16.2    Net $abc$42030$auto$blifparse.cc:557:parse_blif$45613.genblk1.genblk1.genblk1.genblk1.genblk1.genblk1.genblk1.genblk1.genblk1.genblk1.f0 budget 0.447000 ns (97,33) -> (97,33)
Info:                Sink $abc$42030$auto$blifparse.cc:557:parse_blif$45613.genblk1.genblk1.genblk1.genblk1.genblk1.genblk1.genblk1.genblk1.genblk1.genblk1.mux8.0
Info:  0.1 16.3  Source $abc$42030$auto$blifparse.cc:557:parse_blif$45613.genblk1.genblk1.genblk1.genblk1.genblk1.genblk1.genblk1.genblk1.genblk1.genblk1.mux8.OUT
Info:  1.2 17.5    Net $auto$maccmap.cc:240:synth$6774.X[14] budget 0.974000 ns (97,33) -> (110,32)
Info:                Sink $auto$maccmap.cc:240:synth$6774.X[14]$LUT$8402.A5
Info:  0.1 17.6  Source $auto$maccmap.cc:240:synth$6774.X[14]$LUT$8402.O6
Info:  0.0 17.6    Net $auto$maccmap.cc:240:synth$6774.X[14]$legal$8401 budget 0.447000 ns (110,32) -> (110,32)
Info:                Sink $auto$maccmap.cc:240:synth$6774.genblk1.slice[3].genblk1.carry4$split$muxcy0$PACKED_CARRY4$.S2
Info:  0.4 18.0  Source $auto$maccmap.cc:240:synth$6774.genblk1.slice[3].genblk1.carry4$split$muxcy0$PACKED_CARRY4$.CO3
Info:  0.1 18.1    Net $auto$maccmap.cc:240:synth$6774.CO[15] budget 0.836000 ns (110,32) -> (110,31)
Info:                Sink $auto$maccmap.cc:240:synth$6774.genblk1.slice[4].genblk1.carry4$split$muxcy0$PACKED_CARRY4$.CIN
Info:  0.1 18.2  Source $auto$maccmap.cc:240:synth$6774.genblk1.slice[4].genblk1.carry4$split$muxcy0$PACKED_CARRY4$.CO3
Info:  0.1 18.3    Net $auto$maccmap.cc:240:synth$6774.CO[19] budget 0.836000 ns (110,31) -> (110,30)
Info:                Sink $auto$maccmap.cc:240:synth$6774.genblk1.slice[5].genblk1.carry4$split$muxcy0$PACKED_CARRY4$.CIN
Info:  0.3 18.6  Source $auto$maccmap.cc:240:synth$6774.genblk1.slice[5].genblk1.carry4$split$muxcy0$PACKED_CARRY4$.O3
Info:  0.7 19.4    Net u0.corr[23] budget 0.447000 ns (110,30) -> (110,30)
Info:                Sink $auto$ff.cc:337:slice$7835.D
Info:  0.1 19.5  Setup $auto$ff.cc:337:slice$7835.D
Info: 4.1 ns logic, 15.4 ns routing

Info: Max frequency for clock 'FCLKCLK[0]': 51.41 MHz (PASS at 30.72 MHz)

Info: Slack histogram:
Info:  legend: * represents 32 endpoint(s)
Info:          + represents [1,32) endpoint(s)
Info: [ 13100,  14039) |+
Info: [ 14039,  14978) |+
Info: [ 14978,  15917) |+
Info: [ 15917,  16856) |+
Info: [ 16856,  17795) |+
Info: [ 17795,  18734) | 
Info: [ 18734,  19673) |+
Info: [ 19673,  20612) | 
Info: [ 20612,  21551) |+
Info: [ 21551,  22490) |+
Info: [ 22490,  23429) |+
Info: [ 23429,  24368) | 
Info: [ 24368,  25307) | 
Info: [ 25307,  26246) | 
Info: [ 26246,  27185) | 
Info: [ 27185,  28124) | 
Info: [ 28124,  29063) | 
Info: [ 29063,  30002) |+
Info: [ 30002,  30941) |***+
Info: [ 30941,  31880) |************************************************************ 
Info: Running post-routing legalisation...
