
 /----------------------------------------------------------------------------\
 |  yosys -- Yosys Open SYnthesis Suite                                       |
 |  Copyright (C) 2012 - 2026  Claire Xenia Wolf <claire@yosyshq.com>         |
 |  Distributed under an ISC-like license, type "license" to see terms        |
 \----------------------------------------------------------------------------/
 Yosys 0.67+post (git sha1 b8e7da6f40ae8f552c116bf6c359b07c6533e159, Release, AppleClang clang++ 21.0.0.21000099)

-- Running command `
read_verilog library/axi_dmac/*.v library/util_axis_fifo/*.v library/common/*.v library/util_cdc/*.v
synth_xilinx -family xc7 -top axi_dmac -flatten
stat
' --

1. Executing Verilog-2005 frontend: library/axi_dmac/address_generator.v
Parsing Verilog input from `library/axi_dmac/address_generator.v' to AST representation.
Generating RTLIL representation for module `\address_generator'.
Successfully finished Verilog frontend.

2. Executing Verilog-2005 frontend: library/axi_dmac/axi_dmac.v
Parsing Verilog input from `library/axi_dmac/axi_dmac.v' to AST representation.
Generating RTLIL representation for module `\axi_dmac'.
Successfully finished Verilog frontend.

3. Executing Verilog-2005 frontend: library/axi_dmac/axi_dmac_burst_memory.v
Parsing Verilog input from `library/axi_dmac/axi_dmac_burst_memory.v' to AST representation.
Generating RTLIL representation for module `\axi_dmac_burst_memory'.
Successfully finished Verilog frontend.

4. Executing Verilog-2005 frontend: library/axi_dmac/axi_dmac_ext_sync.v
Parsing Verilog input from `library/axi_dmac/axi_dmac_ext_sync.v' to AST representation.
Generating RTLIL representation for module `\axi_dmac_ext_sync'.
Successfully finished Verilog frontend.

5. Executing Verilog-2005 frontend: library/axi_dmac/axi_dmac_framelock.v
Parsing Verilog input from `library/axi_dmac/axi_dmac_framelock.v' to AST representation.
Generating RTLIL representation for module `\axi_dmac_framelock'.
Successfully finished Verilog frontend.

6. Executing Verilog-2005 frontend: library/axi_dmac/axi_dmac_regmap.v
Parsing Verilog input from `library/axi_dmac/axi_dmac_regmap.v' to AST representation.
Generating RTLIL representation for module `\axi_dmac_regmap'.
Successfully finished Verilog frontend.

7. Executing Verilog-2005 frontend: library/axi_dmac/axi_dmac_regmap_request.v
Parsing Verilog input from `library/axi_dmac/axi_dmac_regmap_request.v' to AST representation.
Generating RTLIL representation for module `\axi_dmac_regmap_request'.
Successfully finished Verilog frontend.

8. Executing Verilog-2005 frontend: library/axi_dmac/axi_dmac_reset_manager.v
Parsing Verilog input from `library/axi_dmac/axi_dmac_reset_manager.v' to AST representation.
Generating RTLIL representation for module `\axi_dmac_reset_manager'.
Successfully finished Verilog frontend.

9. Executing Verilog-2005 frontend: library/axi_dmac/axi_dmac_resize_dest.v
Parsing Verilog input from `library/axi_dmac/axi_dmac_resize_dest.v' to AST representation.
Generating RTLIL representation for module `\axi_dmac_resize_dest'.
Successfully finished Verilog frontend.

10. Executing Verilog-2005 frontend: library/axi_dmac/axi_dmac_resize_src.v
Parsing Verilog input from `library/axi_dmac/axi_dmac_resize_src.v' to AST representation.
Generating RTLIL representation for module `\axi_dmac_resize_src'.
Successfully finished Verilog frontend.

11. Executing Verilog-2005 frontend: library/axi_dmac/axi_dmac_response_manager.v
Parsing Verilog input from `library/axi_dmac/axi_dmac_response_manager.v' to AST representation.
Generating RTLIL representation for module `\axi_dmac_response_manager'.
library/axi_dmac/axi_dmac_response_manager.v:135: Warning: Identifier `\response_dest_partial' is implicitly declared.
Successfully finished Verilog frontend.

12. Executing Verilog-2005 frontend: library/axi_dmac/axi_dmac_transfer.v
Parsing Verilog input from `library/axi_dmac/axi_dmac_transfer.v' to AST representation.
Generating RTLIL representation for module `\axi_dmac_transfer'.
library/axi_dmac/axi_dmac_transfer.v:565: Warning: Identifier `\genblk2.dma_req_ready_s' is implicitly declared.
Successfully finished Verilog frontend.

13. Executing Verilog-2005 frontend: library/axi_dmac/axi_register_slice.v
Parsing Verilog input from `library/axi_dmac/axi_register_slice.v' to AST representation.
Generating RTLIL representation for module `\axi_register_slice'.
Successfully finished Verilog frontend.

14. Executing Verilog-2005 frontend: library/axi_dmac/data_mover.v
Parsing Verilog input from `library/axi_dmac/data_mover.v' to AST representation.
Generating RTLIL representation for module `\data_mover'.
Successfully finished Verilog frontend.

15. Executing Verilog-2005 frontend: library/axi_dmac/dest_axi_mm.v
Parsing Verilog input from `library/axi_dmac/dest_axi_mm.v' to AST representation.
Generating RTLIL representation for module `\dest_axi_mm'.
Successfully finished Verilog frontend.

16. Executing Verilog-2005 frontend: library/axi_dmac/dest_axi_stream.v
Parsing Verilog input from `library/axi_dmac/dest_axi_stream.v' to AST representation.
Generating RTLIL representation for module `\dest_axi_stream'.
Successfully finished Verilog frontend.

17. Executing Verilog-2005 frontend: library/axi_dmac/dest_fifo_inf.v
Parsing Verilog input from `library/axi_dmac/dest_fifo_inf.v' to AST representation.
Generating RTLIL representation for module `\dest_fifo_inf'.
Successfully finished Verilog frontend.

18. Executing Verilog-2005 frontend: library/axi_dmac/dmac_2d_transfer.v
Parsing Verilog input from `library/axi_dmac/dmac_2d_transfer.v' to AST representation.
Generating RTLIL representation for module `\dmac_2d_transfer'.
Successfully finished Verilog frontend.

19. Executing Verilog-2005 frontend: library/axi_dmac/dmac_sg.v
Parsing Verilog input from `library/axi_dmac/dmac_sg.v' to AST representation.
Generating RTLIL representation for module `\dmac_sg'.
Successfully finished Verilog frontend.

20. Executing Verilog-2005 frontend: library/axi_dmac/request_arb.v
Parsing Verilog input from `library/axi_dmac/request_arb.v' to AST representation.
Generating RTLIL representation for module `\request_arb'.
library/axi_dmac/request_arb.v:1084: Warning: Identifier `\src_req_spltr_valid' is implicitly declared.
library/axi_dmac/request_arb.v:1085: Warning: Identifier `\src_req_spltr_ready' is implicitly declared.
Successfully finished Verilog frontend.

21. Executing Verilog-2005 frontend: library/axi_dmac/request_generator.v
Parsing Verilog input from `library/axi_dmac/request_generator.v' to AST representation.
Generating RTLIL representation for module `\request_generator'.
Successfully finished Verilog frontend.

22. Executing Verilog-2005 frontend: library/axi_dmac/response_generator.v
Parsing Verilog input from `library/axi_dmac/response_generator.v' to AST representation.
Generating RTLIL representation for module `\response_generator'.
Successfully finished Verilog frontend.

23. Executing Verilog-2005 frontend: library/axi_dmac/response_handler.v
Parsing Verilog input from `library/axi_dmac/response_handler.v' to AST representation.
Generating RTLIL representation for module `\response_handler'.
Successfully finished Verilog frontend.

24. Executing Verilog-2005 frontend: library/axi_dmac/splitter.v
Parsing Verilog input from `library/axi_dmac/splitter.v' to AST representation.
Generating RTLIL representation for module `\splitter'.
Successfully finished Verilog frontend.

25. Executing Verilog-2005 frontend: library/axi_dmac/src_axi_mm.v
Parsing Verilog input from `library/axi_dmac/src_axi_mm.v' to AST representation.
Generating RTLIL representation for module `\src_axi_mm'.
Successfully finished Verilog frontend.

26. Executing Verilog-2005 frontend: library/axi_dmac/src_axi_stream.v
Parsing Verilog input from `library/axi_dmac/src_axi_stream.v' to AST representation.
Generating RTLIL representation for module `\src_axi_stream'.
Successfully finished Verilog frontend.

27. Executing Verilog-2005 frontend: library/axi_dmac/src_fifo_inf.v
Parsing Verilog input from `library/axi_dmac/src_fifo_inf.v' to AST representation.
Generating RTLIL representation for module `\src_fifo_inf'.
Successfully finished Verilog frontend.

28. Executing Verilog-2005 frontend: library/util_axis_fifo/util_axis_fifo.v
Parsing Verilog input from `library/util_axis_fifo/util_axis_fifo.v' to AST representation.
Generating RTLIL representation for module `\util_axis_fifo'.
Successfully finished Verilog frontend.

29. Executing Verilog-2005 frontend: library/util_axis_fifo/util_axis_fifo_address_generator.v
Parsing Verilog input from `library/util_axis_fifo/util_axis_fifo_address_generator.v' to AST representation.
Generating RTLIL representation for module `\util_axis_fifo_address_generator'.
Successfully finished Verilog frontend.

30. Executing Verilog-2005 frontend: library/common/ad_3w_spi.v
Parsing Verilog input from `library/common/ad_3w_spi.v' to AST representation.
library/common/ad_3w_spi.v:103: Warning: Yosys has only limited support for tri-state logic at the moment.
Generating RTLIL representation for module `\ad_3w_spi'.
Successfully finished Verilog frontend.

31. Executing Verilog-2005 frontend: library/common/ad_addsub.v
Parsing Verilog input from `library/common/ad_addsub.v' to AST representation.
Generating RTLIL representation for module `\ad_addsub'.
Successfully finished Verilog frontend.

32. Executing Verilog-2005 frontend: library/common/ad_adl5904_rst.v
Parsing Verilog input from `library/common/ad_adl5904_rst.v' to AST representation.
Generating RTLIL representation for module `\ad_adl5904_rst'.
Successfully finished Verilog frontend.

33. Executing Verilog-2005 frontend: library/common/ad_axis_inf_rx.v
Parsing Verilog input from `library/common/ad_axis_inf_rx.v' to AST representation.
Generating RTLIL representation for module `\ad_axis_inf_rx'.
Note: Assuming pure combinatorial block at library/common/ad_axis_inf_rx.v:135.3-172.6 in
compliance with IEC 62142(E):2005 / IEEE Std. 1364.1(E):2002. Recommending
use of @* instead of @(...) for better match of synthesis and simulation.
Successfully finished Verilog frontend.

34. Executing Verilog-2005 frontend: library/common/ad_b2g.v
Parsing Verilog input from `library/common/ad_b2g.v' to AST representation.
Generating RTLIL representation for module `\ad_b2g'.
Successfully finished Verilog frontend.

35. Executing Verilog-2005 frontend: library/common/ad_bus_mux.v
Parsing Verilog input from `library/common/ad_bus_mux.v' to AST representation.
Generating RTLIL representation for module `\ad_bus_mux'.
Successfully finished Verilog frontend.

36. Executing Verilog-2005 frontend: library/common/ad_csc.v
Parsing Verilog input from `library/common/ad_csc.v' to AST representation.
Generating RTLIL representation for module `\ad_csc'.
Successfully finished Verilog frontend.

37. Executing Verilog-2005 frontend: library/common/ad_csc_CrYCb2RGB.v
Parsing Verilog input from `library/common/ad_csc_CrYCb2RGB.v' to AST representation.
Generating RTLIL representation for module `\ad_csc_CrYCb2RGB'.
Successfully finished Verilog frontend.

38. Executing Verilog-2005 frontend: library/common/ad_csc_RGB2CrYCb.v
Parsing Verilog input from `library/common/ad_csc_RGB2CrYCb.v' to AST representation.
Generating RTLIL representation for module `\ad_csc_RGB2CrYCb'.
Successfully finished Verilog frontend.

39. Executing Verilog-2005 frontend: library/common/ad_datafmt.v
Parsing Verilog input from `library/common/ad_datafmt.v' to AST representation.
Generating RTLIL representation for module `\ad_datafmt'.
Successfully finished Verilog frontend.

40. Executing Verilog-2005 frontend: library/common/ad_dds.v
Parsing Verilog input from `library/common/ad_dds.v' to AST representation.
Generating RTLIL representation for module `\ad_dds'.
Warning: Replacing memory \genblk1.dac_dds_phase_1_m with list of registers. See library/common/ad_dds.v:155, library/common/ad_dds.v:106
Warning: Replacing memory \genblk1.dac_dds_phase_0_m with list of registers. See library/common/ad_dds.v:154, library/common/ad_dds.v:105
Warning: Replacing memory \genblk1.dac_dds_phase_1 with list of registers. See library/common/ad_dds.v:139, library/common/ad_dds.v:104
Warning: Replacing memory \genblk1.dac_dds_phase_0 with list of registers. See library/common/ad_dds.v:138, library/common/ad_dds.v:103
Successfully finished Verilog frontend.

41. Executing Verilog-2005 frontend: library/common/ad_dds_1.v
Parsing Verilog input from `library/common/ad_dds_1.v' to AST representation.
Generating RTLIL representation for module `\ad_dds_1'.
Successfully finished Verilog frontend.

42. Executing Verilog-2005 frontend: library/common/ad_dds_2.v
Parsing Verilog input from `library/common/ad_dds_2.v' to AST representation.
Generating RTLIL representation for module `\ad_dds_2'.
Successfully finished Verilog frontend.

43. Executing Verilog-2005 frontend: library/common/ad_dds_cordic_pipe.v
Parsing Verilog input from `library/common/ad_dds_cordic_pipe.v' to AST representation.
Generating RTLIL representation for module `\ad_dds_cordic_pipe'.
Successfully finished Verilog frontend.

44. Executing Verilog-2005 frontend: library/common/ad_dds_sine.v
Parsing Verilog input from `library/common/ad_dds_sine.v' to AST representation.
Generating RTLIL representation for module `\ad_dds_sine'.
Successfully finished Verilog frontend.

45. Executing Verilog-2005 frontend: library/common/ad_dds_sine_cordic.v
Parsing Verilog input from `library/common/ad_dds_sine_cordic.v' to AST representation.
Generating RTLIL representation for module `\ad_dds_sine_cordic'.
library/common/ad_dds_sine_cordic.v:66: Warning: converting real value 1.989447e+04 to binary 16'0100110110110110.
Successfully finished Verilog frontend.

46. Executing Verilog-2005 frontend: library/common/ad_edge_detect.v
Parsing Verilog input from `library/common/ad_edge_detect.v' to AST representation.
Generating RTLIL representation for module `\ad_edge_detect'.
Successfully finished Verilog frontend.

47. Executing Verilog-2005 frontend: library/common/ad_g2b.v
Parsing Verilog input from `library/common/ad_g2b.v' to AST representation.
Generating RTLIL representation for module `\ad_g2b'.
Successfully finished Verilog frontend.

48. Executing Verilog-2005 frontend: library/common/ad_iobuf.v
Parsing Verilog input from `library/common/ad_iobuf.v' to AST representation.
library/common/ad_iobuf.v:52: Warning: Yosys has only limited support for tri-state logic at the moment.
Generating RTLIL representation for module `\ad_iobuf'.
Successfully finished Verilog frontend.

49. Executing Verilog-2005 frontend: library/common/ad_iqcor.v
Parsing Verilog input from `library/common/ad_iqcor.v' to AST representation.
Generating RTLIL representation for module `\ad_iqcor'.
Successfully finished Verilog frontend.

50. Executing Verilog-2005 frontend: library/common/ad_mem.v
Parsing Verilog input from `library/common/ad_mem.v' to AST representation.
Generating RTLIL representation for module `\ad_mem'.
Successfully finished Verilog frontend.

51. Executing Verilog-2005 frontend: library/common/ad_mem_asym.v
Parsing Verilog input from `library/common/ad_mem_asym.v' to AST representation.
Generating RTLIL representation for module `\ad_mem_asym'.
Successfully finished Verilog frontend.

52. Executing Verilog-2005 frontend: library/common/ad_mem_dual.v
Parsing Verilog input from `library/common/ad_mem_dual.v' to AST representation.
Generating RTLIL representation for module `\ad_mem_dual'.
Successfully finished Verilog frontend.

53. Executing Verilog-2005 frontend: library/common/ad_mux.v
Parsing Verilog input from `library/common/ad_mux.v' to AST representation.
Generating RTLIL representation for module `\ad_mux'.
Successfully finished Verilog frontend.

54. Executing Verilog-2005 frontend: library/common/ad_mux_core.v
Parsing Verilog input from `library/common/ad_mux_core.v' to AST representation.
Generating RTLIL representation for module `\ad_mux_core'.
Successfully finished Verilog frontend.

55. Executing Verilog-2005 frontend: library/common/ad_pack.v
Parsing Verilog input from `library/common/ad_pack.v' to AST representation.
Generating RTLIL representation for module `\ad_pack'.
Warning: wire '\gcd$func$library/common/ad_pack.v:88$1825.a' is assigned in a block at library/common/ad_pack.v:107.9-107.16.
Warning: wire '\gcd$func$library/common/ad_pack.v:88$1825.b' is assigned in a block at library/common/ad_pack.v:109.9-109.16.
Successfully finished Verilog frontend.

56. Executing Verilog-2005 frontend: library/common/ad_perfect_shuffle.v
Parsing Verilog input from `library/common/ad_perfect_shuffle.v' to AST representation.
Generating RTLIL representation for module `\ad_perfect_shuffle'.
Successfully finished Verilog frontend.

57. Executing Verilog-2005 frontend: library/common/ad_pngen.v
Parsing Verilog input from `library/common/ad_pngen.v' to AST representation.
Generating RTLIL representation for module `\ad_pngen'.
Successfully finished Verilog frontend.

58. Executing Verilog-2005 frontend: library/common/ad_pnmon.v
Parsing Verilog input from `library/common/ad_pnmon.v' to AST representation.
Generating RTLIL representation for module `\ad_pnmon'.
Successfully finished Verilog frontend.

59. Executing Verilog-2005 frontend: library/common/ad_pps_receiver.v
Parsing Verilog input from `library/common/ad_pps_receiver.v' to AST representation.
Generating RTLIL representation for module `\ad_pps_receiver'.
Successfully finished Verilog frontend.

60. Executing Verilog-2005 frontend: library/common/ad_rst.v
Parsing Verilog input from `library/common/ad_rst.v' to AST representation.
Generating RTLIL representation for module `\ad_rst'.
Successfully finished Verilog frontend.

61. Executing Verilog-2005 frontend: library/common/ad_ss_422to444.v
Parsing Verilog input from `library/common/ad_ss_422to444.v' to AST representation.
Generating RTLIL representation for module `\ad_ss_422to444'.
Note: Assuming pure combinatorial block at library/common/ad_ss_422to444.v:113.3-121.6 in
compliance with IEC 62142(E):2005 / IEEE Std. 1364.1(E):2002. Recommending
use of @* instead of @(...) for better match of synthesis and simulation.
Successfully finished Verilog frontend.

62. Executing Verilog-2005 frontend: library/common/ad_ss_444to422.v
Parsing Verilog input from `library/common/ad_ss_444to422.v' to AST representation.
Generating RTLIL representation for module `\ad_ss_444to422'.
Successfully finished Verilog frontend.

63. Executing Verilog-2005 frontend: library/common/ad_sysref_gen.v
Parsing Verilog input from `library/common/ad_sysref_gen.v' to AST representation.
Generating RTLIL representation for module `\ad_sysref_gen'.
Successfully finished Verilog frontend.

64. Executing Verilog-2005 frontend: library/common/ad_tdd_control.v
Parsing Verilog input from `library/common/ad_tdd_control.v' to AST representation.
Generating RTLIL representation for module `\ad_tdd_control'.
Successfully finished Verilog frontend.

65. Executing Verilog-2005 frontend: library/common/ad_upack.v
Parsing Verilog input from `library/common/ad_upack.v' to AST representation.
Generating RTLIL representation for module `\ad_upack'.
Warning: wire '\gcd$func$library/common/ad_upack.v:79$2274.a' is assigned in a block at library/common/ad_upack.v:103.11-103.18.
Warning: wire '\gcd$func$library/common/ad_upack.v:79$2274.b' is assigned in a block at library/common/ad_upack.v:105.11-105.18.
Warning: wire '\gcd$func$library/common/ad_upack.v:79$2274.b' is assigned in a block at library/common/ad_upack.v:105.11-105.18.
Successfully finished Verilog frontend.

66. Executing Verilog-2005 frontend: library/common/ad_xcvr_rx_if.v
Parsing Verilog input from `library/common/ad_xcvr_rx_if.v' to AST representation.
Generating RTLIL representation for module `\ad_xcvr_rx_if'.
Successfully finished Verilog frontend.

67. Executing Verilog-2005 frontend: library/common/up_adc_channel.v
Parsing Verilog input from `library/common/up_adc_channel.v' to AST representation.
Generating RTLIL representation for module `\up_adc_channel'.
Successfully finished Verilog frontend.

68. Executing Verilog-2005 frontend: library/common/up_adc_common.v
Parsing Verilog input from `library/common/up_adc_common.v' to AST representation.
Generating RTLIL representation for module `\up_adc_common'.
Successfully finished Verilog frontend.

69. Executing Verilog-2005 frontend: library/common/up_axi.v
Parsing Verilog input from `library/common/up_axi.v' to AST representation.
Generating RTLIL representation for module `\up_axi'.
Successfully finished Verilog frontend.

70. Executing Verilog-2005 frontend: library/common/up_clkgen.v
Parsing Verilog input from `library/common/up_clkgen.v' to AST representation.
Generating RTLIL representation for module `\up_clkgen'.
Successfully finished Verilog frontend.

71. Executing Verilog-2005 frontend: library/common/up_clock_mon.v
Parsing Verilog input from `library/common/up_clock_mon.v' to AST representation.
Generating RTLIL representation for module `\up_clock_mon'.
Successfully finished Verilog frontend.

72. Executing Verilog-2005 frontend: library/common/up_dac_channel.v
Parsing Verilog input from `library/common/up_dac_channel.v' to AST representation.
Generating RTLIL representation for module `\up_dac_channel'.
Successfully finished Verilog frontend.

73. Executing Verilog-2005 frontend: library/common/up_dac_common.v
Parsing Verilog input from `library/common/up_dac_common.v' to AST representation.
Generating RTLIL representation for module `\up_dac_common'.
Successfully finished Verilog frontend.

74. Executing Verilog-2005 frontend: library/common/up_delay_cntrl.v
Parsing Verilog input from `library/common/up_delay_cntrl.v' to AST representation.
Generating RTLIL representation for module `\up_delay_cntrl'.
Successfully finished Verilog frontend.

75. Executing Verilog-2005 frontend: library/common/up_hdmi_rx.v
Parsing Verilog input from `library/common/up_hdmi_rx.v' to AST representation.
Generating RTLIL representation for module `\up_hdmi_rx'.
library/common/up_hdmi_rx.v:164: Warning: Identifier `\up_tpm_oos_s' is implicitly declared.
Successfully finished Verilog frontend.

76. Executing Verilog-2005 frontend: library/common/up_hdmi_tx.v
Parsing Verilog input from `library/common/up_hdmi_tx.v' to AST representation.
Generating RTLIL representation for module `\up_hdmi_tx'.
Successfully finished Verilog frontend.

77. Executing Verilog-2005 frontend: library/common/up_pmod.v
Parsing Verilog input from `library/common/up_pmod.v' to AST representation.
Generating RTLIL representation for module `\up_pmod'.
library/common/up_pmod.v:77: Warning: Identifier `\up_preset_s' is implicitly declared.
Successfully finished Verilog frontend.

78. Executing Verilog-2005 frontend: library/common/up_tdd_cntrl.v
Parsing Verilog input from `library/common/up_tdd_cntrl.v' to AST representation.
Generating RTLIL representation for module `\up_tdd_cntrl'.
Successfully finished Verilog frontend.

79. Executing Verilog-2005 frontend: library/common/up_xfer_cntrl.v
Parsing Verilog input from `library/common/up_xfer_cntrl.v' to AST representation.
Generating RTLIL representation for module `\up_xfer_cntrl'.
Successfully finished Verilog frontend.

80. Executing Verilog-2005 frontend: library/common/up_xfer_status.v
Parsing Verilog input from `library/common/up_xfer_status.v' to AST representation.
Generating RTLIL representation for module `\up_xfer_status'.
Successfully finished Verilog frontend.

81. Executing Verilog-2005 frontend: library/common/util_axis_upscale.v
Parsing Verilog input from `library/common/util_axis_upscale.v' to AST representation.
Generating RTLIL representation for module `\util_axis_upscale'.
Successfully finished Verilog frontend.

82. Executing Verilog-2005 frontend: library/common/util_dec256sinc24b.v
Parsing Verilog input from `library/common/util_dec256sinc24b.v' to AST representation.
Generating RTLIL representation for module `\util_dec256sinc24b'.
Note: Assuming pure combinatorial block at library/common/util_dec256sinc24b.v:63.3-70.6 in
compliance with IEC 62142(E):2005 / IEEE Std. 1364.1(E):2002. Recommending
use of @* instead of @(...) for better match of synthesis and simulation.
Successfully finished Verilog frontend.

83. Executing Verilog-2005 frontend: library/common/util_delay.v
Parsing Verilog input from `library/common/util_delay.v' to AST representation.
Generating RTLIL representation for module `\util_delay'.
Warning: Replacing memory \dbuf with list of registers. See library/common/util_delay.v:54
Successfully finished Verilog frontend.

84. Executing Verilog-2005 frontend: library/common/util_ext_sync.v
Parsing Verilog input from `library/common/util_ext_sync.v' to AST representation.
Generating RTLIL representation for module `\util_ext_sync'.
Successfully finished Verilog frontend.

85. Executing Verilog-2005 frontend: library/common/util_pipeline_stage.v
Parsing Verilog input from `library/common/util_pipeline_stage.v' to AST representation.
Generating RTLIL representation for module `\util_pipeline_stage'.
Successfully finished Verilog frontend.

86. Executing Verilog-2005 frontend: library/common/util_pulse_gen.v
Parsing Verilog input from `library/common/util_pulse_gen.v' to AST representation.
Generating RTLIL representation for module `\util_pulse_gen'.
Successfully finished Verilog frontend.

87. Executing Verilog-2005 frontend: library/util_cdc/sync_bits.v
Parsing Verilog input from `library/util_cdc/sync_bits.v' to AST representation.
Generating RTLIL representation for module `\sync_bits'.
Successfully finished Verilog frontend.

88. Executing Verilog-2005 frontend: library/util_cdc/sync_data.v
Parsing Verilog input from `library/util_cdc/sync_data.v' to AST representation.
Generating RTLIL representation for module `\sync_data'.
Successfully finished Verilog frontend.

89. Executing Verilog-2005 frontend: library/util_cdc/sync_event.v
Parsing Verilog input from `library/util_cdc/sync_event.v' to AST representation.
Generating RTLIL representation for module `\sync_event'.
Successfully finished Verilog frontend.

90. Executing Verilog-2005 frontend: library/util_cdc/sync_gray.v
Parsing Verilog input from `library/util_cdc/sync_gray.v' to AST representation.
Generating RTLIL representation for module `\sync_gray'.
Successfully finished Verilog frontend.

91. Executing SYNTH_XILINX pass.

91.1. Executing Verilog-2005 frontend: /opt/homebrew/bin/../share/yosys/xilinx/cells_sim.v
Parsing Verilog input from `/opt/homebrew/bin/../share/yosys/xilinx/cells_sim.v' to AST representation.
Generating RTLIL representation for module `\VCC'.
Generating RTLIL representation for module `\GND'.
Generating RTLIL representation for module `\IBUF'.
Generating RTLIL representation for module `\IBUFG'.
Generating RTLIL representation for module `\OBUF'.
Generating RTLIL representation for module `\IOBUF'.
Generating RTLIL representation for module `\OBUFT'.
Generating RTLIL representation for module `\BUFG'.
Generating RTLIL representation for module `\BUFGCTRL'.
Generating RTLIL representation for module `\BUFHCE'.
Generating RTLIL representation for module `\INV'.
Generating RTLIL representation for module `\LUT1'.
Generating RTLIL representation for module `\LUT2'.
Generating RTLIL representation for module `\LUT3'.
Generating RTLIL representation for module `\LUT4'.
Generating RTLIL representation for module `\LUT5'.
Generating RTLIL representation for module `\LUT6'.
Generating RTLIL representation for module `\LUT6_2'.
Generating RTLIL representation for module `\$__ABC9_LUT7'.
Generating RTLIL representation for module `\$__ABC9_LUT8'.
Generating RTLIL representation for module `\MUXCY'.
Generating RTLIL representation for module `\MUXF5'.
Generating RTLIL representation for module `\MUXF6'.
Generating RTLIL representation for module `\MUXF7'.
Generating RTLIL representation for module `\MUXF8'.
Generating RTLIL representation for module `\MUXF9'.
Generating RTLIL representation for module `\XORCY'.
Generating RTLIL representation for module `\CARRY4'.
Generating RTLIL representation for module `\CARRY8'.
Generating RTLIL representation for module `\ORCY'.
Generating RTLIL representation for module `\MULT_AND'.
Generating RTLIL representation for module `\FDRE'.
Generating RTLIL representation for module `\FDRE_1'.
Generating RTLIL representation for module `\FDSE'.
Generating RTLIL representation for module `\FDSE_1'.
Generating RTLIL representation for module `\FDRSE'.
Generating RTLIL representation for module `\FDRSE_1'.
Generating RTLIL representation for module `\FDCE'.
Generating RTLIL representation for module `\FDCE_1'.
Generating RTLIL representation for module `\FDPE'.
Generating RTLIL representation for module `\FDPE_1'.
Generating RTLIL representation for module `\FDCPE'.
Generating RTLIL representation for module `\FDCPE_1'.
Generating RTLIL representation for module `\LDCE'.
Generating RTLIL representation for module `\LDPE'.
Generating RTLIL representation for module `\LDCPE'.
Generating RTLIL representation for module `\AND2B1L'.
Generating RTLIL representation for module `\OR2L'.
Generating RTLIL representation for module `\RAM16X1S'.
Generating RTLIL representation for module `\RAM16X1S_1'.
Generating RTLIL representation for module `\RAM32X1S'.
Generating RTLIL representation for module `\RAM32X1S_1'.
Generating RTLIL representation for module `\RAM64X1S'.
Generating RTLIL representation for module `\RAM64X1S_1'.
Generating RTLIL representation for module `\RAM128X1S'.
Generating RTLIL representation for module `\RAM128X1S_1'.
Generating RTLIL representation for module `\RAM256X1S'.
Generating RTLIL representation for module `\RAM512X1S'.
Generating RTLIL representation for module `\RAM16X2S'.
Generating RTLIL representation for module `\RAM32X2S'.
Generating RTLIL representation for module `\RAM64X2S'.
Generating RTLIL representation for module `\RAM16X4S'.
Generating RTLIL representation for module `\RAM32X4S'.
Generating RTLIL representation for module `\RAM16X8S'.
Generating RTLIL representation for module `\RAM32X8S'.
Generating RTLIL representation for module `\RAM16X1D'.
Generating RTLIL representation for module `\RAM16X1D_1'.
Generating RTLIL representation for module `\RAM32X1D'.
Generating RTLIL representation for module `\RAM32X1D_1'.
Generating RTLIL representation for module `\RAM64X1D'.
Generating RTLIL representation for module `\RAM64X1D_1'.
Generating RTLIL representation for module `\RAM128X1D'.
Generating RTLIL representation for module `\RAM256X1D'.
Generating RTLIL representation for module `\RAM32M'.
Generating RTLIL representation for module `\RAM32M16'.
Generating RTLIL representation for module `\RAM64M'.
Generating RTLIL representation for module `\RAM64M8'.
Generating RTLIL representation for module `\RAM32X16DR8'.
Generating RTLIL representation for module `\RAM64X8SW'.
Generating RTLIL representation for module `\ROM16X1'.
Generating RTLIL representation for module `\ROM32X1'.
Generating RTLIL representation for module `\ROM64X1'.
Generating RTLIL representation for module `\ROM128X1'.
Generating RTLIL representation for module `\ROM256X1'.
Generating RTLIL representation for module `\SRL16'.
Generating RTLIL representation for module `\SRL16E'.
Generating RTLIL representation for module `\SRLC16'.
Generating RTLIL representation for module `\SRLC16E'.
Generating RTLIL representation for module `\SRLC32E'.
Generating RTLIL representation for module `\CFGLUT5'.
Generating RTLIL representation for module `\MULT18X18'.
Generating RTLIL representation for module `\MULT18X18S'.
Generating RTLIL representation for module `\MULT18X18SIO'.
Generating RTLIL representation for module `\DSP48A'.
Generating RTLIL representation for module `\DSP48A1'.
Generating RTLIL representation for module `\DSP48'.
Generating RTLIL representation for module `\DSP48E1'.
Generating RTLIL representation for module `\RAMB18E1'.
Generating RTLIL representation for module `\RAMB36E1'.
Successfully finished Verilog frontend.

91.2. Executing Verilog-2005 frontend: /opt/homebrew/bin/../share/yosys/xilinx/cells_xtra.v
Parsing Verilog input from `/opt/homebrew/bin/../share/yosys/xilinx/cells_xtra.v' to AST representation.
Generating RTLIL representation for module `\RAMB4_S1'.
Generating RTLIL representation for module `\RAMB4_S2'.
Generating RTLIL representation for module `\RAMB4_S4'.
Generating RTLIL representation for module `\RAMB4_S8'.
Generating RTLIL representation for module `\RAMB4_S16'.
Generating RTLIL representation for module `\RAMB4_S1_S1'.
Generating RTLIL representation for module `\RAMB4_S1_S2'.
Generating RTLIL representation for module `\RAMB4_S1_S4'.
Generating RTLIL representation for module `\RAMB4_S1_S8'.
Generating RTLIL representation for module `\RAMB4_S1_S16'.
Generating RTLIL representation for module `\RAMB4_S2_S2'.
Generating RTLIL representation for module `\RAMB4_S2_S4'.
Generating RTLIL representation for module `\RAMB4_S2_S8'.
Generating RTLIL representation for module `\RAMB4_S2_S16'.
Generating RTLIL representation for module `\RAMB4_S4_S4'.
Generating RTLIL representation for module `\RAMB4_S4_S8'.
Generating RTLIL representation for module `\RAMB4_S4_S16'.
Generating RTLIL representation for module `\RAMB4_S8_S8'.
Generating RTLIL representation for module `\RAMB4_S8_S16'.
Generating RTLIL representation for module `\RAMB4_S16_S16'.
Generating RTLIL representation for module `\RAMB16_S1'.
Generating RTLIL representation for module `\RAMB16_S2'.
Generating RTLIL representation for module `\RAMB16_S4'.
Generating RTLIL representation for module `\RAMB16_S9'.
Generating RTLIL representation for module `\RAMB16_S18'.
Generating RTLIL representation for module `\RAMB16_S36'.
Generating RTLIL representation for module `\RAMB16_S1_S1'.
Generating RTLIL representation for module `\RAMB16_S1_S2'.
Generating RTLIL representation for module `\RAMB16_S1_S4'.
Generating RTLIL representation for module `\RAMB16_S1_S9'.
Generating RTLIL representation for module `\RAMB16_S1_S18'.
Generating RTLIL representation for module `\RAMB16_S1_S36'.
Generating RTLIL representation for module `\RAMB16_S2_S2'.
Generating RTLIL representation for module `\RAMB16_S2_S4'.
Generating RTLIL representation for module `\RAMB16_S2_S9'.
Generating RTLIL representation for module `\RAMB16_S2_S18'.
Generating RTLIL representation for module `\RAMB16_S2_S36'.
Generating RTLIL representation for module `\RAMB16_S4_S4'.
Generating RTLIL representation for module `\RAMB16_S4_S9'.
Generating RTLIL representation for module `\RAMB16_S4_S18'.
Generating RTLIL representation for module `\RAMB16_S4_S36'.
Generating RTLIL representation for module `\RAMB16_S9_S9'.
Generating RTLIL representation for module `\RAMB16_S9_S18'.
Generating RTLIL representation for module `\RAMB16_S9_S36'.
Generating RTLIL representation for module `\RAMB16_S18_S18'.
Generating RTLIL representation for module `\RAMB16_S18_S36'.
Generating RTLIL representation for module `\RAMB16_S36_S36'.
Generating RTLIL representation for module `\RAMB16BWE_S18'.
Generating RTLIL representation for module `\RAMB16BWE_S36'.
Generating RTLIL representation for module `\RAMB16BWE_S18_S9'.
Generating RTLIL representation for module `\RAMB16BWE_S18_S18'.
Generating RTLIL representation for module `\RAMB16BWE_S36_S9'.
Generating RTLIL representation for module `\RAMB16BWE_S36_S18'.
Generating RTLIL representation for module `\RAMB16BWE_S36_S36'.
Generating RTLIL representation for module `\RAMB16BWER'.
Generating RTLIL representation for module `\RAMB8BWER'.
Generating RTLIL representation for module `\FIFO16'.
Generating RTLIL representation for module `\RAMB16'.
Generating RTLIL representation for module `\RAMB32_S64_ECC'.
Generating RTLIL representation for module `\FIFO18'.
Generating RTLIL representation for module `\FIFO18_36'.
Generating RTLIL representation for module `\FIFO36'.
Generating RTLIL representation for module `\FIFO36_72'.
Generating RTLIL representation for module `\RAMB18'.
Generating RTLIL representation for module `\RAMB36'.
Generating RTLIL representation for module `\RAMB18SDP'.
Generating RTLIL representation for module `\RAMB36SDP'.
Generating RTLIL representation for module `\FIFO18E1'.
Generating RTLIL representation for module `\FIFO36E1'.
Generating RTLIL representation for module `\FIFO18E2'.
Generating RTLIL representation for module `\FIFO36E2'.
Generating RTLIL representation for module `\RAMB18E2'.
Generating RTLIL representation for module `\RAMB36E2'.
Generating RTLIL representation for module `\URAM288'.
Generating RTLIL representation for module `\URAM288_BASE'.
Generating RTLIL representation for module `\DSP48E'.
Generating RTLIL representation for module `\DSP48E2'.
Generating RTLIL representation for module `\FDDRCPE'.
Generating RTLIL representation for module `\FDDRRSE'.
Generating RTLIL representation for module `\IFDDRCPE'.
Generating RTLIL representation for module `\IFDDRRSE'.
Generating RTLIL representation for module `\OFDDRCPE'.
Generating RTLIL representation for module `\OFDDRRSE'.
Generating RTLIL representation for module `\OFDDRTCPE'.
Generating RTLIL representation for module `\OFDDRTRSE'.
Generating RTLIL representation for module `\IDDR2'.
Generating RTLIL representation for module `\ODDR2'.
Generating RTLIL representation for module `\IDDR'.
Generating RTLIL representation for module `\IDDR_2CLK'.
Generating RTLIL representation for module `\ODDR'.
Generating RTLIL representation for module `\IDELAYCTRL'.
Generating RTLIL representation for module `\IDELAY'.
Generating RTLIL representation for module `\ISERDES'.
Generating RTLIL representation for module `\OSERDES'.
Generating RTLIL representation for module `\IODELAY'.
Generating RTLIL representation for module `\ISERDES_NODELAY'.
Generating RTLIL representation for module `\IODELAYE1'.
Generating RTLIL representation for module `\ISERDESE1'.
Generating RTLIL representation for module `\OSERDESE1'.
Generating RTLIL representation for module `\IDELAYE2'.
Generating RTLIL representation for module `\ODELAYE2'.
Generating RTLIL representation for module `\ISERDESE2'.
Generating RTLIL representation for module `\OSERDESE2'.
Generating RTLIL representation for module `\PHASER_IN'.
Generating RTLIL representation for module `\PHASER_IN_PHY'.
Generating RTLIL representation for module `\PHASER_OUT'.
Generating RTLIL representation for module `\PHASER_OUT_PHY'.
Generating RTLIL representation for module `\PHASER_REF'.
Generating RTLIL representation for module `\PHY_CONTROL'.
Generating RTLIL representation for module `\IDDRE1'.
Generating RTLIL representation for module `\ODDRE1'.
Generating RTLIL representation for module `\IDELAYE3'.
Generating RTLIL representation for module `\ODELAYE3'.
Generating RTLIL representation for module `\ISERDESE3'.
Generating RTLIL representation for module `\OSERDESE3'.
Generating RTLIL representation for module `\BITSLICE_CONTROL'.
Generating RTLIL representation for module `\RIU_OR'.
Generating RTLIL representation for module `\RX_BITSLICE'.
Generating RTLIL representation for module `\RXTX_BITSLICE'.
Generating RTLIL representation for module `\TX_BITSLICE'.
Generating RTLIL representation for module `\TX_BITSLICE_TRI'.
Generating RTLIL representation for module `\IODELAY2'.
Generating RTLIL representation for module `\IODRP2'.
Generating RTLIL representation for module `\IODRP2_MCB'.
Generating RTLIL representation for module `\ISERDES2'.
Generating RTLIL representation for module `\OSERDES2'.
Generating RTLIL representation for module `\IBUF_DLY_ADJ'.
Generating RTLIL representation for module `\IBUF_IBUFDISABLE'.
Generating RTLIL representation for module `\IBUF_INTERMDISABLE'.
Generating RTLIL representation for module `\IBUF_ANALOG'.
Generating RTLIL representation for module `\IBUFE3'.
Generating RTLIL representation for module `\IBUFDS'.
Generating RTLIL representation for module `\IBUFDS_DLY_ADJ'.
Generating RTLIL representation for module `\IBUFDS_IBUFDISABLE'.
Generating RTLIL representation for module `\IBUFDS_INTERMDISABLE'.
Generating RTLIL representation for module `\IBUFDS_DIFF_OUT'.
Generating RTLIL representation for module `\IBUFDS_DIFF_OUT_IBUFDISABLE'.
Generating RTLIL representation for module `\IBUFDS_DIFF_OUT_INTERMDISABLE'.
Generating RTLIL representation for module `\IBUFDSE3'.
Generating RTLIL representation for module `\IBUFDS_DPHY'.
Generating RTLIL representation for module `\IBUFGDS'.
Generating RTLIL representation for module `\IBUFGDS_DIFF_OUT'.
Generating RTLIL representation for module `\IOBUF_DCIEN'.
Generating RTLIL representation for module `\IOBUF_INTERMDISABLE'.
Generating RTLIL representation for module `\IOBUFE3'.
Generating RTLIL representation for module `\IOBUFDS'.
Generating RTLIL representation for module `\IOBUFDS_DCIEN'.
Generating RTLIL representation for module `\IOBUFDS_INTERMDISABLE'.
Generating RTLIL representation for module `\IOBUFDS_DIFF_OUT'.
Generating RTLIL representation for module `\IOBUFDS_DIFF_OUT_DCIEN'.
Generating RTLIL representation for module `\IOBUFDS_DIFF_OUT_INTERMDISABLE'.
Generating RTLIL representation for module `\IOBUFDSE3'.
Generating RTLIL representation for module `\OBUFDS'.
Generating RTLIL representation for module `\OBUFDS_DPHY'.
Generating RTLIL representation for module `\OBUFTDS'.
Generating RTLIL representation for module `\KEEPER'.
Generating RTLIL representation for module `\PULLDOWN'.
Generating RTLIL representation for module `\PULLUP'.
Generating RTLIL representation for module `\DCIRESET'.
Generating RTLIL representation for module `\HPIO_VREF'.
Generating RTLIL representation for module `\BUFGCE'.
Generating RTLIL representation for module `\BUFGCE_1'.
Generating RTLIL representation for module `\BUFGMUX'.
Generating RTLIL representation for module `\BUFGMUX_1'.
Generating RTLIL representation for module `\BUFGMUX_CTRL'.
Generating RTLIL representation for module `\BUFGMUX_VIRTEX4'.
Generating RTLIL representation for module `\BUFG_GT'.
Generating RTLIL representation for module `\BUFG_GT_SYNC'.
Generating RTLIL representation for module `\BUFG_PS'.
Generating RTLIL representation for module `\BUFGCE_DIV'.
Generating RTLIL representation for module `\BUFH'.
Generating RTLIL representation for module `\BUFIO2'.
Generating RTLIL representation for module `\BUFIO2_2CLK'.
Generating RTLIL representation for module `\BUFIO2FB'.
Generating RTLIL representation for module `\BUFPLL'.
Generating RTLIL representation for module `\BUFPLL_MCB'.
Generating RTLIL representation for module `\BUFIO'.
Generating RTLIL representation for module `\BUFIODQS'.
Generating RTLIL representation for module `\BUFR'.
Generating RTLIL representation for module `\BUFMR'.
Generating RTLIL representation for module `\BUFMRCE'.
Generating RTLIL representation for module `\DCM'.
Generating RTLIL representation for module `\DCM_SP'.
Generating RTLIL representation for module `\DCM_CLKGEN'.
Generating RTLIL representation for module `\DCM_ADV'.
Generating RTLIL representation for module `\DCM_BASE'.
Generating RTLIL representation for module `\DCM_PS'.
Generating RTLIL representation for module `\PMCD'.
Generating RTLIL representation for module `\PLL_ADV'.
Generating RTLIL representation for module `\PLL_BASE'.
Generating RTLIL representation for module `\MMCM_ADV'.
Generating RTLIL representation for module `\MMCM_BASE'.
Generating RTLIL representation for module `\MMCME2_ADV'.
Generating RTLIL representation for module `\MMCME2_BASE'.
Generating RTLIL representation for module `\PLLE2_ADV'.
Generating RTLIL representation for module `\PLLE2_BASE'.
Generating RTLIL representation for module `\MMCME3_ADV'.
Generating RTLIL representation for module `\MMCME3_BASE'.
Generating RTLIL representation for module `\PLLE3_ADV'.
Generating RTLIL representation for module `\PLLE3_BASE'.
Generating RTLIL representation for module `\MMCME4_ADV'.
Generating RTLIL representation for module `\MMCME4_BASE'.
Generating RTLIL representation for module `\PLLE4_ADV'.
Generating RTLIL representation for module `\PLLE4_BASE'.
Generating RTLIL representation for module `\BUFT'.
Generating RTLIL representation for module `\IN_FIFO'.
Generating RTLIL representation for module `\OUT_FIFO'.
Generating RTLIL representation for module `\HARD_SYNC'.
Generating RTLIL representation for module `\STARTUP_SPARTAN3'.
Generating RTLIL representation for module `\STARTUP_SPARTAN3E'.
Generating RTLIL representation for module `\STARTUP_SPARTAN3A'.
Generating RTLIL representation for module `\STARTUP_SPARTAN6'.
Generating RTLIL representation for module `\STARTUP_VIRTEX4'.
Generating RTLIL representation for module `\STARTUP_VIRTEX5'.
Generating RTLIL representation for module `\STARTUP_VIRTEX6'.
Generating RTLIL representation for module `\STARTUPE2'.
Generating RTLIL representation for module `\STARTUPE3'.
Generating RTLIL representation for module `\CAPTURE_SPARTAN3'.
Generating RTLIL representation for module `\CAPTURE_SPARTAN3A'.
Generating RTLIL representation for module `\CAPTURE_VIRTEX4'.
Generating RTLIL representation for module `\CAPTURE_VIRTEX5'.
Generating RTLIL representation for module `\CAPTURE_VIRTEX6'.
Generating RTLIL representation for module `\CAPTUREE2'.
Generating RTLIL representation for module `\ICAP_SPARTAN3A'.
Generating RTLIL representation for module `\ICAP_SPARTAN6'.
Generating RTLIL representation for module `\ICAP_VIRTEX4'.
Generating RTLIL representation for module `\ICAP_VIRTEX5'.
Generating RTLIL representation for module `\ICAP_VIRTEX6'.
Generating RTLIL representation for module `\ICAPE2'.
Generating RTLIL representation for module `\ICAPE3'.
Generating RTLIL representation for module `\BSCAN_SPARTAN3'.
Generating RTLIL representation for module `\BSCAN_SPARTAN3A'.
Generating RTLIL representation for module `\BSCAN_SPARTAN6'.
Generating RTLIL representation for module `\BSCAN_VIRTEX4'.
Generating RTLIL representation for module `\BSCAN_VIRTEX5'.
Generating RTLIL representation for module `\BSCAN_VIRTEX6'.
Generating RTLIL representation for module `\BSCANE2'.
Generating RTLIL representation for module `\DNA_PORT'.
Generating RTLIL representation for module `\DNA_PORTE2'.
Generating RTLIL representation for module `\FRAME_ECC_VIRTEX4'.
Generating RTLIL representation for module `\FRAME_ECC_VIRTEX5'.
Generating RTLIL representation for module `\FRAME_ECC_VIRTEX6'.
Generating RTLIL representation for module `\FRAME_ECCE2'.
Generating RTLIL representation for module `\FRAME_ECCE3'.
Generating RTLIL representation for module `\FRAME_ECCE4'.
Generating RTLIL representation for module `\USR_ACCESS_VIRTEX4'.
Generating RTLIL representation for module `\USR_ACCESS_VIRTEX5'.
Generating RTLIL representation for module `\USR_ACCESS_VIRTEX6'.
Generating RTLIL representation for module `\USR_ACCESSE2'.
Generating RTLIL representation for module `\POST_CRC_INTERNAL'.
Generating RTLIL representation for module `\SUSPEND_SYNC'.
Generating RTLIL representation for module `\KEY_CLEAR'.
Generating RTLIL representation for module `\MASTER_JTAG'.
Generating RTLIL representation for module `\SPI_ACCESS'.
Generating RTLIL representation for module `\EFUSE_USR'.
Generating RTLIL representation for module `\SYSMON'.
Generating RTLIL representation for module `\XADC'.
Generating RTLIL representation for module `\SYSMONE1'.
Generating RTLIL representation for module `\SYSMONE4'.
Generating RTLIL representation for module `\GTPA1_DUAL'.
Generating RTLIL representation for module `\GT11_CUSTOM'.
Generating RTLIL representation for module `\GT11_DUAL'.
Generating RTLIL representation for module `\GT11CLK'.
Generating RTLIL representation for module `\GT11CLK_MGT'.
Generating RTLIL representation for module `\GTP_DUAL'.
Generating RTLIL representation for module `\GTX_DUAL'.
Generating RTLIL representation for module `\CRC32'.
Generating RTLIL representation for module `\CRC64'.
Generating RTLIL representation for module `\GTHE1_QUAD'.
Generating RTLIL representation for module `\GTXE1'.
Generating RTLIL representation for module `\IBUFDS_GTXE1'.
Generating RTLIL representation for module `\IBUFDS_GTHE1'.
Generating RTLIL representation for module `\GTHE2_CHANNEL'.
Generating RTLIL representation for module `\GTHE2_COMMON'.
Generating RTLIL representation for module `\GTPE2_CHANNEL'.
Generating RTLIL representation for module `\GTPE2_COMMON'.
Generating RTLIL representation for module `\GTXE2_CHANNEL'.
Generating RTLIL representation for module `\GTXE2_COMMON'.
Generating RTLIL representation for module `\IBUFDS_GTE2'.
Generating RTLIL representation for module `\GTHE3_CHANNEL'.
Generating RTLIL representation for module `\GTHE3_COMMON'.
Generating RTLIL representation for module `\GTYE3_CHANNEL'.
Generating RTLIL representation for module `\GTYE3_COMMON'.
Generating RTLIL representation for module `\IBUFDS_GTE3'.
Generating RTLIL representation for module `\OBUFDS_GTE3'.
Generating RTLIL representation for module `\OBUFDS_GTE3_ADV'.
Generating RTLIL representation for module `\GTHE4_CHANNEL'.
Generating RTLIL representation for module `\GTHE4_COMMON'.
Generating RTLIL representation for module `\GTYE4_CHANNEL'.
Generating RTLIL representation for module `\GTYE4_COMMON'.
Generating RTLIL representation for module `\IBUFDS_GTE4'.
Generating RTLIL representation for module `\OBUFDS_GTE4'.
Generating RTLIL representation for module `\OBUFDS_GTE4_ADV'.
Generating RTLIL representation for module `\GTM_DUAL'.
Generating RTLIL representation for module `\IBUFDS_GTM'.
Generating RTLIL representation for module `\OBUFDS_GTM'.
Generating RTLIL representation for module `\OBUFDS_GTM_ADV'.
Generating RTLIL representation for module `\HSDAC'.
Generating RTLIL representation for module `\HSADC'.
Generating RTLIL representation for module `\RFDAC'.
Generating RTLIL representation for module `\RFADC'.
Generating RTLIL representation for module `\PCIE_A1'.
Generating RTLIL representation for module `\PCIE_EP'.
Generating RTLIL representation for module `\PCIE_2_0'.
Generating RTLIL representation for module `\PCIE_2_1'.
Generating RTLIL representation for module `\PCIE_3_0'.
Generating RTLIL representation for module `\PCIE_3_1'.
Generating RTLIL representation for module `\PCIE40E4'.
Generating RTLIL representation for module `\PCIE4CE4'.
Generating RTLIL representation for module `\EMAC'.
Generating RTLIL representation for module `\TEMAC'.
Generating RTLIL representation for module `\TEMAC_SINGLE'.
Generating RTLIL representation for module `\CMAC'.
Generating RTLIL representation for module `\CMACE4'.
Generating RTLIL representation for module `\MCB'.
Generating RTLIL representation for module `\HBM_REF_CLK'.
Generating RTLIL representation for module `\HBM_SNGLBLI_INTF_APB'.
Generating RTLIL representation for module `\HBM_SNGLBLI_INTF_AXI'.
Generating RTLIL representation for module `\HBM_ONE_STACK_INTF'.
Generating RTLIL representation for module `\HBM_TWO_STACK_INTF'.
Generating RTLIL representation for module `\PPC405_ADV'.
Generating RTLIL representation for module `\PPC440'.
Generating RTLIL representation for module `\PS7'.
Generating RTLIL representation for module `\PS8'.
Generating RTLIL representation for module `\ILKN'.
Generating RTLIL representation for module `\ILKNE4'.
Generating RTLIL representation for module `\VCU'.
Generating RTLIL representation for module `\FE'.
Successfully finished Verilog frontend.

91.3. Executing HIERARCHY pass (managing design hierarchy).

91.3.1. Analyzing design hierarchy..
Top module:  \axi_dmac
Used module:     \axi_dmac_transfer
Used module:         \request_arb
Used module:             \src_fifo_inf
Used module:                 \data_mover
Used module:             \util_axis_fifo
Used module:                 \ad_mem
Used module:                 \util_axis_fifo_address_generator
Used module:             \dest_axi_mm
Used module:                 \response_handler
Used module:                 \address_generator
Used module:             \axi_dmac_ext_sync
Used module:             \axi_dmac_response_manager
Used module:             \request_generator
Used module:             \axi_register_slice
Used module:             \axi_dmac_burst_memory
Used module:                 \sync_bits
Used module:                 \axi_dmac_resize_dest
Used module:                 \ad_mem_asym
Used module:                 \axi_dmac_resize_src
Used module:         \axi_dmac_reset_manager
Used module:     \axi_dmac_regmap
Used module:         \up_axi
Used module:         \axi_dmac_regmap_request
Parameter \DMA_DATA_WIDTH_SRC = 64
Parameter \DMA_DATA_WIDTH_DEST = 64
Parameter \DMA_DATA_WIDTH_SG = 64
Parameter \DMA_LENGTH_WIDTH = 24
Parameter \DMA_LENGTH_ALIGN = 3
Parameter \BYTES_PER_BEAT_WIDTH_DEST = 3
Parameter \BYTES_PER_BEAT_WIDTH_SRC = 3
Parameter \BYTES_PER_BEAT_WIDTH_SG = 3
Parameter \DMA_TYPE_DEST = 0
Parameter \DMA_TYPE_SRC = 2
Parameter \DMA_AXI_ADDR_WIDTH = 64
Parameter \DMA_2D_TRANSFER = 0
Parameter \DMA_2D_TLAST_MODE = 0
Parameter \DMA_SG_TRANSFER = 0
Parameter \ASYNC_CLK_REQ_SRC = 1
Parameter \ASYNC_CLK_SRC_DEST = 1
Parameter \ASYNC_CLK_DEST_REQ = 1
Parameter \ASYNC_CLK_REQ_SG = 1
Parameter \AXI_SLICE_DEST = 0
Parameter \AXI_SLICE_SRC = 0
Parameter \AXIS_TUSER_SYNC = 1
Parameter \MAX_BYTES_PER_BURST = 128
Parameter \BYTES_PER_BURST_WIDTH = 7
Parameter \FIFO_SIZE = 8
Parameter \ID_WIDTH = 4
Parameter \AXI_LENGTH_WIDTH_SRC = 8
Parameter \AXI_LENGTH_WIDTH_DEST = 8
Parameter \AXI_LENGTH_WIDTH_SG = 8
Parameter \ENABLE_DIAGNOSTICS_IF = 0
Parameter \ALLOW_ASYM_MEM = 0
Parameter \AXI_AXCACHE = 4'0011
Parameter \AXI_AXPROT = 3'000
Parameter \FRAMELOCK = 0
Parameter \FRAMELOCK_MODE = 1'0
Parameter \MAX_NUM_FRAMES_WIDTH = 3
Parameter \USE_EXT_SYNC = 0

91.3.2. Executing AST frontend in derive mode using pre-parsed AST for module `\axi_dmac_transfer'.
Parameter \DMA_DATA_WIDTH_SRC = 64
Parameter \DMA_DATA_WIDTH_DEST = 64
Parameter \DMA_DATA_WIDTH_SG = 64
Parameter \DMA_LENGTH_WIDTH = 24
Parameter \DMA_LENGTH_ALIGN = 3
Parameter \BYTES_PER_BEAT_WIDTH_DEST = 3
Parameter \BYTES_PER_BEAT_WIDTH_SRC = 3
Parameter \BYTES_PER_BEAT_WIDTH_SG = 3
Parameter \DMA_TYPE_DEST = 0
Parameter \DMA_TYPE_SRC = 2
Parameter \DMA_AXI_ADDR_WIDTH = 64
Parameter \DMA_2D_TRANSFER = 0
Parameter \DMA_2D_TLAST_MODE = 0
Parameter \DMA_SG_TRANSFER = 0
Parameter \ASYNC_CLK_REQ_SRC = 1
Parameter \ASYNC_CLK_SRC_DEST = 1
Parameter \ASYNC_CLK_DEST_REQ = 1
Parameter \ASYNC_CLK_REQ_SG = 1
Parameter \AXI_SLICE_DEST = 0
Parameter \AXI_SLICE_SRC = 0
Parameter \AXIS_TUSER_SYNC = 1
Parameter \MAX_BYTES_PER_BURST = 128
Parameter \BYTES_PER_BURST_WIDTH = 7
Parameter \FIFO_SIZE = 8
Parameter \ID_WIDTH = 4
Parameter \AXI_LENGTH_WIDTH_SRC = 8
Parameter \AXI_LENGTH_WIDTH_DEST = 8
Parameter \AXI_LENGTH_WIDTH_SG = 8
Parameter \ENABLE_DIAGNOSTICS_IF = 0
Parameter \ALLOW_ASYM_MEM = 0
Parameter \AXI_AXCACHE = 4'0011
Parameter \AXI_AXPROT = 3'000
Parameter \FRAMELOCK = 0
Parameter \FRAMELOCK_MODE = 1'0
Parameter \MAX_NUM_FRAMES_WIDTH = 3
Parameter \USE_EXT_SYNC = 0
Generating RTLIL representation for module `$paramod$28f0d647c9f9e5c5b3c3bbb0ce76ef8e806fae87\axi_dmac_transfer'.
library/axi_dmac/axi_dmac_transfer.v:565: Warning: Identifier `\genblk2.dma_req_ready_s' is implicitly declared.
Parameter \ID = 0
Parameter \DISABLE_DEBUG_REGISTERS = 0
Parameter \BYTES_PER_BEAT_WIDTH_DEST = 3
Parameter \BYTES_PER_BEAT_WIDTH_SRC = 3
Parameter \BYTES_PER_BEAT_WIDTH_SG = 3
Parameter \BYTES_PER_BURST_WIDTH = 7
Parameter \DMA_TYPE_DEST = 0
Parameter \DMA_TYPE_SRC = 2
Parameter \DMA_AXI_ADDR_WIDTH = 64
Parameter \DMA_LENGTH_WIDTH = 24
Parameter \DMA_LENGTH_ALIGN = 3
Parameter \DMA_CYCLIC = 1
Parameter \HAS_DEST_ADDR = 1'1
Parameter \HAS_SRC_ADDR = 1'0
Parameter \DMA_2D_TRANSFER = 0
Parameter \DMA_SG_TRANSFER = 0
Parameter \SYNC_TRANSFER_START = 0
Parameter \CACHE_COHERENT = 0
Parameter \AXI_AXCACHE = 4'0011
Parameter \AXI_AXPROT = 3'000
Parameter \FRAMELOCK = 0
Parameter \DMA_2D_TLAST_MODE = 0
Parameter \MAX_NUM_FRAMES_WIDTH = 3
Parameter \USE_EXT_SYNC = 0
Parameter \AUTORUN = 0
Parameter \AUTORUN_FLAGS = 0
Parameter \AUTORUN_SRC_ADDR = 0
Parameter \AUTORUN_DEST_ADDR = 0
Parameter \AUTORUN_X_LENGTH = 0
Parameter \AUTORUN_Y_LENGTH = 0
Parameter \AUTORUN_SRC_STRIDE = 0
Parameter \AUTORUN_DEST_STRIDE = 0
Parameter \AUTORUN_SG_ADDRESS = 0
Parameter \AUTORUN_FRAMELOCK_CONFIG = 0
Parameter \AUTORUN_FRAMELOCK_STRIDE = 0

91.3.3. Executing AST frontend in derive mode using pre-parsed AST for module `\axi_dmac_regmap'.
Parameter \ID = 0
Parameter \DISABLE_DEBUG_REGISTERS = 0
Parameter \BYTES_PER_BEAT_WIDTH_DEST = 3
Parameter \BYTES_PER_BEAT_WIDTH_SRC = 3
Parameter \BYTES_PER_BEAT_WIDTH_SG = 3
Parameter \BYTES_PER_BURST_WIDTH = 7
Parameter \DMA_TYPE_DEST = 0
Parameter \DMA_TYPE_SRC = 2
Parameter \DMA_AXI_ADDR_WIDTH = 64
Parameter \DMA_LENGTH_WIDTH = 24
Parameter \DMA_LENGTH_ALIGN = 3
Parameter \DMA_CYCLIC = 1
Parameter \HAS_DEST_ADDR = 1'1
Parameter \HAS_SRC_ADDR = 1'0
Parameter \DMA_2D_TRANSFER = 0
Parameter \DMA_SG_TRANSFER = 0
Parameter \SYNC_TRANSFER_START = 0
Parameter \CACHE_COHERENT = 0
Parameter \AXI_AXCACHE = 4'0011
Parameter \AXI_AXPROT = 3'000
Parameter \FRAMELOCK = 0
Parameter \DMA_2D_TLAST_MODE = 0
Parameter \MAX_NUM_FRAMES_WIDTH = 3
Parameter \USE_EXT_SYNC = 0
Parameter \AUTORUN = 0
Parameter \AUTORUN_FLAGS = 0
Parameter \AUTORUN_SRC_ADDR = 0
Parameter \AUTORUN_DEST_ADDR = 0
Parameter \AUTORUN_X_LENGTH = 0
Parameter \AUTORUN_Y_LENGTH = 0
Parameter \AUTORUN_SRC_STRIDE = 0
Parameter \AUTORUN_DEST_STRIDE = 0
Parameter \AUTORUN_SG_ADDRESS = 0
Parameter \AUTORUN_FRAMELOCK_CONFIG = 0
Parameter \AUTORUN_FRAMELOCK_STRIDE = 0
Generating RTLIL representation for module `$paramod$42da77d14aa658d4baa5d7284757edced5bc7a84\axi_dmac_regmap'.
Parameter \AXI_ADDRESS_WIDTH = 11

91.3.4. Executing AST frontend in derive mode using pre-parsed AST for module `\up_axi'.
Parameter \AXI_ADDRESS_WIDTH = 11
Generating RTLIL representation for module `$paramod\up_axi\AXI_ADDRESS_WIDTH=s32'00000000000000000000000000001011'.
Parameter \DISABLE_DEBUG_REGISTERS = 0
Parameter \BYTES_PER_BEAT_WIDTH_DEST = 1
Parameter \BYTES_PER_BEAT_WIDTH_SRC = 1
Parameter \BYTES_PER_BEAT_WIDTH_SG = 1
Parameter \BYTES_PER_BURST_WIDTH = 7
Parameter \DMA_AXI_ADDR_WIDTH = 64
Parameter \DMA_LENGTH_WIDTH = 24
Parameter \DMA_LENGTH_ALIGN = 3
Parameter \DMA_CYCLIC = 0
Parameter \HAS_DEST_ADDR = 1
Parameter \HAS_SRC_ADDR = 1
Parameter \DMA_2D_TRANSFER = 0
Parameter \DMA_SG_TRANSFER = 0
Parameter \SYNC_TRANSFER_START = 0
Parameter \FRAMELOCK = 0
Parameter \MAX_NUM_FRAMES_WIDTH = 3
Parameter \AUTORUN = 0
Parameter \AUTORUN_FLAGS = 0
Parameter \AUTORUN_SRC_ADDR = 0
Parameter \AUTORUN_DEST_ADDR = 0
Parameter \AUTORUN_X_LENGTH = 0
Parameter \AUTORUN_Y_LENGTH = 0
Parameter \AUTORUN_SRC_STRIDE = 0
Parameter \AUTORUN_DEST_STRIDE = 0
Parameter \AUTORUN_SG_ADDRESS = 0
Parameter \AUTORUN_FRAMELOCK_CONFIG = 0
Parameter \AUTORUN_FRAMELOCK_STRIDE = 0

91.3.5. Executing AST frontend in derive mode using pre-parsed AST for module `\axi_dmac_regmap_request'.
Parameter \DISABLE_DEBUG_REGISTERS = 0
Parameter \BYTES_PER_BEAT_WIDTH_DEST = 1
Parameter \BYTES_PER_BEAT_WIDTH_SRC = 1
Parameter \BYTES_PER_BEAT_WIDTH_SG = 1
Parameter \BYTES_PER_BURST_WIDTH = 7
Parameter \DMA_AXI_ADDR_WIDTH = 64
Parameter \DMA_LENGTH_WIDTH = 24
Parameter \DMA_LENGTH_ALIGN = 3
Parameter \DMA_CYCLIC = 0
Parameter \HAS_DEST_ADDR = 1
Parameter \HAS_SRC_ADDR = 1
Parameter \DMA_2D_TRANSFER = 0
Parameter \DMA_SG_TRANSFER = 0
Parameter \SYNC_TRANSFER_START = 0
Parameter \FRAMELOCK = 0
Parameter \MAX_NUM_FRAMES_WIDTH = 3
Parameter \AUTORUN = 0
Parameter \AUTORUN_FLAGS = 0
Parameter \AUTORUN_SRC_ADDR = 0
Parameter \AUTORUN_DEST_ADDR = 0
Parameter \AUTORUN_X_LENGTH = 0
Parameter \AUTORUN_Y_LENGTH = 0
Parameter \AUTORUN_SRC_STRIDE = 0
Parameter \AUTORUN_DEST_STRIDE = 0
Parameter \AUTORUN_SG_ADDRESS = 0
Parameter \AUTORUN_FRAMELOCK_CONFIG = 0
Parameter \AUTORUN_FRAMELOCK_STRIDE = 0
Generating RTLIL representation for module `$paramod$25cb4e3aefa51fe971ac1443605a246e12a7e4ef\axi_dmac_regmap_request'.
Parameter \DMA_DATA_WIDTH_SRC = 64
Parameter \DMA_DATA_WIDTH_DEST = 64
Parameter \DMA_LENGTH_WIDTH = 24
Parameter \DMA_LENGTH_ALIGN = 3
Parameter \BYTES_PER_BEAT_WIDTH_DEST = 3
Parameter \BYTES_PER_BEAT_WIDTH_SRC = 3
Parameter \DMA_TYPE_DEST = 0
Parameter \DMA_TYPE_SRC = 2
Parameter \DMA_AXI_ADDR_WIDTH = 64
Parameter \ASYNC_CLK_REQ_SRC = 1
Parameter \ASYNC_CLK_SRC_DEST = 1
Parameter \ASYNC_CLK_DEST_REQ = 1
Parameter \AXI_SLICE_DEST = 0
Parameter \AXI_SLICE_SRC = 0
Parameter \AXIS_TUSER_SYNC = 1
Parameter \MAX_BYTES_PER_BURST = 128
Parameter \BYTES_PER_BURST_WIDTH = 7
Parameter \FIFO_SIZE = 8
Parameter \ID_WIDTH = 4
Parameter \AXI_LENGTH_WIDTH_SRC = 8
Parameter \AXI_LENGTH_WIDTH_DEST = 8
Parameter \ENABLE_DIAGNOSTICS_IF = 0
Parameter \ALLOW_ASYM_MEM = 0
Parameter \AXI_AXCACHE = 4'0011
Parameter \AXI_AXPROT = 3'000
Parameter \USE_EXT_SYNC = 0

91.3.6. Executing AST frontend in derive mode using pre-parsed AST for module `\request_arb'.
Parameter \DMA_DATA_WIDTH_SRC = 64
Parameter \DMA_DATA_WIDTH_DEST = 64
Parameter \DMA_LENGTH_WIDTH = 24
Parameter \DMA_LENGTH_ALIGN = 3
Parameter \BYTES_PER_BEAT_WIDTH_DEST = 3
Parameter \BYTES_PER_BEAT_WIDTH_SRC = 3
Parameter \DMA_TYPE_DEST = 0
Parameter \DMA_TYPE_SRC = 2
Parameter \DMA_AXI_ADDR_WIDTH = 64
Parameter \ASYNC_CLK_REQ_SRC = 1
Parameter \ASYNC_CLK_SRC_DEST = 1
Parameter \ASYNC_CLK_DEST_REQ = 1
Parameter \AXI_SLICE_DEST = 0
Parameter \AXI_SLICE_SRC = 0
Parameter \AXIS_TUSER_SYNC = 1
Parameter \MAX_BYTES_PER_BURST = 128
Parameter \BYTES_PER_BURST_WIDTH = 7
Parameter \FIFO_SIZE = 8
Parameter \ID_WIDTH = 4
Parameter \AXI_LENGTH_WIDTH_SRC = 8
Parameter \AXI_LENGTH_WIDTH_DEST = 8
Parameter \ENABLE_DIAGNOSTICS_IF = 0
Parameter \ALLOW_ASYM_MEM = 0
Parameter \AXI_AXCACHE = 4'0011
Parameter \AXI_AXPROT = 3'000
Parameter \USE_EXT_SYNC = 0
Generating RTLIL representation for module `$paramod$0ddd129b71ea7e3caf9a33fca8f56446f090786c\request_arb'.
library/axi_dmac/request_arb.v:1084: Warning: Identifier `\src_req_spltr_valid' is implicitly declared.
library/axi_dmac/request_arb.v:1085: Warning: Identifier `\src_req_spltr_ready' is implicitly declared.
Parameter \ASYNC_CLK_REQ_SRC = 1
Parameter \ASYNC_CLK_SRC_DEST = 1
Parameter \ASYNC_CLK_DEST_REQ = 1
Parameter \ASYNC_CLK_REQ_SG = 1
Parameter \DMA_SG_TRANSFER = 0

91.3.7. Executing AST frontend in derive mode using pre-parsed AST for module `\axi_dmac_reset_manager'.
Parameter \ASYNC_CLK_REQ_SRC = 1
Parameter \ASYNC_CLK_SRC_DEST = 1
Parameter \ASYNC_CLK_DEST_REQ = 1
Parameter \ASYNC_CLK_REQ_SG = 1
Parameter \DMA_SG_TRANSFER = 0
Generating RTLIL representation for module `$paramod$377a945232991b12a6e8c778b58c3f929857479a\axi_dmac_reset_manager'.
Parameter \NUM_OF_BITS = 3
Parameter \ASYNC_CLK = 1

91.3.8. Executing AST frontend in derive mode using pre-parsed AST for module `\sync_bits'.
Parameter \NUM_OF_BITS = 3
Parameter \ASYNC_CLK = 1
Generating RTLIL representation for module `$paramod$c683dde50105e645ca81b9880c415467897176e2\sync_bits'.
Parameter \NUM_OF_BITS = 3
Parameter \ASYNC_CLK = 1
Found cached RTLIL representation for module `$paramod$c683dde50105e645ca81b9880c415467897176e2\sync_bits'.
Parameter \DATA_WIDTH_DEST = 64
Parameter \DATA_WIDTH_MEM = 64

91.3.9. Executing AST frontend in derive mode using pre-parsed AST for module `\axi_dmac_resize_dest'.
Parameter \DATA_WIDTH_DEST = 64
Parameter \DATA_WIDTH_MEM = 64
Generating RTLIL representation for module `$paramod$41ab36ca231a9b37846cc7e0f35a587c74c783b4\axi_dmac_resize_dest'.
Parameter \A_ADDRESS_WIDTH = 6
Parameter \A_DATA_WIDTH = 64
Parameter \B_ADDRESS_WIDTH = 6
Parameter \B_DATA_WIDTH = 64

91.3.10. Executing AST frontend in derive mode using pre-parsed AST for module `\ad_mem_asym'.
Parameter \A_ADDRESS_WIDTH = 6
Parameter \A_DATA_WIDTH = 64
Parameter \B_ADDRESS_WIDTH = 6
Parameter \B_DATA_WIDTH = 64
Generating RTLIL representation for module `$paramod$1abbebd919fabefda4c57ed3122fabe90345895e\ad_mem_asym'.
Parameter \DATA_WIDTH_SRC = 64
Parameter \BYTES_PER_BEAT_WIDTH_SRC = 3
Parameter \DATA_WIDTH_MEM = 64
Parameter \BYTES_PER_BEAT_WIDTH_MEM = 3

91.3.11. Executing AST frontend in derive mode using pre-parsed AST for module `\axi_dmac_resize_src'.
Parameter \DATA_WIDTH_SRC = 64
Parameter \BYTES_PER_BEAT_WIDTH_SRC = 3
Parameter \DATA_WIDTH_MEM = 64
Parameter \BYTES_PER_BEAT_WIDTH_MEM = 3
Generating RTLIL representation for module `$paramod$a42d76110c04d060e9167c4f724e8ae3f9915f98\axi_dmac_resize_src'.
Parameter \DATA_WIDTH = 26
Parameter \ADDRESS_WIDTH = 2
Parameter \ASYNC_CLK = 0

91.3.12. Executing AST frontend in derive mode using pre-parsed AST for module `\util_axis_fifo'.
Parameter \DATA_WIDTH = 26
Parameter \ADDRESS_WIDTH = 2
Parameter \ASYNC_CLK = 0
Generating RTLIL representation for module `$paramod$0573c57a527b1c3f127d8cea0e3678bdf02916ed\util_axis_fifo'.
Parameter \DATA_WIDTH = 64
Parameter \ADDRESS_WIDTH = 5

91.3.13. Executing AST frontend in derive mode using pre-parsed AST for module `\ad_mem'.
Parameter \DATA_WIDTH = 64
Parameter \ADDRESS_WIDTH = 5
Generating RTLIL representation for module `$paramod$6bbbf42017d42b965159ba0dfeb3f6451cf94bb1\ad_mem'.
Parameter \ASYNC_CLK = 1
Parameter \ADDRESS_WIDTH = 5
Parameter \ALMOST_EMPTY_THRESHOLD = 5'10000
Parameter \ALMOST_FULL_THRESHOLD = 5'10000

91.3.14. Executing AST frontend in derive mode using pre-parsed AST for module `\util_axis_fifo_address_generator'.
Parameter \ASYNC_CLK = 1
Parameter \ADDRESS_WIDTH = 5
Parameter \ALMOST_EMPTY_THRESHOLD = 5'10000
Parameter \ALMOST_FULL_THRESHOLD = 5'10000
Generating RTLIL representation for module `$paramod$69b9d8afcefbc9d802510b03ee60f0f6282247c8\util_axis_fifo_address_generator'.
Parameter \NUM_OF_BITS = 1
Parameter \ASYNC_CLK = 1

91.3.15. Executing AST frontend in derive mode using pre-parsed AST for module `\sync_bits'.
Parameter \NUM_OF_BITS = 1
Parameter \ASYNC_CLK = 1
Generating RTLIL representation for module `$paramod$e8d354e3749300844a280719bbc42e2d437f7dde\sync_bits'.
Parameter \NUM_OF_BITS = 1
Parameter \ASYNC_CLK = 1
Found cached RTLIL representation for module `$paramod$e8d354e3749300844a280719bbc42e2d437f7dde\sync_bits'.
Parameter \NUM_OF_BITS = 1
Parameter \ASYNC_CLK = 1
Found cached RTLIL representation for module `$paramod$e8d354e3749300844a280719bbc42e2d437f7dde\sync_bits'.
Parameter \NUM_OF_BITS = 1
Parameter \ASYNC_CLK = 1
Found cached RTLIL representation for module `$paramod$e8d354e3749300844a280719bbc42e2d437f7dde\sync_bits'.
Parameter \DATA_WIDTH = 9
Parameter \ADDRESS_WIDTH = 0
Parameter \ASYNC_CLK = 1

91.3.16. Executing AST frontend in derive mode using pre-parsed AST for module `\util_axis_fifo'.
Parameter \DATA_WIDTH = 9
Parameter \ADDRESS_WIDTH = 0
Parameter \ASYNC_CLK = 1
Generating RTLIL representation for module `$paramod$01924709da0140cfdd64eb4a6092b021ce3e2f20\util_axis_fifo'.
Parameter \ID_WIDTH = 4
Parameter \DATA_WIDTH = 64
Parameter \BEATS_PER_BURST_WIDTH = 4

91.3.17. Executing AST frontend in derive mode using pre-parsed AST for module `\src_fifo_inf'.
Parameter \ID_WIDTH = 4
Parameter \DATA_WIDTH = 64
Parameter \BEATS_PER_BURST_WIDTH = 4
Generating RTLIL representation for module `$paramod$c73d97a04183e90b57fb702ee7fd8f2a25156d08\src_fifo_inf'.
Parameter \DATA_WIDTH = 4
Parameter \ADDRESS_WIDTH = 0
Parameter \ASYNC_CLK = 1

91.3.18. Executing AST frontend in derive mode using pre-parsed AST for module `\util_axis_fifo'.
Parameter \DATA_WIDTH = 4
Parameter \ADDRESS_WIDTH = 0
Parameter \ASYNC_CLK = 1
Generating RTLIL representation for module `$paramod$1afe8ab17c8e13c231534502ea4d2d40af485178\util_axis_fifo'.
Parameter \ID_WIDTH = 4
Parameter \DMA_DATA_WIDTH = 64
Parameter \DMA_ADDR_WIDTH = 64
Parameter \BYTES_PER_BEAT_WIDTH = 3
Parameter \BEATS_PER_BURST_WIDTH = 4
Parameter \MAX_BYTES_PER_BURST = 128
Parameter \BYTES_PER_BURST_WIDTH = 7
Parameter \AXI_LENGTH_WIDTH = 8
Parameter \AXI_AXCACHE = 4'0011
Parameter \AXI_AXPROT = 3'000

91.3.19. Executing AST frontend in derive mode using pre-parsed AST for module `\dest_axi_mm'.
Parameter \ID_WIDTH = 4
Parameter \DMA_DATA_WIDTH = 64
Parameter \DMA_ADDR_WIDTH = 64
Parameter \BYTES_PER_BEAT_WIDTH = 3
Parameter \BEATS_PER_BURST_WIDTH = 4
Parameter \MAX_BYTES_PER_BURST = 128
Parameter \BYTES_PER_BURST_WIDTH = 7
Parameter \AXI_LENGTH_WIDTH = 8
Parameter \AXI_AXCACHE = 4'0011
Parameter \AXI_AXPROT = 3'000
Generating RTLIL representation for module `$paramod$f1a4a0376ec5b1cd544bc83756eb60eb1eb132ac\dest_axi_mm'.
Parameter \USE_EXT_SYNC = 0
Parameter \ASYNC_CLK_REQ_SRC = 1
Parameter \ASYNC_CLK_DEST_REQ = 1

91.3.20. Executing AST frontend in derive mode using pre-parsed AST for module `\axi_dmac_ext_sync'.
Parameter \USE_EXT_SYNC = 0
Parameter \ASYNC_CLK_REQ_SRC = 1
Parameter \ASYNC_CLK_DEST_REQ = 1
Generating RTLIL representation for module `$paramod$a88f49773dfdfd6a58e8411af64af2aabde9bc81\axi_dmac_ext_sync'.
Parameter \DMA_DATA_WIDTH_SRC = 64
Parameter \DMA_DATA_WIDTH_DEST = 64
Parameter \DMA_LENGTH_WIDTH = 24
Parameter \BYTES_PER_BURST_WIDTH = 7
Parameter \BYTES_PER_BEAT_WIDTH_SRC = 3
Parameter \ASYNC_CLK_DEST_REQ = 1

91.3.21. Executing AST frontend in derive mode using pre-parsed AST for module `\axi_dmac_response_manager'.
Parameter \DMA_DATA_WIDTH_SRC = 64
Parameter \DMA_DATA_WIDTH_DEST = 64
Parameter \DMA_LENGTH_WIDTH = 24
Parameter \BYTES_PER_BURST_WIDTH = 7
Parameter \BYTES_PER_BEAT_WIDTH_SRC = 3
Parameter \ASYNC_CLK_DEST_REQ = 1
Generating RTLIL representation for module `$paramod$d3875e1858f4ffe397651d6aac111ca353a91913\axi_dmac_response_manager'.
library/axi_dmac/axi_dmac_response_manager.v:135: Warning: Identifier `\response_dest_partial' is implicitly declared.
Parameter \ID_WIDTH = 4
Parameter \BURSTS_PER_TRANSFER_WIDTH = 17

91.3.22. Executing AST frontend in derive mode using pre-parsed AST for module `\request_generator'.
Parameter \ID_WIDTH = 4
Parameter \BURSTS_PER_TRANSFER_WIDTH = 17
Generating RTLIL representation for module `$paramod$bcd9b23df7516666ebc299b907ab91e542f09a00\request_generator'.
Parameter \DATA_WIDTH = 132
Parameter \ADDRESS_WIDTH = 0
Parameter \ASYNC_CLK = 1

91.3.23. Executing AST frontend in derive mode using pre-parsed AST for module `\util_axis_fifo'.
Parameter \DATA_WIDTH = 132
Parameter \ADDRESS_WIDTH = 0
Parameter \ASYNC_CLK = 1
Generating RTLIL representation for module `$paramod$83d09f0e74a4304d54a271ecff10511e78e32d78\util_axis_fifo'.
Parameter \DATA_WIDTH = 63
Parameter \ADDRESS_WIDTH = 0
Parameter \ASYNC_CLK = 1

91.3.24. Executing AST frontend in derive mode using pre-parsed AST for module `\util_axis_fifo'.
Parameter \DATA_WIDTH = 63
Parameter \ADDRESS_WIDTH = 0
Parameter \ASYNC_CLK = 1
Generating RTLIL representation for module `$paramod$4f6dc395be3c3604eb10b08b083b96d2ec972d8f\util_axis_fifo'.
Parameter \DATA_WIDTH = 73
Parameter \FORWARD_REGISTERED = 0
Parameter \BACKWARD_REGISTERED = 0

91.3.25. Executing AST frontend in derive mode using pre-parsed AST for module `\axi_register_slice'.
Parameter \DATA_WIDTH = 73
Parameter \FORWARD_REGISTERED = 0
Parameter \BACKWARD_REGISTERED = 0
Generating RTLIL representation for module `$paramod$7b69f83a2900dc1fcf81fb1fed977ce24b991b42\axi_register_slice'.
Parameter \DATA_WIDTH_SRC = 64
Parameter \DATA_WIDTH_DEST = 64
Parameter \ID_WIDTH = 4
Parameter \MAX_BYTES_PER_BURST = 128
Parameter \ASYNC_CLK = 1
Parameter \BYTES_PER_BEAT_WIDTH_SRC = 3
Parameter \BYTES_PER_BURST_WIDTH = 7
Parameter \DMA_LENGTH_ALIGN = 3
Parameter \ENABLE_DIAGNOSTICS_IF = 0
Parameter \ALLOW_ASYM_MEM = 0

91.3.26. Executing AST frontend in derive mode using pre-parsed AST for module `\axi_dmac_burst_memory'.
Parameter \DATA_WIDTH_SRC = 64
Parameter \DATA_WIDTH_DEST = 64
Parameter \ID_WIDTH = 4
Parameter \MAX_BYTES_PER_BURST = 128
Parameter \ASYNC_CLK = 1
Parameter \BYTES_PER_BEAT_WIDTH_SRC = 3
Parameter \BYTES_PER_BURST_WIDTH = 7
Parameter \DMA_LENGTH_ALIGN = 3
Parameter \ENABLE_DIAGNOSTICS_IF = 0
Parameter \ALLOW_ASYM_MEM = 0
Generating RTLIL representation for module `$paramod$88d936154720f81d31a09e530dba3fef38790d39\axi_dmac_burst_memory'.
Parameter \DATA_WIDTH = 69
Parameter \FORWARD_REGISTERED = 0
Parameter \BACKWARD_REGISTERED = 0

91.3.27. Executing AST frontend in derive mode using pre-parsed AST for module `\axi_register_slice'.
Parameter \DATA_WIDTH = 69
Parameter \FORWARD_REGISTERED = 0
Parameter \BACKWARD_REGISTERED = 0
Generating RTLIL representation for module `$paramod$db14d8e08b9da1baf7d5e24ade11f7bc9f65f77f\axi_register_slice'.
Parameter \NUM_OF_BITS = 4
Parameter \ASYNC_CLK = 1

91.3.28. Executing AST frontend in derive mode using pre-parsed AST for module `\sync_bits'.
Parameter \NUM_OF_BITS = 4
Parameter \ASYNC_CLK = 1
Generating RTLIL representation for module `$paramod$5acb469efc81823004da6ca1328d8e1fb85ceb93\sync_bits'.
Parameter \NUM_OF_BITS = 4
Parameter \ASYNC_CLK = 1
Found cached RTLIL representation for module `$paramod$5acb469efc81823004da6ca1328d8e1fb85ceb93\sync_bits'.
Parameter \ID_WIDTH = 3

91.3.29. Executing AST frontend in derive mode using pre-parsed AST for module `\response_handler'.
Parameter \ID_WIDTH = 3
Generating RTLIL representation for module `$paramod\response_handler\ID_WIDTH=s32'00000000000000000000000000000011'.
Parameter \ID_WIDTH = 3
Parameter \DMA_DATA_WIDTH = 64
Parameter \DMA_ADDR_WIDTH = 64
Parameter \BEATS_PER_BURST_WIDTH = 4
Parameter \BYTES_PER_BEAT_WIDTH = 3
Parameter \LENGTH_WIDTH = 8
Parameter \AXI_AXCACHE = 4'0011
Parameter \AXI_AXPROT = 3'000

91.3.30. Executing AST frontend in derive mode using pre-parsed AST for module `\address_generator'.
Parameter \ID_WIDTH = 3
Parameter \DMA_DATA_WIDTH = 64
Parameter \DMA_ADDR_WIDTH = 64
Parameter \BEATS_PER_BURST_WIDTH = 4
Parameter \BYTES_PER_BEAT_WIDTH = 3
Parameter \LENGTH_WIDTH = 8
Parameter \AXI_AXCACHE = 4'0011
Parameter \AXI_AXPROT = 3'000
Generating RTLIL representation for module `$paramod$32f29efd4b47eb190053fd6cf9179d1e6d903cda\address_generator'.
Parameter \ID_WIDTH = 3
Parameter \DATA_WIDTH = 64
Parameter \BEATS_PER_BURST_WIDTH = 4

91.3.31. Executing AST frontend in derive mode using pre-parsed AST for module `\data_mover'.
Parameter \ID_WIDTH = 3
Parameter \DATA_WIDTH = 64
Parameter \BEATS_PER_BURST_WIDTH = 4
Generating RTLIL representation for module `$paramod$57c3026dcc6d0760c97e6cb8e10cfb6a2ef04f09\data_mover'.

91.3.32. Analyzing design hierarchy..
Top module:  \axi_dmac
Used module:     $paramod$28f0d647c9f9e5c5b3c3bbb0ce76ef8e806fae87\axi_dmac_transfer
Used module:         \request_arb
Used module:             $paramod$c73d97a04183e90b57fb702ee7fd8f2a25156d08\src_fifo_inf
Used module:                 \data_mover
Used module:             $paramod$1afe8ab17c8e13c231534502ea4d2d40af485178\util_axis_fifo
Used module:                 \sync_bits
Used module:             $paramod$f1a4a0376ec5b1cd544bc83756eb60eb1eb132ac\dest_axi_mm
Used module:                 \response_handler
Used module:                 \address_generator
Used module:             $paramod$a88f49773dfdfd6a58e8411af64af2aabde9bc81\axi_dmac_ext_sync
Used module:             $paramod$d3875e1858f4ffe397651d6aac111ca353a91913\axi_dmac_response_manager
Used module:                 \util_axis_fifo
Used module:                     $paramod$6bbbf42017d42b965159ba0dfeb3f6451cf94bb1\ad_mem
Used module:                     $paramod$69b9d8afcefbc9d802510b03ee60f0f6282247c8\util_axis_fifo_address_generator
Used module:                         \sync_gray
Used module:             $paramod$bcd9b23df7516666ebc299b907ab91e542f09a00\request_generator
Used module:             $paramod$83d09f0e74a4304d54a271ecff10511e78e32d78\util_axis_fifo
Used module:             $paramod$4f6dc395be3c3604eb10b08b083b96d2ec972d8f\util_axis_fifo
Used module:             $paramod$7b69f83a2900dc1fcf81fb1fed977ce24b991b42\axi_register_slice
Used module:             $paramod$88d936154720f81d31a09e530dba3fef38790d39\axi_dmac_burst_memory
Used module:                 \axi_dmac_resize_dest
Used module:                 \ad_mem_asym
Used module:                 \axi_dmac_resize_src
Used module:             $paramod$db14d8e08b9da1baf7d5e24ade11f7bc9f65f77f\axi_register_slice
Used module:             $paramod$5acb469efc81823004da6ca1328d8e1fb85ceb93\sync_bits
Used module:         \axi_dmac_reset_manager
Used module:             $paramod$e8d354e3749300844a280719bbc42e2d437f7dde\sync_bits
Used module:     $paramod$42da77d14aa658d4baa5d7284757edced5bc7a84\axi_dmac_regmap
Used module:         \up_axi
Used module:         \axi_dmac_regmap_request
Used module:             $paramod$0573c57a527b1c3f127d8cea0e3678bdf02916ed\util_axis_fifo
Used module:                 \util_axis_fifo_address_generator
Parameter \DMA_DATA_WIDTH_SRC = 64
Parameter \DMA_DATA_WIDTH_DEST = 64
Parameter \DMA_LENGTH_WIDTH = 24
Parameter \DMA_LENGTH_ALIGN = 3
Parameter \BYTES_PER_BEAT_WIDTH_DEST = 3
Parameter \BYTES_PER_BEAT_WIDTH_SRC = 3
Parameter \DMA_TYPE_DEST = 0
Parameter \DMA_TYPE_SRC = 2
Parameter \DMA_AXI_ADDR_WIDTH = 64
Parameter \ASYNC_CLK_REQ_SRC = 1
Parameter \ASYNC_CLK_SRC_DEST = 1
Parameter \ASYNC_CLK_DEST_REQ = 1
Parameter \AXI_SLICE_DEST = 0
Parameter \AXI_SLICE_SRC = 0
Parameter \AXIS_TUSER_SYNC = 1
Parameter \MAX_BYTES_PER_BURST = 128
Parameter \BYTES_PER_BURST_WIDTH = 7
Parameter \FIFO_SIZE = 8
Parameter \ID_WIDTH = 4
Parameter \AXI_LENGTH_WIDTH_SRC = 8
Parameter \AXI_LENGTH_WIDTH_DEST = 8
Parameter \ENABLE_DIAGNOSTICS_IF = 0
Parameter \ALLOW_ASYM_MEM = 0
Parameter \AXI_AXCACHE = 4'0011
Parameter \AXI_AXPROT = 3'000
Parameter \USE_EXT_SYNC = 0
Found cached RTLIL representation for module `$paramod$0ddd129b71ea7e3caf9a33fca8f56446f090786c\request_arb'.
Parameter \ASYNC_CLK_REQ_SRC = 1
Parameter \ASYNC_CLK_SRC_DEST = 1
Parameter \ASYNC_CLK_DEST_REQ = 1
Parameter \ASYNC_CLK_REQ_SG = 1
Parameter \DMA_SG_TRANSFER = 0
Found cached RTLIL representation for module `$paramod$377a945232991b12a6e8c778b58c3f929857479a\axi_dmac_reset_manager'.
Parameter \AXI_ADDRESS_WIDTH = 11
Found cached RTLIL representation for module `$paramod\up_axi\AXI_ADDRESS_WIDTH=s32'00000000000000000000000000001011'.
Parameter \DISABLE_DEBUG_REGISTERS = 0
Parameter \BYTES_PER_BEAT_WIDTH_DEST = 3
Parameter \BYTES_PER_BEAT_WIDTH_SRC = 3
Parameter \BYTES_PER_BEAT_WIDTH_SG = 3
Parameter \BYTES_PER_BURST_WIDTH = 7
Parameter \DMA_AXI_ADDR_WIDTH = 64
Parameter \DMA_LENGTH_WIDTH = 24
Parameter \DMA_LENGTH_ALIGN = 3
Parameter \DMA_CYCLIC = 1
Parameter \HAS_DEST_ADDR = 1'1
Parameter \HAS_SRC_ADDR = 1'0
Parameter \DMA_2D_TRANSFER = 0
Parameter \DMA_SG_TRANSFER = 0
Parameter \SYNC_TRANSFER_START = 0
Parameter \FRAMELOCK = 0
Parameter \MAX_NUM_FRAMES_WIDTH = 3
Parameter \AUTORUN = 0
Parameter \AUTORUN_FLAGS = 0
Parameter \AUTORUN_SRC_ADDR = 0
Parameter \AUTORUN_DEST_ADDR = 0
Parameter \AUTORUN_X_LENGTH = 0
Parameter \AUTORUN_Y_LENGTH = 0
Parameter \AUTORUN_SRC_STRIDE = 0
Parameter \AUTORUN_DEST_STRIDE = 0
Parameter \AUTORUN_SG_ADDRESS = 0
Parameter \AUTORUN_FRAMELOCK_CONFIG = 0
Parameter \AUTORUN_FRAMELOCK_STRIDE = 0

91.3.33. Executing AST frontend in derive mode using pre-parsed AST for module `\axi_dmac_regmap_request'.
Parameter \DISABLE_DEBUG_REGISTERS = 0
Parameter \BYTES_PER_BEAT_WIDTH_DEST = 3
Parameter \BYTES_PER_BEAT_WIDTH_SRC = 3
Parameter \BYTES_PER_BEAT_WIDTH_SG = 3
Parameter \BYTES_PER_BURST_WIDTH = 7
Parameter \DMA_AXI_ADDR_WIDTH = 64
Parameter \DMA_LENGTH_WIDTH = 24
Parameter \DMA_LENGTH_ALIGN = 3
Parameter \DMA_CYCLIC = 1
Parameter \HAS_DEST_ADDR = 1'1
Parameter \HAS_SRC_ADDR = 1'0
Parameter \DMA_2D_TRANSFER = 0
Parameter \DMA_SG_TRANSFER = 0
Parameter \SYNC_TRANSFER_START = 0
Parameter \FRAMELOCK = 0
Parameter \MAX_NUM_FRAMES_WIDTH = 3
Parameter \AUTORUN = 0
Parameter \AUTORUN_FLAGS = 0
Parameter \AUTORUN_SRC_ADDR = 0
Parameter \AUTORUN_DEST_ADDR = 0
Parameter \AUTORUN_X_LENGTH = 0
Parameter \AUTORUN_Y_LENGTH = 0
Parameter \AUTORUN_SRC_STRIDE = 0
Parameter \AUTORUN_DEST_STRIDE = 0
Parameter \AUTORUN_SG_ADDRESS = 0
Parameter \AUTORUN_FRAMELOCK_CONFIG = 0
Parameter \AUTORUN_FRAMELOCK_STRIDE = 0
Generating RTLIL representation for module `$paramod$b07e28671be3e23be94c7c6e0f81842dcc69e542\axi_dmac_regmap_request'.
Parameter \ASYNC_CLK = 0
Parameter \ADDRESS_WIDTH = 2
Parameter \ALMOST_EMPTY_THRESHOLD = 2'00
Parameter \ALMOST_FULL_THRESHOLD = 2'00

91.3.34. Executing AST frontend in derive mode using pre-parsed AST for module `\util_axis_fifo_address_generator'.
Parameter \ASYNC_CLK = 0
Parameter \ADDRESS_WIDTH = 2
Parameter \ALMOST_EMPTY_THRESHOLD = 2'00
Parameter \ALMOST_FULL_THRESHOLD = 2'00
Generating RTLIL representation for module `$paramod$23ac77f1046f06f32557b49c4671eb40ed5df477\util_axis_fifo_address_generator'.
Parameter \DATA_WIDTH = 6

91.3.35. Executing AST frontend in derive mode using pre-parsed AST for module `\sync_gray'.
Parameter \DATA_WIDTH = 6
Generating RTLIL representation for module `$paramod\sync_gray\DATA_WIDTH=s32'00000000000000000000000000000110'.
Parameter \DATA_WIDTH = 6
Found cached RTLIL representation for module `$paramod\sync_gray\DATA_WIDTH=s32'00000000000000000000000000000110'.
Parameter \ID_WIDTH = 4
Parameter \DATA_WIDTH = 64
Parameter \BEATS_PER_BURST_WIDTH = 4

91.3.36. Executing AST frontend in derive mode using pre-parsed AST for module `\data_mover'.
Parameter \ID_WIDTH = 4
Parameter \DATA_WIDTH = 64
Parameter \BEATS_PER_BURST_WIDTH = 4
Generating RTLIL representation for module `$paramod$c73d97a04183e90b57fb702ee7fd8f2a25156d08\data_mover'.
Parameter \NUM_OF_BITS = 1
Parameter \ASYNC_CLK = 1
Found cached RTLIL representation for module `$paramod$e8d354e3749300844a280719bbc42e2d437f7dde\sync_bits'.
Parameter \NUM_OF_BITS = 1
Parameter \ASYNC_CLK = 1
Found cached RTLIL representation for module `$paramod$e8d354e3749300844a280719bbc42e2d437f7dde\sync_bits'.
Parameter \ID_WIDTH = 4

91.3.37. Executing AST frontend in derive mode using pre-parsed AST for module `\response_handler'.
Parameter \ID_WIDTH = 4
Generating RTLIL representation for module `$paramod\response_handler\ID_WIDTH=s32'00000000000000000000000000000100'.
Parameter \ID_WIDTH = 4
Parameter \DMA_DATA_WIDTH = 64
Parameter \DMA_ADDR_WIDTH = 64
Parameter \BEATS_PER_BURST_WIDTH = 4
Parameter \BYTES_PER_BEAT_WIDTH = 3
Parameter \LENGTH_WIDTH = 8
Parameter \AXI_AXCACHE = 4'0011
Parameter \AXI_AXPROT = 3'000

91.3.38. Executing AST frontend in derive mode using pre-parsed AST for module `\address_generator'.
Parameter \ID_WIDTH = 4
Parameter \DMA_DATA_WIDTH = 64
Parameter \DMA_ADDR_WIDTH = 64
Parameter \BEATS_PER_BURST_WIDTH = 4
Parameter \BYTES_PER_BEAT_WIDTH = 3
Parameter \LENGTH_WIDTH = 8
Parameter \AXI_AXCACHE = 4'0011
Parameter \AXI_AXPROT = 3'000
Generating RTLIL representation for module `$paramod$6c352b980fb6ac9a4dc438bf4354d86f75530c37\address_generator'.
Parameter \DATA_WIDTH = 9
Parameter \ADDRESS_WIDTH = 0
Parameter \ASYNC_CLK = 1
Found cached RTLIL representation for module `$paramod$01924709da0140cfdd64eb4a6092b021ce3e2f20\util_axis_fifo'.
Parameter \NUM_OF_BITS = 1
Parameter \ASYNC_CLK = 1
Found cached RTLIL representation for module `$paramod$e8d354e3749300844a280719bbc42e2d437f7dde\sync_bits'.
Parameter \NUM_OF_BITS = 1
Parameter \ASYNC_CLK = 1
Found cached RTLIL representation for module `$paramod$e8d354e3749300844a280719bbc42e2d437f7dde\sync_bits'.
Parameter \NUM_OF_BITS = 1
Parameter \ASYNC_CLK = 1
Found cached RTLIL representation for module `$paramod$e8d354e3749300844a280719bbc42e2d437f7dde\sync_bits'.
Parameter \NUM_OF_BITS = 1
Parameter \ASYNC_CLK = 1
Found cached RTLIL representation for module `$paramod$e8d354e3749300844a280719bbc42e2d437f7dde\sync_bits'.
Parameter \NUM_OF_BITS = 4
Parameter \ASYNC_CLK = 1
Found cached RTLIL representation for module `$paramod$5acb469efc81823004da6ca1328d8e1fb85ceb93\sync_bits'.
Parameter \NUM_OF_BITS = 4
Parameter \ASYNC_CLK = 1
Found cached RTLIL representation for module `$paramod$5acb469efc81823004da6ca1328d8e1fb85ceb93\sync_bits'.
Parameter \DATA_WIDTH_DEST = 64
Parameter \DATA_WIDTH_MEM = 64
Found cached RTLIL representation for module `$paramod$41ab36ca231a9b37846cc7e0f35a587c74c783b4\axi_dmac_resize_dest'.
Parameter \A_ADDRESS_WIDTH = 7
Parameter \A_DATA_WIDTH = 64
Parameter \B_ADDRESS_WIDTH = 7
Parameter \B_DATA_WIDTH = 64

91.3.39. Executing AST frontend in derive mode using pre-parsed AST for module `\ad_mem_asym'.
Parameter \A_ADDRESS_WIDTH = 7
Parameter \A_DATA_WIDTH = 64
Parameter \B_ADDRESS_WIDTH = 7
Parameter \B_DATA_WIDTH = 64
Generating RTLIL representation for module `$paramod$ef74037a4828f83e971864de197da12792059f44\ad_mem_asym'.
Parameter \DATA_WIDTH_SRC = 64
Parameter \BYTES_PER_BEAT_WIDTH_SRC = 3
Parameter \DATA_WIDTH_MEM = 64
Parameter \BYTES_PER_BEAT_WIDTH_MEM = 3
Found cached RTLIL representation for module `$paramod$a42d76110c04d060e9167c4f724e8ae3f9915f98\axi_dmac_resize_src'.

91.3.40. Analyzing design hierarchy..
Top module:  \axi_dmac
Used module:     $paramod$28f0d647c9f9e5c5b3c3bbb0ce76ef8e806fae87\axi_dmac_transfer
Used module:         $paramod$0ddd129b71ea7e3caf9a33fca8f56446f090786c\request_arb
Used module:             \src_fifo_inf
Used module:                 $paramod$57c3026dcc6d0760c97e6cb8e10cfb6a2ef04f09\data_mover
Used module:             \util_axis_fifo
Used module:                 $paramod$6bbbf42017d42b965159ba0dfeb3f6451cf94bb1\ad_mem
Used module:                 $paramod$69b9d8afcefbc9d802510b03ee60f0f6282247c8\util_axis_fifo_address_generator
Used module:                     $paramod\sync_gray\DATA_WIDTH=s32'00000000000000000000000000000110
Used module:             \dest_axi_mm
Used module:                 $paramod\response_handler\ID_WIDTH=s32'00000000000000000000000000000011
Used module:                 $paramod$32f29efd4b47eb190053fd6cf9179d1e6d903cda\address_generator
Used module:             \axi_dmac_ext_sync
Used module:             \axi_dmac_response_manager
Used module:                 $paramod$01924709da0140cfdd64eb4a6092b021ce3e2f20\util_axis_fifo
Used module:                     \sync_bits
Used module:             \request_generator
Used module:             \axi_register_slice
Used module:             \axi_dmac_burst_memory
Used module:                 $paramod$c683dde50105e645ca81b9880c415467897176e2\sync_bits
Used module:                 $paramod$41ab36ca231a9b37846cc7e0f35a587c74c783b4\axi_dmac_resize_dest
Used module:                 $paramod$1abbebd919fabefda4c57ed3122fabe90345895e\ad_mem_asym
Used module:                 $paramod$a42d76110c04d060e9167c4f724e8ae3f9915f98\axi_dmac_resize_src
Used module:         $paramod$377a945232991b12a6e8c778b58c3f929857479a\axi_dmac_reset_manager
Used module:     $paramod$42da77d14aa658d4baa5d7284757edced5bc7a84\axi_dmac_regmap
Used module:         $paramod\up_axi\AXI_ADDRESS_WIDTH=s32'00000000000000000000000000001011
Used module:         $paramod$b07e28671be3e23be94c7c6e0f81842dcc69e542\axi_dmac_regmap_request
Parameter \ID_WIDTH = 4
Parameter \DATA_WIDTH = 64
Parameter \BEATS_PER_BURST_WIDTH = 4
Found cached RTLIL representation for module `$paramod$c73d97a04183e90b57fb702ee7fd8f2a25156d08\src_fifo_inf'.
Parameter \DATA_WIDTH = 4
Parameter \ADDRESS_WIDTH = 0
Parameter \ASYNC_CLK = 1
Found cached RTLIL representation for module `$paramod$1afe8ab17c8e13c231534502ea4d2d40af485178\util_axis_fifo'.
Parameter \ID_WIDTH = 4
Parameter \DMA_DATA_WIDTH = 64
Parameter \DMA_ADDR_WIDTH = 64
Parameter \BYTES_PER_BEAT_WIDTH = 3
Parameter \BEATS_PER_BURST_WIDTH = 4
Parameter \MAX_BYTES_PER_BURST = 128
Parameter \BYTES_PER_BURST_WIDTH = 7
Parameter \AXI_LENGTH_WIDTH = 8
Parameter \AXI_AXCACHE = 4'0011
Parameter \AXI_AXPROT = 3'000
Found cached RTLIL representation for module `$paramod$f1a4a0376ec5b1cd544bc83756eb60eb1eb132ac\dest_axi_mm'.
Parameter \USE_EXT_SYNC = 0
Parameter \ASYNC_CLK_REQ_SRC = 1
Parameter \ASYNC_CLK_DEST_REQ = 1
Found cached RTLIL representation for module `$paramod$a88f49773dfdfd6a58e8411af64af2aabde9bc81\axi_dmac_ext_sync'.
Parameter \DMA_DATA_WIDTH_SRC = 64
Parameter \DMA_DATA_WIDTH_DEST = 64
Parameter \DMA_LENGTH_WIDTH = 24
Parameter \BYTES_PER_BURST_WIDTH = 7
Parameter \BYTES_PER_BEAT_WIDTH_SRC = 3
Parameter \ASYNC_CLK_DEST_REQ = 1
Found cached RTLIL representation for module `$paramod$d3875e1858f4ffe397651d6aac111ca353a91913\axi_dmac_response_manager'.
Parameter \ID_WIDTH = 4
Parameter \BURSTS_PER_TRANSFER_WIDTH = 17
Found cached RTLIL representation for module `$paramod$bcd9b23df7516666ebc299b907ab91e542f09a00\request_generator'.
Parameter \DATA_WIDTH = 132
Parameter \ADDRESS_WIDTH = 0
Parameter \ASYNC_CLK = 1
Found cached RTLIL representation for module `$paramod$83d09f0e74a4304d54a271ecff10511e78e32d78\util_axis_fifo'.
Parameter \DATA_WIDTH = 63
Parameter \ADDRESS_WIDTH = 0
Parameter \ASYNC_CLK = 1
Found cached RTLIL representation for module `$paramod$4f6dc395be3c3604eb10b08b083b96d2ec972d8f\util_axis_fifo'.
Parameter \DATA_WIDTH = 73
Parameter \FORWARD_REGISTERED = 0
Parameter \BACKWARD_REGISTERED = 0
Found cached RTLIL representation for module `$paramod$7b69f83a2900dc1fcf81fb1fed977ce24b991b42\axi_register_slice'.
Parameter \DATA_WIDTH_SRC = 64
Parameter \DATA_WIDTH_DEST = 64
Parameter \ID_WIDTH = 4
Parameter \MAX_BYTES_PER_BURST = 128
Parameter \ASYNC_CLK = 1
Parameter \BYTES_PER_BEAT_WIDTH_SRC = 3
Parameter \BYTES_PER_BURST_WIDTH = 7
Parameter \DMA_LENGTH_ALIGN = 3
Parameter \ENABLE_DIAGNOSTICS_IF = 0
Parameter \ALLOW_ASYM_MEM = 0
Found cached RTLIL representation for module `$paramod$88d936154720f81d31a09e530dba3fef38790d39\axi_dmac_burst_memory'.
Parameter \DATA_WIDTH = 69
Parameter \FORWARD_REGISTERED = 0
Parameter \BACKWARD_REGISTERED = 0
Found cached RTLIL representation for module `$paramod$db14d8e08b9da1baf7d5e24ade11f7bc9f65f77f\axi_register_slice'.
Parameter \NUM_OF_BITS = 4
Parameter \ASYNC_CLK = 1
Found cached RTLIL representation for module `$paramod$5acb469efc81823004da6ca1328d8e1fb85ceb93\sync_bits'.
Parameter \NUM_OF_BITS = 4
Parameter \ASYNC_CLK = 1
Found cached RTLIL representation for module `$paramod$5acb469efc81823004da6ca1328d8e1fb85ceb93\sync_bits'.
Parameter \NUM_OF_BITS = 1
Parameter \ASYNC_CLK = 1
Found cached RTLIL representation for module `$paramod$e8d354e3749300844a280719bbc42e2d437f7dde\sync_bits'.
Parameter \NUM_OF_BITS = 1
Parameter \ASYNC_CLK = 1
Found cached RTLIL representation for module `$paramod$e8d354e3749300844a280719bbc42e2d437f7dde\sync_bits'.
Parameter \NUM_OF_BITS = 1
Parameter \ASYNC_CLK = 1
Found cached RTLIL representation for module `$paramod$e8d354e3749300844a280719bbc42e2d437f7dde\sync_bits'.
Parameter \NUM_OF_BITS = 1
Parameter \ASYNC_CLK = 1
Found cached RTLIL representation for module `$paramod$e8d354e3749300844a280719bbc42e2d437f7dde\sync_bits'.
Parameter \NUM_OF_BITS = 1
Parameter \ASYNC_CLK = 1
Found cached RTLIL representation for module `$paramod$e8d354e3749300844a280719bbc42e2d437f7dde\sync_bits'.
Parameter \NUM_OF_BITS = 1
Parameter \ASYNC_CLK = 1
Found cached RTLIL representation for module `$paramod$e8d354e3749300844a280719bbc42e2d437f7dde\sync_bits'.
Parameter \DATA_WIDTH = 26
Parameter \ADDRESS_WIDTH = 2
Parameter \ASYNC_CLK = 0
Found cached RTLIL representation for module `$paramod$0573c57a527b1c3f127d8cea0e3678bdf02916ed\util_axis_fifo'.

91.3.41. Analyzing design hierarchy..
Top module:  \axi_dmac
Used module:     $paramod$28f0d647c9f9e5c5b3c3bbb0ce76ef8e806fae87\axi_dmac_transfer
Used module:         $paramod$0ddd129b71ea7e3caf9a33fca8f56446f090786c\request_arb
Used module:             $paramod$c73d97a04183e90b57fb702ee7fd8f2a25156d08\src_fifo_inf
Used module:                 $paramod$c73d97a04183e90b57fb702ee7fd8f2a25156d08\data_mover
Used module:             $paramod$1afe8ab17c8e13c231534502ea4d2d40af485178\util_axis_fifo
Used module:                 $paramod$e8d354e3749300844a280719bbc42e2d437f7dde\sync_bits
Used module:             $paramod$f1a4a0376ec5b1cd544bc83756eb60eb1eb132ac\dest_axi_mm
Used module:                 $paramod\response_handler\ID_WIDTH=s32'00000000000000000000000000000100
Used module:                 $paramod$6c352b980fb6ac9a4dc438bf4354d86f75530c37\address_generator
Used module:             $paramod$a88f49773dfdfd6a58e8411af64af2aabde9bc81\axi_dmac_ext_sync
Used module:             $paramod$d3875e1858f4ffe397651d6aac111ca353a91913\axi_dmac_response_manager
Used module:                 $paramod$01924709da0140cfdd64eb4a6092b021ce3e2f20\util_axis_fifo
Used module:             $paramod$bcd9b23df7516666ebc299b907ab91e542f09a00\request_generator
Used module:             $paramod$83d09f0e74a4304d54a271ecff10511e78e32d78\util_axis_fifo
Used module:             $paramod$4f6dc395be3c3604eb10b08b083b96d2ec972d8f\util_axis_fifo
Used module:             $paramod$7b69f83a2900dc1fcf81fb1fed977ce24b991b42\axi_register_slice
Used module:             $paramod$88d936154720f81d31a09e530dba3fef38790d39\axi_dmac_burst_memory
Used module:                 $paramod$5acb469efc81823004da6ca1328d8e1fb85ceb93\sync_bits
Used module:                 $paramod$41ab36ca231a9b37846cc7e0f35a587c74c783b4\axi_dmac_resize_dest
Used module:                 $paramod$ef74037a4828f83e971864de197da12792059f44\ad_mem_asym
Used module:                 $paramod$a42d76110c04d060e9167c4f724e8ae3f9915f98\axi_dmac_resize_src
Used module:             $paramod$db14d8e08b9da1baf7d5e24ade11f7bc9f65f77f\axi_register_slice
Used module:         $paramod$377a945232991b12a6e8c778b58c3f929857479a\axi_dmac_reset_manager
Used module:     $paramod$42da77d14aa658d4baa5d7284757edced5bc7a84\axi_dmac_regmap
Used module:         $paramod\up_axi\AXI_ADDRESS_WIDTH=s32'00000000000000000000000000001011
Used module:         $paramod$b07e28671be3e23be94c7c6e0f81842dcc69e542\axi_dmac_regmap_request
Used module:             $paramod$0573c57a527b1c3f127d8cea0e3678bdf02916ed\util_axis_fifo
Used module:                 $paramod$23ac77f1046f06f32557b49c4671eb40ed5df477\util_axis_fifo_address_generator

91.3.42. Analyzing design hierarchy..
Top module:  \axi_dmac
Used module:     $paramod$28f0d647c9f9e5c5b3c3bbb0ce76ef8e806fae87\axi_dmac_transfer
Used module:         $paramod$0ddd129b71ea7e3caf9a33fca8f56446f090786c\request_arb
Used module:             $paramod$c73d97a04183e90b57fb702ee7fd8f2a25156d08\src_fifo_inf
Used module:                 $paramod$c73d97a04183e90b57fb702ee7fd8f2a25156d08\data_mover
Used module:             $paramod$1afe8ab17c8e13c231534502ea4d2d40af485178\util_axis_fifo
Used module:                 $paramod$e8d354e3749300844a280719bbc42e2d437f7dde\sync_bits
Used module:             $paramod$f1a4a0376ec5b1cd544bc83756eb60eb1eb132ac\dest_axi_mm
Used module:                 $paramod\response_handler\ID_WIDTH=s32'00000000000000000000000000000100
Used module:                 $paramod$6c352b980fb6ac9a4dc438bf4354d86f75530c37\address_generator
Used module:             $paramod$a88f49773dfdfd6a58e8411af64af2aabde9bc81\axi_dmac_ext_sync
Used module:             $paramod$d3875e1858f4ffe397651d6aac111ca353a91913\axi_dmac_response_manager
Used module:                 $paramod$01924709da0140cfdd64eb4a6092b021ce3e2f20\util_axis_fifo
Used module:             $paramod$bcd9b23df7516666ebc299b907ab91e542f09a00\request_generator
Used module:             $paramod$83d09f0e74a4304d54a271ecff10511e78e32d78\util_axis_fifo
Used module:             $paramod$4f6dc395be3c3604eb10b08b083b96d2ec972d8f\util_axis_fifo
Used module:             $paramod$7b69f83a2900dc1fcf81fb1fed977ce24b991b42\axi_register_slice
Used module:             $paramod$88d936154720f81d31a09e530dba3fef38790d39\axi_dmac_burst_memory
Used module:                 $paramod$5acb469efc81823004da6ca1328d8e1fb85ceb93\sync_bits
Used module:                 $paramod$41ab36ca231a9b37846cc7e0f35a587c74c783b4\axi_dmac_resize_dest
Used module:                 $paramod$ef74037a4828f83e971864de197da12792059f44\ad_mem_asym
Used module:                 $paramod$a42d76110c04d060e9167c4f724e8ae3f9915f98\axi_dmac_resize_src
Used module:             $paramod$db14d8e08b9da1baf7d5e24ade11f7bc9f65f77f\axi_register_slice
Used module:         $paramod$377a945232991b12a6e8c778b58c3f929857479a\axi_dmac_reset_manager
Used module:     $paramod$42da77d14aa658d4baa5d7284757edced5bc7a84\axi_dmac_regmap
Used module:         $paramod\up_axi\AXI_ADDRESS_WIDTH=s32'00000000000000000000000000001011
Used module:         $paramod$b07e28671be3e23be94c7c6e0f81842dcc69e542\axi_dmac_regmap_request
Used module:             $paramod$0573c57a527b1c3f127d8cea0e3678bdf02916ed\util_axis_fifo
Used module:                 $paramod$23ac77f1046f06f32557b49c4671eb40ed5df477\util_axis_fifo_address_generator
Removing unused module `$paramod\sync_gray\DATA_WIDTH=s32'00000000000000000000000000000110'.
Removing unused module `$paramod$57c3026dcc6d0760c97e6cb8e10cfb6a2ef04f09\data_mover'.
Removing unused module `$paramod$32f29efd4b47eb190053fd6cf9179d1e6d903cda\address_generator'.
Removing unused module `$paramod\response_handler\ID_WIDTH=s32'00000000000000000000000000000011'.
Removing unused module `$paramod$69b9d8afcefbc9d802510b03ee60f0f6282247c8\util_axis_fifo_address_generator'.
Removing unused module `$paramod$6bbbf42017d42b965159ba0dfeb3f6451cf94bb1\ad_mem'.
Removing unused module `$paramod$1abbebd919fabefda4c57ed3122fabe90345895e\ad_mem_asym'.
Removing unused module `$paramod$c683dde50105e645ca81b9880c415467897176e2\sync_bits'.
Removing unused module `$paramod$25cb4e3aefa51fe971ac1443605a246e12a7e4ef\axi_dmac_regmap_request'.
Removing unused module `\sync_gray'.
Removing unused module `\sync_event'.
Removing unused module `\sync_data'.
Removing unused module `\sync_bits'.
Removing unused module `\util_pulse_gen'.
Removing unused module `\util_pipeline_stage'.
Removing unused module `\util_ext_sync'.
Removing unused module `\util_delay'.
Removing unused module `\util_dec256sinc24b'.
Removing unused module `\util_axis_upscale'.
Removing unused module `\up_xfer_status'.
Removing unused module `\up_xfer_cntrl'.
Removing unused module `\up_tdd_cntrl'.
Removing unused module `\up_pmod'.
Removing unused module `\up_hdmi_tx'.
Removing unused module `\up_hdmi_rx'.
Removing unused module `\up_delay_cntrl'.
Removing unused module `\up_dac_common'.
Removing unused module `\up_dac_channel'.
Removing unused module `\up_clock_mon'.
Removing unused module `\up_clkgen'.
Removing unused module `\up_axi'.
Removing unused module `\up_adc_common'.
Removing unused module `\up_adc_channel'.
Removing unused module `\ad_xcvr_rx_if'.
Removing unused module `\ad_upack'.
Removing unused module `\ad_tdd_control'.
Removing unused module `\ad_sysref_gen'.
Removing unused module `\ad_ss_444to422'.
Removing unused module `\ad_ss_422to444'.
Removing unused module `\ad_rst'.
Removing unused module `\ad_pps_receiver'.
Removing unused module `\ad_pnmon'.
Removing unused module `\ad_pngen'.
Removing unused module `\ad_perfect_shuffle'.
Removing unused module `\ad_pack'.
Removing unused module `\ad_mux_core'.
Removing unused module `\ad_mux'.
Removing unused module `\ad_mem_dual'.
Removing unused module `\ad_mem_asym'.
Removing unused module `\ad_mem'.
Removing unused module `\ad_iqcor'.
Removing unused module `\ad_iobuf'.
Removing unused module `\ad_g2b'.
Removing unused module `\ad_edge_detect'.
Removing unused module `\ad_dds_sine_cordic'.
Removing unused module `\ad_dds_sine'.
Removing unused module `\ad_dds_cordic_pipe'.
Removing unused module `\ad_dds_2'.
Removing unused module `\ad_dds_1'.
Removing unused module `\ad_dds'.
Removing unused module `\ad_datafmt'.
Removing unused module `\ad_csc_RGB2CrYCb'.
Removing unused module `\ad_csc_CrYCb2RGB'.
Removing unused module `\ad_csc'.
Removing unused module `\ad_bus_mux'.
Removing unused module `\ad_b2g'.
Removing unused module `\ad_axis_inf_rx'.
Removing unused module `\ad_adl5904_rst'.
Removing unused module `\ad_addsub'.
Removing unused module `\ad_3w_spi'.
Removing unused module `\util_axis_fifo_address_generator'.
Removing unused module `\util_axis_fifo'.
Removing unused module `\src_fifo_inf'.
Removing unused module `\src_axi_stream'.
Removing unused module `\src_axi_mm'.
Removing unused module `\splitter'.
Removing unused module `\response_handler'.
Removing unused module `\response_generator'.
Removing unused module `\request_generator'.
Removing unused module `\request_arb'.
Removing unused module `\dmac_sg'.
Removing unused module `\dmac_2d_transfer'.
Removing unused module `\dest_fifo_inf'.
Removing unused module `\dest_axi_stream'.
Removing unused module `\dest_axi_mm'.
Removing unused module `\data_mover'.
Removing unused module `\axi_register_slice'.
Removing unused module `\axi_dmac_transfer'.
Removing unused module `\axi_dmac_response_manager'.
Removing unused module `\axi_dmac_resize_src'.
Removing unused module `\axi_dmac_resize_dest'.
Removing unused module `\axi_dmac_reset_manager'.
Removing unused module `\axi_dmac_regmap_request'.
Removing unused module `\axi_dmac_regmap'.
Removing unused module `\axi_dmac_framelock'.
Removing unused module `\axi_dmac_ext_sync'.
Removing unused module `\axi_dmac_burst_memory'.
Removing unused module `\address_generator'.
Removed 98 unused modules.

91.4. Executing PROC pass (convert processes to netlists).

91.4.1. Executing PROC_CLEAN pass (remove empty switches from decision trees).
Found and cleaned up 2 empty switches in `$paramod$b07e28671be3e23be94c7c6e0f81842dcc69e542\axi_dmac_regmap_request.$proc$library/axi_dmac/axi_dmac_regmap_request.v:165$5978'.
Found and cleaned up 1 empty switch in `$paramod$0ddd129b71ea7e3caf9a33fca8f56446f090786c\request_arb.$proc$library/axi_dmac/request_arb.v:933$5007'.
Cleaned up 3 empty switches.

91.4.2. Executing PROC_RMDEAD pass (remove dead branches from decision trees).
Marked 1 switch rules as full_case in process $proc$library/axi_dmac/data_mover.v:257$6214 in module $paramod$c73d97a04183e90b57fb702ee7fd8f2a25156d08\data_mover.
Marked 1 switch rules as full_case in process $proc$library/axi_dmac/data_mover.v:249$6181 in module $paramod$c73d97a04183e90b57fb702ee7fd8f2a25156d08\data_mover.
Marked 2 switch rules as full_case in process $proc$library/axi_dmac/data_mover.v:239$6175 in module $paramod$c73d97a04183e90b57fb702ee7fd8f2a25156d08\data_mover.
Marked 1 switch rules as full_case in process $proc$library/axi_dmac/data_mover.v:230$6173 in module $paramod$c73d97a04183e90b57fb702ee7fd8f2a25156d08\data_mover.
Marked 1 switch rules as full_case in process $proc$library/axi_dmac/data_mover.v:222$6171 in module $paramod$c73d97a04183e90b57fb702ee7fd8f2a25156d08\data_mover.
Marked 1 switch rules as full_case in process $proc$library/axi_dmac/data_mover.v:205$6164 in module $paramod$c73d97a04183e90b57fb702ee7fd8f2a25156d08\data_mover.
Marked 1 switch rules as full_case in process $proc$library/axi_dmac/data_mover.v:186$6150 in module $paramod$c73d97a04183e90b57fb702ee7fd8f2a25156d08\data_mover.
Marked 1 switch rules as full_case in process $proc$library/util_cdc/sync_bits.v:64$5742 in module $paramod$5acb469efc81823004da6ca1328d8e1fb85ceb93\sync_bits.
Marked 1 switch rules as full_case in process $proc$library/axi_dmac/axi_dmac_burst_memory.v:335$5699 in module $paramod$88d936154720f81d31a09e530dba3fef38790d39\axi_dmac_burst_memory.
Marked 1 switch rules as full_case in process $proc$library/axi_dmac/axi_dmac_burst_memory.v:312$5686 in module $paramod$88d936154720f81d31a09e530dba3fef38790d39\axi_dmac_burst_memory.
Marked 1 switch rules as full_case in process $proc$library/axi_dmac/axi_dmac_burst_memory.v:300$5681 in module $paramod$88d936154720f81d31a09e530dba3fef38790d39\axi_dmac_burst_memory.
Marked 2 switch rules as full_case in process $proc$library/axi_dmac/axi_dmac_burst_memory.v:290$5677 in module $paramod$88d936154720f81d31a09e530dba3fef38790d39\axi_dmac_burst_memory.
Marked 2 switch rules as full_case in process $proc$library/axi_dmac/axi_dmac_burst_memory.v:271$5673 in module $paramod$88d936154720f81d31a09e530dba3fef38790d39\axi_dmac_burst_memory.
Marked 2 switch rules as full_case in process $proc$library/axi_dmac/axi_dmac_burst_memory.v:255$5669 in module $paramod$88d936154720f81d31a09e530dba3fef38790d39\axi_dmac_burst_memory.
Marked 1 switch rules as full_case in process $proc$library/axi_dmac/axi_dmac_burst_memory.v:234$5653 in module $paramod$88d936154720f81d31a09e530dba3fef38790d39\axi_dmac_burst_memory.
Marked 1 switch rules as full_case in process $proc$library/axi_dmac/axi_dmac_burst_memory.v:226$5647 in module $paramod$88d936154720f81d31a09e530dba3fef38790d39\axi_dmac_burst_memory.
Marked 1 switch rules as full_case in process $proc$library/axi_dmac/axi_dmac_burst_memory.v:216$5644 in module $paramod$88d936154720f81d31a09e530dba3fef38790d39\axi_dmac_burst_memory.
Marked 1 switch rules as full_case in process $proc$library/axi_dmac/axi_dmac_burst_memory.v:208$5615 in module $paramod$88d936154720f81d31a09e530dba3fef38790d39\axi_dmac_burst_memory.
Marked 1 switch rules as full_case in process $proc$library/util_axis_fifo/util_axis_fifo.v:130$5600 in module $paramod$4f6dc395be3c3604eb10b08b083b96d2ec972d8f\util_axis_fifo.
Marked 1 switch rules as full_case in process $proc$library/util_axis_fifo/util_axis_fifo.v:122$5596 in module $paramod$4f6dc395be3c3604eb10b08b083b96d2ec972d8f\util_axis_fifo.
Marked 1 switch rules as full_case in process $proc$library/util_axis_fifo/util_axis_fifo.v:130$5582 in module $paramod$83d09f0e74a4304d54a271ecff10511e78e32d78\util_axis_fifo.
Marked 1 switch rules as full_case in process $proc$library/util_axis_fifo/util_axis_fifo.v:122$5578 in module $paramod$83d09f0e74a4304d54a271ecff10511e78e32d78\util_axis_fifo.
Marked 1 switch rules as full_case in process $proc$library/axi_dmac/request_generator.v:243$5536 in module $paramod$bcd9b23df7516666ebc299b907ab91e542f09a00\request_generator.
Marked 1 switch rules as full_case in process $proc$library/axi_dmac/request_generator.v:229$5530 in module $paramod$bcd9b23df7516666ebc299b907ab91e542f09a00\request_generator.
Marked 11 switch rules as full_case in process $proc$library/axi_dmac/request_generator.v:172$5519 in module $paramod$bcd9b23df7516666ebc299b907ab91e542f09a00\request_generator.
Marked 1 switch rules as full_case in process $proc$library/axi_dmac/request_generator.v:148$5513 in module $paramod$bcd9b23df7516666ebc299b907ab91e542f09a00\request_generator.
Marked 1 switch rules as full_case in process $proc$library/axi_dmac/request_generator.v:138$5507 in module $paramod$bcd9b23df7516666ebc299b907ab91e542f09a00\request_generator.
Marked 2 switch rules as full_case in process $proc$library/axi_dmac/request_generator.v:128$5503 in module $paramod$bcd9b23df7516666ebc299b907ab91e542f09a00\request_generator.
Marked 2 switch rules as full_case in process $proc$library/axi_dmac/request_generator.v:112$5494 in module $paramod$bcd9b23df7516666ebc299b907ab91e542f09a00\request_generator.
Marked 2 switch rules as full_case in process $proc$library/axi_dmac/axi_dmac_response_manager.v:276$5464 in module $paramod$d3875e1858f4ffe397651d6aac111ca353a91913\axi_dmac_response_manager.
Marked 1 switch rules as full_case in process $proc$library/axi_dmac/axi_dmac_response_manager.v:267$5458 in module $paramod$d3875e1858f4ffe397651d6aac111ca353a91913\axi_dmac_response_manager.
Marked 2 switch rules as full_case in process $proc$library/axi_dmac/axi_dmac_response_manager.v:253$5453 in module $paramod$d3875e1858f4ffe397651d6aac111ca353a91913\axi_dmac_response_manager.
Marked 2 switch rules as full_case in process $proc$library/axi_dmac/axi_dmac_response_manager.v:242$5447 in module $paramod$d3875e1858f4ffe397651d6aac111ca353a91913\axi_dmac_response_manager.
Marked 1 switch rules as full_case in process $proc$library/axi_dmac/axi_dmac_response_manager.v:230$5443 in module $paramod$d3875e1858f4ffe397651d6aac111ca353a91913\axi_dmac_response_manager.
Marked 9 switch rules as full_case in process $proc$library/axi_dmac/axi_dmac_response_manager.v:187$5432 in module $paramod$d3875e1858f4ffe397651d6aac111ca353a91913\axi_dmac_response_manager.
Marked 1 switch rules as full_case in process $proc$library/axi_dmac/axi_dmac_response_manager.v:178$5429 in module $paramod$d3875e1858f4ffe397651d6aac111ca353a91913\axi_dmac_response_manager.
Marked 2 switch rules as full_case in process $proc$library/axi_dmac/axi_dmac_response_manager.v:165$5423 in module $paramod$d3875e1858f4ffe397651d6aac111ca353a91913\axi_dmac_response_manager.
Marked 1 switch rules as full_case in process $proc$library/axi_dmac/axi_dmac_response_manager.v:153$5416 in module $paramod$d3875e1858f4ffe397651d6aac111ca353a91913\axi_dmac_response_manager.
Marked 1 switch rules as full_case in process $proc$library/axi_dmac/axi_dmac_response_manager.v:140$5413 in module $paramod$d3875e1858f4ffe397651d6aac111ca353a91913\axi_dmac_response_manager.
Marked 1 switch rules as full_case in process $proc$library/axi_dmac/dest_axi_mm.v:185$5406 in module $paramod$f1a4a0376ec5b1cd544bc83756eb60eb1eb132ac\dest_axi_mm.
Marked 1 switch rules as full_case in process $proc$library/util_axis_fifo/util_axis_fifo.v:130$5398 in module $paramod$1afe8ab17c8e13c231534502ea4d2d40af485178\util_axis_fifo.
Marked 1 switch rules as full_case in process $proc$library/util_axis_fifo/util_axis_fifo.v:122$5394 in module $paramod$1afe8ab17c8e13c231534502ea4d2d40af485178\util_axis_fifo.
Marked 1 switch rules as full_case in process $proc$library/axi_dmac/src_fifo_inf.v:82$5383 in module $paramod$c73d97a04183e90b57fb702ee7fd8f2a25156d08\src_fifo_inf.
Marked 1 switch rules as full_case in process $proc$library/util_axis_fifo/util_axis_fifo.v:130$5377 in module $paramod$01924709da0140cfdd64eb4a6092b021ce3e2f20\util_axis_fifo.
Marked 1 switch rules as full_case in process $proc$library/util_axis_fifo/util_axis_fifo.v:122$5373 in module $paramod$01924709da0140cfdd64eb4a6092b021ce3e2f20\util_axis_fifo.
Marked 1 switch rules as full_case in process $proc$library/util_cdc/sync_bits.v:64$5361 in module $paramod$e8d354e3749300844a280719bbc42e2d437f7dde\sync_bits.
Marked 1 switch rules as full_case in process $proc$library/common/ad_mem_asym.v:95$6375 in module $paramod$ef74037a4828f83e971864de197da12792059f44\ad_mem_asym.
Marked 1 switch rules as full_case in process $proc$library/util_axis_fifo/util_axis_fifo_address_generator.v:100$6087 in module $paramod$23ac77f1046f06f32557b49c4671eb40ed5df477\util_axis_fifo_address_generator.
Marked 1 switch rules as full_case in process $proc$library/util_axis_fifo/util_axis_fifo_address_generator.v:88$6081 in module $paramod$23ac77f1046f06f32557b49c4671eb40ed5df477\util_axis_fifo_address_generator.
Marked 1 switch rules as full_case in process $proc$library/util_axis_fifo/util_axis_fifo.v:334$5184 in module $paramod$0573c57a527b1c3f127d8cea0e3678bdf02916ed\util_axis_fifo.
Marked 2 switch rules as full_case in process $proc$library/util_axis_fifo/util_axis_fifo.v:241$5178 in module $paramod$0573c57a527b1c3f127d8cea0e3678bdf02916ed\util_axis_fifo.
Marked 1 switch rules as full_case in process $proc$library/axi_dmac/axi_dmac_regmap_request.v:425$6056 in module $paramod$b07e28671be3e23be94c7c6e0f81842dcc69e542\axi_dmac_regmap_request.
Marked 2 switch rules as full_case in process $proc$library/axi_dmac/axi_dmac_regmap_request.v:415$6051 in module $paramod$b07e28671be3e23be94c7c6e0f81842dcc69e542\axi_dmac_regmap_request.
Marked 2 switch rules as full_case in process $proc$library/axi_dmac/axi_dmac_regmap_request.v:399$6039 in module $paramod$b07e28671be3e23be94c7c6e0f81842dcc69e542\axi_dmac_regmap_request.
Marked 3 switch rules as full_case in process $proc$library/axi_dmac/axi_dmac_regmap_request.v:385$6034 in module $paramod$b07e28671be3e23be94c7c6e0f81842dcc69e542\axi_dmac_regmap_request.
Marked 3 switch rules as full_case in process $proc$library/axi_dmac/axi_dmac_regmap_request.v:364$5999 in module $paramod$b07e28671be3e23be94c7c6e0f81842dcc69e542\axi_dmac_regmap_request.
Marked 1 switch rules as full_case in process $proc$library/axi_dmac/axi_dmac_regmap_request.v:208$5988 in module $paramod$b07e28671be3e23be94c7c6e0f81842dcc69e542\axi_dmac_regmap_request.
Marked 3 switch rules as full_case in process $proc$library/axi_dmac/axi_dmac_regmap_request.v:165$5978 in module $paramod$b07e28671be3e23be94c7c6e0f81842dcc69e542\axi_dmac_regmap_request.
Marked 2 switch rules as full_case in process $proc$library/axi_dmac/address_generator.v:178$6327 in module $paramod$6c352b980fb6ac9a4dc438bf4354d86f75530c37\address_generator.
Marked 3 switch rules as full_case in process $proc$library/axi_dmac/address_generator.v:155$6311 in module $paramod$6c352b980fb6ac9a4dc438bf4354d86f75530c37\address_generator.
Marked 2 switch rules as full_case in process $proc$library/axi_dmac/address_generator.v:140$6301 in module $paramod$6c352b980fb6ac9a4dc438bf4354d86f75530c37\address_generator.
Marked 1 switch rules as full_case in process $proc$library/axi_dmac/address_generator.v:132$6295 in module $paramod$6c352b980fb6ac9a4dc438bf4354d86f75530c37\address_generator.
Marked 1 switch rules as full_case in process $proc$library/axi_dmac/address_generator.v:121$6292 in module $paramod$6c352b980fb6ac9a4dc438bf4354d86f75530c37\address_generator.
Marked 2 switch rules as full_case in process $proc$library/axi_dmac/address_generator.v:105$6284 in module $paramod$6c352b980fb6ac9a4dc438bf4354d86f75530c37\address_generator.
Marked 1 switch rules as full_case in process $proc$library/axi_dmac/axi_dmac_reset_manager.v:253$5144 in module $paramod$377a945232991b12a6e8c778b58c3f929857479a\axi_dmac_reset_manager.
Marked 1 switch rules as full_case in process $proc$library/axi_dmac/axi_dmac_reset_manager.v:245$5142 in module $paramod$377a945232991b12a6e8c778b58c3f929857479a\axi_dmac_reset_manager.
Marked 1 switch rules as full_case in process $proc$library/axi_dmac/axi_dmac_reset_manager.v:253$5139 in module $paramod$377a945232991b12a6e8c778b58c3f929857479a\axi_dmac_reset_manager.
Marked 1 switch rules as full_case in process $proc$library/axi_dmac/axi_dmac_reset_manager.v:245$5137 in module $paramod$377a945232991b12a6e8c778b58c3f929857479a\axi_dmac_reset_manager.
Marked 1 switch rules as full_case in process $proc$library/axi_dmac/axi_dmac_reset_manager.v:253$5134 in module $paramod$377a945232991b12a6e8c778b58c3f929857479a\axi_dmac_reset_manager.
Marked 1 switch rules as full_case in process $proc$library/axi_dmac/axi_dmac_reset_manager.v:245$5132 in module $paramod$377a945232991b12a6e8c778b58c3f929857479a\axi_dmac_reset_manager.
Marked 2 switch rules as full_case in process $proc$library/axi_dmac/axi_dmac_reset_manager.v:167$5112 in module $paramod$377a945232991b12a6e8c778b58c3f929857479a\axi_dmac_reset_manager.
Marked 1 switch rules as full_case in process $proc$library/axi_dmac/axi_dmac_reset_manager.v:159$5109 in module $paramod$377a945232991b12a6e8c778b58c3f929857479a\axi_dmac_reset_manager.
Marked 1 switch rules as full_case in process $proc$library/axi_dmac/axi_dmac_reset_manager.v:124$5105 in module $paramod$377a945232991b12a6e8c778b58c3f929857479a\axi_dmac_reset_manager.
Marked 1 switch rules as full_case in process $proc$library/axi_dmac/axi_dmac_reset_manager.v:116$5103 in module $paramod$377a945232991b12a6e8c778b58c3f929857479a\axi_dmac_reset_manager.
Marked 2 switch rules as full_case in process $proc$library/axi_dmac/request_arb.v:1107$5084 in module $paramod$0ddd129b71ea7e3caf9a33fca8f56446f090786c\request_arb.
Marked 6 switch rules as full_case in process $proc$library/axi_dmac/request_arb.v:933$5007 in module $paramod$0ddd129b71ea7e3caf9a33fca8f56446f090786c\request_arb.
Marked 2 switch rules as full_case in process $proc$library/axi_dmac/response_handler.v:85$6239 in module $paramod\response_handler\ID_WIDTH=s32'00000000000000000000000000000100.
Marked 2 switch rules as full_case in process $proc$library/axi_dmac/response_handler.v:75$6235 in module $paramod\response_handler\ID_WIDTH=s32'00000000000000000000000000000100.
Marked 4 switch rules as full_case in process $proc$library/common/up_axi.v:207$4863 in module $paramod\up_axi\AXI_ADDRESS_WIDTH=s32'00000000000000000000000000001011.
Marked 3 switch rules as full_case in process $proc$library/common/up_axi.v:181$4850 in module $paramod\up_axi\AXI_ADDRESS_WIDTH=s32'00000000000000000000000000001011.
Marked 4 switch rules as full_case in process $proc$library/common/up_axi.v:143$4838 in module $paramod\up_axi\AXI_ADDRESS_WIDTH=s32'00000000000000000000000000001011.
Marked 4 switch rules as full_case in process $proc$library/common/up_axi.v:114$4825 in module $paramod\up_axi\AXI_ADDRESS_WIDTH=s32'00000000000000000000000000001011.
Marked 1 switch rules as full_case in process $proc$library/axi_dmac/axi_dmac_regmap.v:245$4812 in module $paramod$42da77d14aa658d4baa5d7284757edced5bc7a84\axi_dmac_regmap.
Marked 1 switch rules as full_case in process $proc$library/axi_dmac/axi_dmac_regmap.v:237$4810 in module $paramod$42da77d14aa658d4baa5d7284757edced5bc7a84\axi_dmac_regmap.
Marked 1 switch rules as full_case in process $proc$library/axi_dmac/axi_dmac_regmap.v:206$4805 in module $paramod$42da77d14aa658d4baa5d7284757edced5bc7a84\axi_dmac_regmap.
Marked 1 switch rules as full_case in process $proc$library/axi_dmac/axi_dmac_regmap.v:196$4800 in module $paramod$42da77d14aa658d4baa5d7284757edced5bc7a84\axi_dmac_regmap.
Marked 1 switch rules as full_case in process $proc$library/axi_dmac/axi_dmac_regmap.v:188$4797 in module $paramod$42da77d14aa658d4baa5d7284757edced5bc7a84\axi_dmac_regmap.
Removed a total of 0 dead cases.

91.4.3. Executing PROC_PRUNE pass (remove redundant assignments in processes).
Removed 32 redundant assignments.
Promoted 243 assignments to connections.

91.4.4. Executing PROC_INIT pass (extract init attributes).
Found init rule in `$paramod$c73d97a04183e90b57fb702ee7fd8f2a25156d08\data_mover.$proc$library/axi_dmac/data_mover.v:99$6228'.
  Set init value: \needs_sync = 1'0
Found init rule in `$paramod$c73d97a04183e90b57fb702ee7fd8f2a25156d08\data_mover.$proc$library/axi_dmac/data_mover.v:98$6227'.
  Set init value: \last_non_eot = 1'0
Found init rule in `$paramod$c73d97a04183e90b57fb702ee7fd8f2a25156d08\data_mover.$proc$library/axi_dmac/data_mover.v:97$6226'.
  Set init value: \last_eot = 1'0
Found init rule in `$paramod$c73d97a04183e90b57fb702ee7fd8f2a25156d08\data_mover.$proc$library/axi_dmac/data_mover.v:96$6225'.
  Set init value: \active = 1'0
Found init rule in `$paramod$c73d97a04183e90b57fb702ee7fd8f2a25156d08\data_mover.$proc$library/axi_dmac/data_mover.v:95$6224'.
  Set init value: \pending_burst = 1'0
Found init rule in `$paramod$c73d97a04183e90b57fb702ee7fd8f2a25156d08\data_mover.$proc$library/axi_dmac/data_mover.v:93$6223'.
  Set init value: \id_next = 4'0000
Found init rule in `$paramod$c73d97a04183e90b57fb702ee7fd8f2a25156d08\data_mover.$proc$library/axi_dmac/data_mover.v:92$6222'.
  Set init value: \id = 4'0000
Found init rule in `$paramod$c73d97a04183e90b57fb702ee7fd8f2a25156d08\data_mover.$proc$library/axi_dmac/data_mover.v:91$6221'.
  Set init value: \beat_counter_minus_one = 4'0000
Found init rule in `$paramod$c73d97a04183e90b57fb702ee7fd8f2a25156d08\data_mover.$proc$library/axi_dmac/data_mover.v:90$6220'.
  Set init value: \beat_counter = 4'0000
Found init rule in `$paramod$c73d97a04183e90b57fb702ee7fd8f2a25156d08\data_mover.$proc$library/axi_dmac/data_mover.v:89$6219'.
  Set init value: \last_burst_length = 4'0000
Found init rule in `$paramod$c73d97a04183e90b57fb702ee7fd8f2a25156d08\data_mover.$proc$library/axi_dmac/data_mover.v:56$6218'.
  Set init value: \bl_valid = 1'0
Found init rule in `$paramod$5acb469efc81823004da6ca1328d8e1fb85ceb93\sync_bits.$proc$library/util_cdc/sync_bits.v:62$5745'.
  Set init value: \genblk1.cdc_sync_stage2 = 4'0000
Found init rule in `$paramod$5acb469efc81823004da6ca1328d8e1fb85ceb93\sync_bits.$proc$library/util_cdc/sync_bits.v:61$5744'.
  Set init value: \genblk1.cdc_sync_stage1 = 4'0000
Found init rule in `$paramod$88d936154720f81d31a09e530dba3fef38790d39\axi_dmac_burst_memory.$proc$library/axi_dmac/axi_dmac_burst_memory.v:163$5741'.
  Set init value: \dest_burst_len_data = 8'00000xxx
Found init rule in `$paramod$88d936154720f81d31a09e530dba3fef38790d39\axi_dmac_burst_memory.$proc$library/axi_dmac/axi_dmac_burst_memory.v:158$5740'.
  Set init value: \dest_mem_data_strb = 8'11111111
Found init rule in `$paramod$88d936154720f81d31a09e530dba3fef38790d39\axi_dmac_burst_memory.$proc$library/axi_dmac/axi_dmac_burst_memory.v:157$5739'.
  Set init value: \dest_mem_data_last = 1'0
Found init rule in `$paramod$88d936154720f81d31a09e530dba3fef38790d39\axi_dmac_burst_memory.$proc$library/axi_dmac/axi_dmac_burst_memory.v:156$5738'.
  Set init value: \dest_mem_data_valid = 1'0
Found init rule in `$paramod$88d936154720f81d31a09e530dba3fef38790d39\axi_dmac_burst_memory.$proc$library/axi_dmac/axi_dmac_burst_memory.v:155$5737'.
  Set init value: \dest_valid = 1'0
Found init rule in `$paramod$88d936154720f81d31a09e530dba3fef38790d39\axi_dmac_burst_memory.$proc$library/axi_dmac/axi_dmac_burst_memory.v:153$5736'.
  Set init value: \dest_beat_counter = 4'0000
Found init rule in `$paramod$88d936154720f81d31a09e530dba3fef38790d39\axi_dmac_burst_memory.$proc$library/axi_dmac/axi_dmac_burst_memory.v:152$5735'.
  Set init value: \dest_id = 4'0000
Found init rule in `$paramod$88d936154720f81d31a09e530dba3fef38790d39\axi_dmac_burst_memory.$proc$library/axi_dmac/axi_dmac_burst_memory.v:151$5734'.
  Set init value: \dest_id_reduced_msb = 1'0
Found init rule in `$paramod$88d936154720f81d31a09e530dba3fef38790d39\axi_dmac_burst_memory.$proc$library/axi_dmac/axi_dmac_burst_memory.v:150$5733'.
  Set init value: \dest_id_reduced_msb_next = 1'0
Found init rule in `$paramod$88d936154720f81d31a09e530dba3fef38790d39\axi_dmac_burst_memory.$proc$library/axi_dmac/axi_dmac_burst_memory.v:149$5732'.
  Set init value: \dest_id_next = 4'0000
Found init rule in `$paramod$88d936154720f81d31a09e530dba3fef38790d39\axi_dmac_burst_memory.$proc$library/axi_dmac/axi_dmac_burst_memory.v:147$5731'.
  Set init value: \src_beat_counter = 4'0000
Found init rule in `$paramod$88d936154720f81d31a09e530dba3fef38790d39\axi_dmac_burst_memory.$proc$library/axi_dmac/axi_dmac_burst_memory.v:146$5730'.
  Set init value: \src_id_reduced_msb = 1'0
Found init rule in `$paramod$88d936154720f81d31a09e530dba3fef38790d39\axi_dmac_burst_memory.$proc$library/axi_dmac/axi_dmac_burst_memory.v:145$5729'.
  Set init value: \src_id = 4'0000
Found init rule in `$paramod$88d936154720f81d31a09e530dba3fef38790d39\axi_dmac_burst_memory.$proc$library/axi_dmac/axi_dmac_burst_memory.v:73$5728'.
  Set init value: \dest_burst_info_write = 1'0
Found init rule in `$paramod$4f6dc395be3c3604eb10b08b083b96d2ec972d8f\util_axis_fifo.$proc$library/util_axis_fifo/util_axis_fifo.v:85$5605'.
  Set init value: \zerodeep.genblk1.m_axis_raddr = 1'0
Found init rule in `$paramod$4f6dc395be3c3604eb10b08b083b96d2ec972d8f\util_axis_fifo.$proc$library/util_axis_fifo/util_axis_fifo.v:84$5604'.
  Set init value: \zerodeep.genblk1.s_axis_waddr = 1'0
Found init rule in `$paramod$83d09f0e74a4304d54a271ecff10511e78e32d78\util_axis_fifo.$proc$library/util_axis_fifo/util_axis_fifo.v:85$5587'.
  Set init value: \zerodeep.genblk1.m_axis_raddr = 1'0
Found init rule in `$paramod$83d09f0e74a4304d54a271ecff10511e78e32d78\util_axis_fifo.$proc$library/util_axis_fifo/util_axis_fifo.v:84$5586'.
  Set init value: \zerodeep.genblk1.s_axis_waddr = 1'0
Found init rule in `$paramod$bcd9b23df7516666ebc299b907ab91e542f09a00\request_generator.$proc$library/axi_dmac/request_generator.v:100$5569'.
  Set init value: \cur_burst_length = 17'00000000000000000
Found init rule in `$paramod$bcd9b23df7516666ebc299b907ab91e542f09a00\request_generator.$proc$library/axi_dmac/request_generator.v:99$5568'.
  Set init value: \burst_count = 17'00000000000000000
Found init rule in `$paramod$bcd9b23df7516666ebc299b907ab91e542f09a00\request_generator.$proc$library/axi_dmac/request_generator.v:86$5567'.
  Set init value: \cur_transfer_id = 1'0
Found init rule in `$paramod$bcd9b23df7516666ebc299b907ab91e542f09a00\request_generator.$proc$library/axi_dmac/request_generator.v:84$5566'.
  Set init value: \rew_id = 4'0000
Found init rule in `$paramod$bcd9b23df7516666ebc299b907ab91e542f09a00\request_generator.$proc$library/axi_dmac/request_generator.v:82$5565'.
  Set init value: \rew_transfer_id = 2'00
Found init rule in `$paramod$bcd9b23df7516666ebc299b907ab91e542f09a00\request_generator.$proc$library/axi_dmac/request_generator.v:79$5564'.
  Set init value: \state = 3'000
Found init rule in `$paramod$bcd9b23df7516666ebc299b907ab91e542f09a00\request_generator.$proc$library/axi_dmac/request_generator.v:56$5563'.
  Set init value: \completion_req_valid = 1'0
Found init rule in `$paramod$d3875e1858f4ffe397651d6aac111ca353a91913\axi_dmac_response_manager.$proc$library/axi_dmac/axi_dmac_response_manager.v:113$5482'.
  Set init value: \completion_req_last_found = 1'0
Found init rule in `$paramod$d3875e1858f4ffe397651d6aac111ca353a91913\axi_dmac_response_manager.$proc$library/axi_dmac/axi_dmac_response_manager.v:112$5481'.
  Set init value: \transfer_id = 2'00
Found init rule in `$paramod$d3875e1858f4ffe397651d6aac111ca353a91913\axi_dmac_response_manager.$proc$library/axi_dmac/axi_dmac_response_manager.v:111$5480'.
  Set init value: \to_complete_count = 2'00
Found init rule in `$paramod$d3875e1858f4ffe397651d6aac111ca353a91913\axi_dmac_response_manager.$proc$library/axi_dmac/axi_dmac_response_manager.v:104$5479'.
  Set init value: \response_dest_ready = 1'1
Found init rule in `$paramod$d3875e1858f4ffe397651d6aac111ca353a91913\axi_dmac_response_manager.$proc$library/axi_dmac/axi_dmac_response_manager.v:101$5478'.
  Set init value: \req_response_dest_data_burst_length = 7'0000000
Found init rule in `$paramod$d3875e1858f4ffe397651d6aac111ca353a91913\axi_dmac_response_manager.$proc$library/axi_dmac/axi_dmac_response_manager.v:100$5477'.
  Set init value: \req_response_partial = 1'0
Found init rule in `$paramod$d3875e1858f4ffe397651d6aac111ca353a91913\axi_dmac_response_manager.$proc$library/axi_dmac/axi_dmac_response_manager.v:99$5476'.
  Set init value: \req_eot = 1'0
Found init rule in `$paramod$d3875e1858f4ffe397651d6aac111ca353a91913\axi_dmac_response_manager.$proc$library/axi_dmac/axi_dmac_response_manager.v:81$5475'.
  Set init value: \state = 3'000
Found init rule in `$paramod$d3875e1858f4ffe397651d6aac111ca353a91913\axi_dmac_response_manager.$proc$library/axi_dmac/axi_dmac_response_manager.v:70$5474'.
  Set init value: \completion_req_ready = 1'1
Found init rule in `$paramod$d3875e1858f4ffe397651d6aac111ca353a91913\axi_dmac_response_manager.$proc$library/axi_dmac/axi_dmac_response_manager.v:65$5473'.
  Set init value: \response_valid = 1'0
Found init rule in `$paramod$d3875e1858f4ffe397651d6aac111ca353a91913\axi_dmac_response_manager.$proc$library/axi_dmac/axi_dmac_response_manager.v:63$5472'.
  Set init value: \measured_burst_length = 7'0000000
Found init rule in `$paramod$1afe8ab17c8e13c231534502ea4d2d40af485178\util_axis_fifo.$proc$library/util_axis_fifo/util_axis_fifo.v:85$5403'.
  Set init value: \zerodeep.genblk1.m_axis_raddr = 1'0
Found init rule in `$paramod$1afe8ab17c8e13c231534502ea4d2d40af485178\util_axis_fifo.$proc$library/util_axis_fifo/util_axis_fifo.v:84$5402'.
  Set init value: \zerodeep.genblk1.s_axis_waddr = 1'0
Found init rule in `$paramod$01924709da0140cfdd64eb4a6092b021ce3e2f20\util_axis_fifo.$proc$library/util_axis_fifo/util_axis_fifo.v:85$5382'.
  Set init value: \zerodeep.genblk1.m_axis_raddr = 1'0
Found init rule in `$paramod$01924709da0140cfdd64eb4a6092b021ce3e2f20\util_axis_fifo.$proc$library/util_axis_fifo/util_axis_fifo.v:84$5381'.
  Set init value: \zerodeep.genblk1.s_axis_waddr = 1'0
Found init rule in `$paramod$e8d354e3749300844a280719bbc42e2d437f7dde\sync_bits.$proc$library/util_cdc/sync_bits.v:62$5364'.
  Set init value: \genblk1.cdc_sync_stage2 = 1'0
Found init rule in `$paramod$e8d354e3749300844a280719bbc42e2d437f7dde\sync_bits.$proc$library/util_cdc/sync_bits.v:61$5363'.
  Set init value: \genblk1.cdc_sync_stage1 = 1'0
Found init rule in `$paramod$23ac77f1046f06f32557b49c4671eb40ed5df477\util_axis_fifo_address_generator.$proc$library/util_axis_fifo/util_axis_fifo_address_generator.v:73$6100'.
  Set init value: \m_axis_raddr_reg = 3'000
Found init rule in `$paramod$23ac77f1046f06f32557b49c4671eb40ed5df477\util_axis_fifo_address_generator.$proc$library/util_axis_fifo/util_axis_fifo_address_generator.v:72$6099'.
  Set init value: \s_axis_waddr_reg = 3'000
Found init rule in `$paramod$0573c57a527b1c3f127d8cea0e3678bdf02916ed\util_axis_fifo.$proc$library/util_axis_fifo/util_axis_fifo.v:238$5195'.
  Set init value: \fifo.valid = 1'0
Found init rule in `$paramod$b07e28671be3e23be94c7c6e0f81842dcc69e542\axi_dmac_regmap_request.$proc$library/axi_dmac/axi_dmac_regmap_request.v:155$6077'.
  Set init value: \up_transfer_id_eot_d = 2'00
Found init rule in `$paramod$b07e28671be3e23be94c7c6e0f81842dcc69e542\axi_dmac_regmap_request.$proc$library/axi_dmac/axi_dmac_regmap_request.v:154$6076'.
  Set init value: \up_clear_tl = 1'0
Found init rule in `$paramod$b07e28671be3e23be94c7c6e0f81842dcc69e542\axi_dmac_regmap_request.$proc$library/axi_dmac/axi_dmac_regmap_request.v:153$6075'.
  Set init value: \up_measured_transfer_length = 24'000000000000000000000000
Found init rule in `$paramod$b07e28671be3e23be94c7c6e0f81842dcc69e542\axi_dmac_regmap_request.$proc$library/axi_dmac/axi_dmac_regmap_request.v:151$6074'.
  Set init value: \up_partial_length_valid = 1'0
Found init rule in `$paramod$b07e28671be3e23be94c7c6e0f81842dcc69e542\axi_dmac_regmap_request.$proc$library/axi_dmac/axi_dmac_regmap_request.v:146$6073'.
  Set init value: \up_tlf_s_valid = 1'0
Found init rule in `$paramod$b07e28671be3e23be94c7c6e0f81842dcc69e542\axi_dmac_regmap_request.$proc$library/axi_dmac/axi_dmac_regmap_request.v:143$6072'.
  Set init value: \up_dma_enable_tlen_reporting = 1'0
Found init rule in `$paramod$b07e28671be3e23be94c7c6e0f81842dcc69e542\axi_dmac_regmap_request.$proc$library/axi_dmac/axi_dmac_regmap_request.v:142$6071'.
  Set init value: \up_dma_last = 1'1
Found init rule in `$paramod$b07e28671be3e23be94c7c6e0f81842dcc69e542\axi_dmac_regmap_request.$proc$library/axi_dmac/axi_dmac_regmap_request.v:141$6070'.
  Set init value: \up_dma_cyclic = 1'1
Found init rule in `$paramod$b07e28671be3e23be94c7c6e0f81842dcc69e542\axi_dmac_regmap_request.$proc$library/axi_dmac/axi_dmac_regmap_request.v:139$6069'.
  Set init value: \up_dma_x_length = 24'000000000000000000000xxx
Found init rule in `$paramod$b07e28671be3e23be94c7c6e0f81842dcc69e542\axi_dmac_regmap_request.$proc$library/axi_dmac/axi_dmac_regmap_request.v:138$6068'.
  Set init value: \up_dma_src_address = 61'0000000000000000000000000000000000000000000000000000000000000
Found init rule in `$paramod$b07e28671be3e23be94c7c6e0f81842dcc69e542\axi_dmac_regmap_request.$proc$library/axi_dmac/axi_dmac_regmap_request.v:137$6067'.
  Set init value: \up_dma_dest_address = 61'0000000000000000000000000000000000000000000000000000000000000
Found init rule in `$paramod$b07e28671be3e23be94c7c6e0f81842dcc69e542\axi_dmac_regmap_request.$proc$library/axi_dmac/axi_dmac_regmap_request.v:135$6066'.
  Set init value: \up_transfer_done_bitmap = 4'0000
Found init rule in `$paramod$b07e28671be3e23be94c7c6e0f81842dcc69e542\axi_dmac_regmap_request.$proc$library/axi_dmac/axi_dmac_regmap_request.v:134$6065'.
  Set init value: \up_transfer_id_eot = 2'00
Found init rule in `$paramod$b07e28671be3e23be94c7c6e0f81842dcc69e542\axi_dmac_regmap_request.$proc$library/axi_dmac/axi_dmac_regmap_request.v:133$6064'.
  Set init value: \up_transfer_id = 2'00
Found init rule in `$paramod$b07e28671be3e23be94c7c6e0f81842dcc69e542\axi_dmac_regmap_request.$proc$library/axi_dmac/axi_dmac_regmap_request.v:130$6063'.
  Set init value: \up_dma_req_valid = 1'0
Found init rule in `$paramod$b07e28671be3e23be94c7c6e0f81842dcc69e542\axi_dmac_regmap_request.$proc$library/axi_dmac/axi_dmac_regmap_request.v:111$6062'.
  Set init value: \response_ready = 1'1
Found init rule in `$paramod$6c352b980fb6ac9a4dc438bf4354d86f75530c37\address_generator.$proc$library/axi_dmac/address_generator.v:101$6372'.
  Set init value: \last = 1'0
Found init rule in `$paramod$6c352b980fb6ac9a4dc438bf4354d86f75530c37\address_generator.$proc$library/axi_dmac/address_generator.v:96$6371'.
  Set init value: \last_burst_len = 4'0000
Found init rule in `$paramod$6c352b980fb6ac9a4dc438bf4354d86f75530c37\address_generator.$proc$library/axi_dmac/address_generator.v:95$6370'.
  Set init value: \address = 61'0000000000000000000000000000000000000000000000000000000000000
Found init rule in `$paramod$6c352b980fb6ac9a4dc438bf4354d86f75530c37\address_generator.$proc$library/axi_dmac/address_generator.v:94$6369'.
  Set init value: \length = 8'00000000
Found init rule in `$paramod$377a945232991b12a6e8c778b58c3f929857479a\axi_dmac_reset_manager.$proc$library/axi_dmac/axi_dmac_reset_manager.v:243$5159'.
  Set init value: \reset_gen[2].genblk1.reset_sync_in = 1'1
Found init rule in `$paramod$377a945232991b12a6e8c778b58c3f929857479a\axi_dmac_reset_manager.$proc$library/axi_dmac/axi_dmac_reset_manager.v:242$5158'.
  Set init value: \reset_gen[2].genblk1.reset_sync = 2'11
Found init rule in `$paramod$377a945232991b12a6e8c778b58c3f929857479a\axi_dmac_reset_manager.$proc$library/axi_dmac/axi_dmac_reset_manager.v:241$5157'.
  Set init value: \reset_gen[2].genblk1.reset_async = 4'1111
Found init rule in `$paramod$377a945232991b12a6e8c778b58c3f929857479a\axi_dmac_reset_manager.$proc$library/axi_dmac/axi_dmac_reset_manager.v:243$5156'.
  Set init value: \reset_gen[1].genblk1.reset_sync_in = 1'1
Found init rule in `$paramod$377a945232991b12a6e8c778b58c3f929857479a\axi_dmac_reset_manager.$proc$library/axi_dmac/axi_dmac_reset_manager.v:242$5155'.
  Set init value: \reset_gen[1].genblk1.reset_sync = 2'11
Found init rule in `$paramod$377a945232991b12a6e8c778b58c3f929857479a\axi_dmac_reset_manager.$proc$library/axi_dmac/axi_dmac_reset_manager.v:241$5154'.
  Set init value: \reset_gen[1].genblk1.reset_async = 4'1111
Found init rule in `$paramod$377a945232991b12a6e8c778b58c3f929857479a\axi_dmac_reset_manager.$proc$library/axi_dmac/axi_dmac_reset_manager.v:243$5153'.
  Set init value: \reset_gen[0].genblk1.reset_sync_in = 1'1
Found init rule in `$paramod$377a945232991b12a6e8c778b58c3f929857479a\axi_dmac_reset_manager.$proc$library/axi_dmac/axi_dmac_reset_manager.v:242$5152'.
  Set init value: \reset_gen[0].genblk1.reset_sync = 2'11
Found init rule in `$paramod$377a945232991b12a6e8c778b58c3f929857479a\axi_dmac_reset_manager.$proc$library/axi_dmac/axi_dmac_reset_manager.v:241$5151'.
  Set init value: \reset_gen[0].genblk1.reset_async = 4'1111
Found init rule in `$paramod$377a945232991b12a6e8c778b58c3f929857479a\axi_dmac_reset_manager.$proc$library/axi_dmac/axi_dmac_reset_manager.v:95$5150'.
  Set init value: \do_enable = 1'0
Found init rule in `$paramod$377a945232991b12a6e8c778b58c3f929857479a\axi_dmac_reset_manager.$proc$library/axi_dmac/axi_dmac_reset_manager.v:94$5149'.
  Set init value: \do_reset = 1'0
Found init rule in `$paramod$377a945232991b12a6e8c778b58c3f929857479a\axi_dmac_reset_manager.$proc$library/axi_dmac/axi_dmac_reset_manager.v:93$5148'.
  Set init value: \needs_reset = 1'0
Found init rule in `$paramod$377a945232991b12a6e8c778b58c3f929857479a\axi_dmac_reset_manager.$proc$library/axi_dmac/axi_dmac_reset_manager.v:92$5147'.
  Set init value: \state = 3'000
Found init rule in `$paramod$0ddd129b71ea7e3caf9a33fca8f56446f090786c\request_arb.$proc$library/axi_dmac/request_arb.v:309$5101'.
  Set init value: \src_dest_valid_hs = 1'0
Found init rule in `$paramod$0ddd129b71ea7e3caf9a33fca8f56446f090786c\request_arb.$proc$library/axi_dmac/request_arb.v:274$5100'.
  Set init value: \src_req_islast_cur = 1'0
Found init rule in `$paramod$0ddd129b71ea7e3caf9a33fca8f56446f090786c\request_arb.$proc$library/axi_dmac/request_arb.v:273$5099'.
  Set init value: \src_req_xlast_cur = 1'0
Found init rule in `$paramod$0ddd129b71ea7e3caf9a33fca8f56446f090786c\request_arb.$proc$library/axi_dmac/request_arb.v:272$5098'.
  Set init value: \src_req_dest_address_cur = 61'0000000000000000000000000000000000000000000000000000000000000
Found init rule in `$paramod\up_axi\AXI_ADDRESS_WIDTH=s32'00000000000000000000000000001011.$proc$library/common/up_axi.v:99$4890'.
  Set init value: \up_rcount = 5'00000
Found init rule in `$paramod\up_axi\AXI_ADDRESS_WIDTH=s32'00000000000000000000000000001011.$proc$library/common/up_axi.v:98$4889'.
  Set init value: \up_raddr_int = 9'000000000
Found init rule in `$paramod\up_axi\AXI_ADDRESS_WIDTH=s32'00000000000000000000000000001011.$proc$library/common/up_axi.v:97$4888'.
  Set init value: \up_rreq_int = 1'0
Found init rule in `$paramod\up_axi\AXI_ADDRESS_WIDTH=s32'00000000000000000000000000001011.$proc$library/common/up_axi.v:96$4887'.
  Set init value: \up_rsel = 1'0
Found init rule in `$paramod\up_axi\AXI_ADDRESS_WIDTH=s32'00000000000000000000000000001011.$proc$library/common/up_axi.v:95$4886'.
  Set init value: \up_rdata_d = 0
Found init rule in `$paramod\up_axi\AXI_ADDRESS_WIDTH=s32'00000000000000000000000000001011.$proc$library/common/up_axi.v:94$4885'.
  Set init value: \up_rack_d = 1'0
Found init rule in `$paramod\up_axi\AXI_ADDRESS_WIDTH=s32'00000000000000000000000000001011.$proc$library/common/up_axi.v:93$4884'.
  Set init value: \up_axi_rdata_int = 0
Found init rule in `$paramod\up_axi\AXI_ADDRESS_WIDTH=s32'00000000000000000000000000001011.$proc$library/common/up_axi.v:92$4883'.
  Set init value: \up_axi_rvalid_int = 1'0
Found init rule in `$paramod\up_axi\AXI_ADDRESS_WIDTH=s32'00000000000000000000000000001011.$proc$library/common/up_axi.v:91$4882'.
  Set init value: \up_axi_arready_int = 1'0
Found init rule in `$paramod\up_axi\AXI_ADDRESS_WIDTH=s32'00000000000000000000000000001011.$proc$library/common/up_axi.v:90$4881'.
  Set init value: \up_wcount = 5'00000
Found init rule in `$paramod\up_axi\AXI_ADDRESS_WIDTH=s32'00000000000000000000000000001011.$proc$library/common/up_axi.v:89$4880'.
  Set init value: \up_wdata_int = 0
Found init rule in `$paramod\up_axi\AXI_ADDRESS_WIDTH=s32'00000000000000000000000000001011.$proc$library/common/up_axi.v:88$4879'.
  Set init value: \up_waddr_int = 9'000000000
Found init rule in `$paramod\up_axi\AXI_ADDRESS_WIDTH=s32'00000000000000000000000000001011.$proc$library/common/up_axi.v:87$4878'.
  Set init value: \up_wreq_int = 1'0
Found init rule in `$paramod\up_axi\AXI_ADDRESS_WIDTH=s32'00000000000000000000000000001011.$proc$library/common/up_axi.v:86$4877'.
  Set init value: \up_wsel = 1'0
Found init rule in `$paramod\up_axi\AXI_ADDRESS_WIDTH=s32'00000000000000000000000000001011.$proc$library/common/up_axi.v:85$4876'.
  Set init value: \up_wack_d = 1'0
Found init rule in `$paramod\up_axi\AXI_ADDRESS_WIDTH=s32'00000000000000000000000000001011.$proc$library/common/up_axi.v:84$4875'.
  Set init value: \up_axi_bvalid_int = 1'0
Found init rule in `$paramod\up_axi\AXI_ADDRESS_WIDTH=s32'00000000000000000000000000001011.$proc$library/common/up_axi.v:83$4874'.
  Set init value: \up_axi_wready_int = 1'0
Found init rule in `$paramod\up_axi\AXI_ADDRESS_WIDTH=s32'00000000000000000000000000001011.$proc$library/common/up_axi.v:82$4873'.
  Set init value: \up_axi_awready_int = 1'0
Found init rule in `$paramod$42da77d14aa658d4baa5d7284757edced5bc7a84\axi_dmac_regmap.$proc$library/axi_dmac/axi_dmac_regmap.v:177$4824'.
  Set init value: \up_irq_source = 2'00
Found init rule in `$paramod$42da77d14aa658d4baa5d7284757edced5bc7a84\axi_dmac_regmap.$proc$library/axi_dmac/axi_dmac_regmap.v:176$4823'.
  Set init value: \up_irq_mask = 2'11
Found init rule in `$paramod$42da77d14aa658d4baa5d7284757edced5bc7a84\axi_dmac_regmap.$proc$library/axi_dmac/axi_dmac_regmap.v:169$4822'.
  Set init value: \up_scratch = 0
Found init rule in `$paramod$42da77d14aa658d4baa5d7284757edced5bc7a84\axi_dmac_regmap.$proc$library/axi_dmac/axi_dmac_regmap.v:159$4821'.
  Set init value: \up_rack = 1'0
Found init rule in `$paramod$42da77d14aa658d4baa5d7284757edced5bc7a84\axi_dmac_regmap.$proc$library/axi_dmac/axi_dmac_regmap.v:158$4820'.
  Set init value: \up_wack = 1'0
Found init rule in `$paramod$42da77d14aa658d4baa5d7284757edced5bc7a84\axi_dmac_regmap.$proc$library/axi_dmac/axi_dmac_regmap.v:157$4819'.
  Set init value: \up_rdata = 0
Found init rule in `$paramod$42da77d14aa658d4baa5d7284757edced5bc7a84\axi_dmac_regmap.$proc$library/axi_dmac/axi_dmac_regmap.v:113$4818'.
  Set init value: \ctrl_flock = 1'0
Found init rule in `$paramod$42da77d14aa658d4baa5d7284757edced5bc7a84\axi_dmac_regmap.$proc$library/axi_dmac/axi_dmac_regmap.v:112$4817'.
  Set init value: \ctrl_hwdesc = 1'0
Found init rule in `$paramod$42da77d14aa658d4baa5d7284757edced5bc7a84\axi_dmac_regmap.$proc$library/axi_dmac/axi_dmac_regmap.v:111$4816'.
  Set init value: \ctrl_pause = 1'0
Found init rule in `$paramod$42da77d14aa658d4baa5d7284757edced5bc7a84\axi_dmac_regmap.$proc$library/axi_dmac/axi_dmac_regmap.v:110$4815'.
  Set init value: \ctrl_enable = 1'0

91.4.5. Executing PROC_ARST pass (detect async resets in processes).
Found async reset \do_reset in `$paramod$377a945232991b12a6e8c778b58c3f929857479a\axi_dmac_reset_manager.$proc$library/axi_dmac/axi_dmac_reset_manager.v:253$5144'.
Found async reset \reset_sync_chain [2] in `$paramod$377a945232991b12a6e8c778b58c3f929857479a\axi_dmac_reset_manager.$proc$library/axi_dmac/axi_dmac_reset_manager.v:245$5142'.
Found async reset \do_reset in `$paramod$377a945232991b12a6e8c778b58c3f929857479a\axi_dmac_reset_manager.$proc$library/axi_dmac/axi_dmac_reset_manager.v:253$5139'.
Found async reset \reset_sync_chain [1] in `$paramod$377a945232991b12a6e8c778b58c3f929857479a\axi_dmac_reset_manager.$proc$library/axi_dmac/axi_dmac_reset_manager.v:245$5137'.
Found async reset \do_reset in `$paramod$377a945232991b12a6e8c778b58c3f929857479a\axi_dmac_reset_manager.$proc$library/axi_dmac/axi_dmac_reset_manager.v:253$5134'.
Found async reset \reset_sync_chain [0] in `$paramod$377a945232991b12a6e8c778b58c3f929857479a\axi_dmac_reset_manager.$proc$library/axi_dmac/axi_dmac_reset_manager.v:245$5132'.

91.4.6. Executing PROC_ROM pass (convert switches to ROMs).
Converted 0 switches.
<suppressed ~225 debug messages>

91.4.7. Executing PROC_MUX pass (convert decision trees to multiplexers).
Creating decoders for process `$paramod$c73d97a04183e90b57fb702ee7fd8f2a25156d08\data_mover.$proc$library/axi_dmac/data_mover.v:99$6228'.
Creating decoders for process `$paramod$c73d97a04183e90b57fb702ee7fd8f2a25156d08\data_mover.$proc$library/axi_dmac/data_mover.v:98$6227'.
Creating decoders for process `$paramod$c73d97a04183e90b57fb702ee7fd8f2a25156d08\data_mover.$proc$library/axi_dmac/data_mover.v:97$6226'.
Creating decoders for process `$paramod$c73d97a04183e90b57fb702ee7fd8f2a25156d08\data_mover.$proc$library/axi_dmac/data_mover.v:96$6225'.
Creating decoders for process `$paramod$c73d97a04183e90b57fb702ee7fd8f2a25156d08\data_mover.$proc$library/axi_dmac/data_mover.v:95$6224'.
Creating decoders for process `$paramod$c73d97a04183e90b57fb702ee7fd8f2a25156d08\data_mover.$proc$library/axi_dmac/data_mover.v:93$6223'.
Creating decoders for process `$paramod$c73d97a04183e90b57fb702ee7fd8f2a25156d08\data_mover.$proc$library/axi_dmac/data_mover.v:92$6222'.
Creating decoders for process `$paramod$c73d97a04183e90b57fb702ee7fd8f2a25156d08\data_mover.$proc$library/axi_dmac/data_mover.v:91$6221'.
Creating decoders for process `$paramod$c73d97a04183e90b57fb702ee7fd8f2a25156d08\data_mover.$proc$library/axi_dmac/data_mover.v:90$6220'.
Creating decoders for process `$paramod$c73d97a04183e90b57fb702ee7fd8f2a25156d08\data_mover.$proc$library/axi_dmac/data_mover.v:89$6219'.
Creating decoders for process `$paramod$c73d97a04183e90b57fb702ee7fd8f2a25156d08\data_mover.$proc$library/axi_dmac/data_mover.v:56$6218'.
Creating decoders for process `$paramod$c73d97a04183e90b57fb702ee7fd8f2a25156d08\data_mover.$proc$library/axi_dmac/data_mover.v:265$6216'.
Creating decoders for process `$paramod$c73d97a04183e90b57fb702ee7fd8f2a25156d08\data_mover.$proc$library/axi_dmac/data_mover.v:257$6214'.
     1/1: $0\id[3:0]
Creating decoders for process `$paramod$c73d97a04183e90b57fb702ee7fd8f2a25156d08\data_mover.$proc$library/axi_dmac/data_mover.v:249$6181'.
     1/17: $1\b2g$func$library/axi_dmac/inc_id.vh:65$6139.g[3:0]$6205 [3]
     2/17: $1\inc_id$func$library/axi_dmac/data_mover.v:252$6137.$result[3:0]$6197
     3/17: $1\b2g$func$library/axi_dmac/inc_id.vh:65$6139.$result[3:0]$6203
     4/17: $1\b2g$func$library/axi_dmac/inc_id.vh:65$6139.i[31:0]$6206
     5/17: $1\g2b$func$library/axi_dmac/inc_id.vh:65$6138.b[3:0]$6201 [3]
     6/17: $1\b2g$func$library/axi_dmac/inc_id.vh:65$6139.g[3:0]$6205 [0]
     7/17: $1\b2g$func$library/axi_dmac/inc_id.vh:65$6139.g[3:0]$6205 [1]
     8/17: $1\b2g$func$library/axi_dmac/inc_id.vh:65$6139.g[3:0]$6205 [2]
     9/17: $1\b2g$func$library/axi_dmac/inc_id.vh:65$6139.b[3:0]$6204
    10/17: $1\g2b$func$library/axi_dmac/inc_id.vh:65$6138.$result[3:0]$6199
    11/17: $1\g2b$func$library/axi_dmac/inc_id.vh:65$6138.i[31:0]$6202
    12/17: $0\id_next[3:0]
    13/17: $1\g2b$func$library/axi_dmac/inc_id.vh:65$6138.b[3:0]$6201 [0]
    14/17: $1\g2b$func$library/axi_dmac/inc_id.vh:65$6138.b[3:0]$6201 [1]
    15/17: $1\g2b$func$library/axi_dmac/inc_id.vh:65$6138.b[3:0]$6201 [2]
    16/17: $1\g2b$func$library/axi_dmac/inc_id.vh:65$6138.g[3:0]$6200
    17/17: $1\inc_id$func$library/axi_dmac/data_mover.v:252$6137.id[3:0]$6198
Creating decoders for process `$paramod$c73d97a04183e90b57fb702ee7fd8f2a25156d08\data_mover.$proc$library/axi_dmac/data_mover.v:239$6175'.
     1/1: $0\active[0:0]
Creating decoders for process `$paramod$c73d97a04183e90b57fb702ee7fd8f2a25156d08\data_mover.$proc$library/axi_dmac/data_mover.v:230$6173'.
     1/2: $0\measured_last_burst_length[3:0]
     2/2: $0\bl_valid[0:0]
Creating decoders for process `$paramod$c73d97a04183e90b57fb702ee7fd8f2a25156d08\data_mover.$proc$library/axi_dmac/data_mover.v:222$6171'.
     1/1: $0\beat_counter_minus_one[3:0]
Creating decoders for process `$paramod$c73d97a04183e90b57fb702ee7fd8f2a25156d08\data_mover.$proc$library/axi_dmac/data_mover.v:217$6170'.
     1/1: $0\last_burst_length[3:0]
Creating decoders for process `$paramod$c73d97a04183e90b57fb702ee7fd8f2a25156d08\data_mover.$proc$library/axi_dmac/data_mover.v:205$6164'.
     1/3: $0\last_non_eot[0:0]
     2/3: $0\last_eot[0:0]
     3/3: $0\beat_counter[3:0]
Creating decoders for process `$paramod$c73d97a04183e90b57fb702ee7fd8f2a25156d08\data_mover.$proc$library/axi_dmac/data_mover.v:186$6150'.
     1/1: $0\needs_sync[0:0]
Creating decoders for process `$paramod$5acb469efc81823004da6ca1328d8e1fb85ceb93\sync_bits.$proc$library/util_cdc/sync_bits.v:62$5745'.
Creating decoders for process `$paramod$5acb469efc81823004da6ca1328d8e1fb85ceb93\sync_bits.$proc$library/util_cdc/sync_bits.v:61$5744'.
Creating decoders for process `$paramod$5acb469efc81823004da6ca1328d8e1fb85ceb93\sync_bits.$proc$library/util_cdc/sync_bits.v:64$5742'.
     1/2: $0\genblk1.cdc_sync_stage2[3:0]
     2/2: $0\genblk1.cdc_sync_stage1[3:0]
Creating decoders for process `$paramod$88d936154720f81d31a09e530dba3fef38790d39\axi_dmac_burst_memory.$proc$library/axi_dmac/axi_dmac_burst_memory.v:163$5741'.
Creating decoders for process `$paramod$88d936154720f81d31a09e530dba3fef38790d39\axi_dmac_burst_memory.$proc$library/axi_dmac/axi_dmac_burst_memory.v:158$5740'.
Creating decoders for process `$paramod$88d936154720f81d31a09e530dba3fef38790d39\axi_dmac_burst_memory.$proc$library/axi_dmac/axi_dmac_burst_memory.v:157$5739'.
Creating decoders for process `$paramod$88d936154720f81d31a09e530dba3fef38790d39\axi_dmac_burst_memory.$proc$library/axi_dmac/axi_dmac_burst_memory.v:156$5738'.
Creating decoders for process `$paramod$88d936154720f81d31a09e530dba3fef38790d39\axi_dmac_burst_memory.$proc$library/axi_dmac/axi_dmac_burst_memory.v:155$5737'.
Creating decoders for process `$paramod$88d936154720f81d31a09e530dba3fef38790d39\axi_dmac_burst_memory.$proc$library/axi_dmac/axi_dmac_burst_memory.v:153$5736'.
Creating decoders for process `$paramod$88d936154720f81d31a09e530dba3fef38790d39\axi_dmac_burst_memory.$proc$library/axi_dmac/axi_dmac_burst_memory.v:152$5735'.
Creating decoders for process `$paramod$88d936154720f81d31a09e530dba3fef38790d39\axi_dmac_burst_memory.$proc$library/axi_dmac/axi_dmac_burst_memory.v:151$5734'.
Creating decoders for process `$paramod$88d936154720f81d31a09e530dba3fef38790d39\axi_dmac_burst_memory.$proc$library/axi_dmac/axi_dmac_burst_memory.v:150$5733'.
Creating decoders for process `$paramod$88d936154720f81d31a09e530dba3fef38790d39\axi_dmac_burst_memory.$proc$library/axi_dmac/axi_dmac_burst_memory.v:149$5732'.
Creating decoders for process `$paramod$88d936154720f81d31a09e530dba3fef38790d39\axi_dmac_burst_memory.$proc$library/axi_dmac/axi_dmac_burst_memory.v:147$5731'.
Creating decoders for process `$paramod$88d936154720f81d31a09e530dba3fef38790d39\axi_dmac_burst_memory.$proc$library/axi_dmac/axi_dmac_burst_memory.v:146$5730'.
Creating decoders for process `$paramod$88d936154720f81d31a09e530dba3fef38790d39\axi_dmac_burst_memory.$proc$library/axi_dmac/axi_dmac_burst_memory.v:145$5729'.
Creating decoders for process `$paramod$88d936154720f81d31a09e530dba3fef38790d39\axi_dmac_burst_memory.$proc$library/axi_dmac/axi_dmac_burst_memory.v:73$5728'.
Creating decoders for process `$paramod$88d936154720f81d31a09e530dba3fef38790d39\axi_dmac_burst_memory.$proc$library/axi_dmac/axi_dmac_burst_memory.v:310$5709'.
Creating decoders for process `$paramod$88d936154720f81d31a09e530dba3fef38790d39\axi_dmac_burst_memory.$proc$library/axi_dmac/axi_dmac_burst_memory.v:347$5705'.
Creating decoders for process `$paramod$88d936154720f81d31a09e530dba3fef38790d39\axi_dmac_burst_memory.$proc$library/axi_dmac/axi_dmac_burst_memory.v:335$5699'.
     1/1: $0\dest_beat_counter[3:0]
Creating decoders for process `$paramod$88d936154720f81d31a09e530dba3fef38790d39\axi_dmac_burst_memory.$proc$library/axi_dmac/axi_dmac_burst_memory.v:328$5697'.
     1/2: $0\dest_id[3:0]
     2/2: $0\dest_id_reduced_msb[0:0]
Creating decoders for process `$paramod$88d936154720f81d31a09e530dba3fef38790d39\axi_dmac_burst_memory.$proc$library/axi_dmac/axi_dmac_burst_memory.v:322$5692'.
     1/1: $0\dest_burst_len_data[7:3]
Creating decoders for process `$paramod$88d936154720f81d31a09e530dba3fef38790d39\axi_dmac_burst_memory.$proc$library/axi_dmac/axi_dmac_burst_memory.v:312$5686'.
     1/2: $0\dest_id_reduced_msb_next[0:0]
     2/2: $0\dest_id_next[3:0]
Creating decoders for process `$paramod$88d936154720f81d31a09e530dba3fef38790d39\axi_dmac_burst_memory.$proc$library/axi_dmac/axi_dmac_burst_memory.v:300$5681'.
     1/1: $0\dest_mem_data_strb[7:0]
Creating decoders for process `$paramod$88d936154720f81d31a09e530dba3fef38790d39\axi_dmac_burst_memory.$proc$library/axi_dmac/axi_dmac_burst_memory.v:290$5677'.
     1/1: $0\dest_mem_data_last[0:0]
Creating decoders for process `$paramod$88d936154720f81d31a09e530dba3fef38790d39\axi_dmac_burst_memory.$proc$library/axi_dmac/axi_dmac_burst_memory.v:271$5673'.
     1/1: $0\dest_mem_data_valid[0:0]
Creating decoders for process `$paramod$88d936154720f81d31a09e530dba3fef38790d39\axi_dmac_burst_memory.$proc$library/axi_dmac/axi_dmac_burst_memory.v:255$5669'.
     1/1: $0\dest_valid[0:0]
Creating decoders for process `$paramod$88d936154720f81d31a09e530dba3fef38790d39\axi_dmac_burst_memory.$proc$library/axi_dmac/axi_dmac_burst_memory.v:234$5653'.
     1/3: $1$memwr$\burst_len_mem$library/axi_dmac/axi_dmac_burst_memory.v:236$5613_EN[4:0]$5660
     2/3: $1$memwr$\burst_len_mem$library/axi_dmac/axi_dmac_burst_memory.v:236$5613_DATA[4:0]$5659
     3/3: $1$memwr$\burst_len_mem$library/axi_dmac/axi_dmac_burst_memory.v:236$5613_ADDR[2:0]$5658
Creating decoders for process `$paramod$88d936154720f81d31a09e530dba3fef38790d39\axi_dmac_burst_memory.$proc$library/axi_dmac/axi_dmac_burst_memory.v:226$5647'.
     1/1: $0\src_beat_counter[3:0]
Creating decoders for process `$paramod$88d936154720f81d31a09e530dba3fef38790d39\axi_dmac_burst_memory.$proc$library/axi_dmac/axi_dmac_burst_memory.v:216$5644'.
     1/2: $0\src_id_reduced_msb[0:0]
     2/2: $0\src_id[3:0]
Creating decoders for process `$paramod$88d936154720f81d31a09e530dba3fef38790d39\axi_dmac_burst_memory.$proc$library/axi_dmac/axi_dmac_burst_memory.v:208$5615'.
     1/17: $1\b2g$func$library/axi_dmac/inc_id.vh:65$5608.g[3:0]$5635 [3]
     2/17: $1\inc_id$func$library/axi_dmac/axi_dmac_burst_memory.v:210$5606.$result[3:0]$5627
     3/17: $1\b2g$func$library/axi_dmac/inc_id.vh:65$5608.$result[3:0]$5633
     4/17: $1\b2g$func$library/axi_dmac/inc_id.vh:65$5608.i[31:0]$5636
     5/17: $1\g2b$func$library/axi_dmac/inc_id.vh:65$5607.b[3:0]$5631 [3]
     6/17: $1\b2g$func$library/axi_dmac/inc_id.vh:65$5608.g[3:0]$5635 [0]
     7/17: $1\b2g$func$library/axi_dmac/inc_id.vh:65$5608.g[3:0]$5635 [1]
     8/17: $1\b2g$func$library/axi_dmac/inc_id.vh:65$5608.g[3:0]$5635 [2]
     9/17: $1\b2g$func$library/axi_dmac/inc_id.vh:65$5608.b[3:0]$5634
    10/17: $1\g2b$func$library/axi_dmac/inc_id.vh:65$5607.$result[3:0]$5629
    11/17: $1\g2b$func$library/axi_dmac/inc_id.vh:65$5607.i[31:0]$5632
    12/17: $1\src_id_next[3:0]
    13/17: $1\g2b$func$library/axi_dmac/inc_id.vh:65$5607.b[3:0]$5631 [0]
    14/17: $1\g2b$func$library/axi_dmac/inc_id.vh:65$5607.b[3:0]$5631 [1]
    15/17: $1\g2b$func$library/axi_dmac/inc_id.vh:65$5607.b[3:0]$5631 [2]
    16/17: $1\g2b$func$library/axi_dmac/inc_id.vh:65$5607.g[3:0]$5630
    17/17: $1\inc_id$func$library/axi_dmac/axi_dmac_burst_memory.v:210$5606.id[3:0]$5628
Creating decoders for process `$paramod$4f6dc395be3c3604eb10b08b083b96d2ec972d8f\util_axis_fifo.$proc$library/util_axis_fifo/util_axis_fifo.v:85$5605'.
Creating decoders for process `$paramod$4f6dc395be3c3604eb10b08b083b96d2ec972d8f\util_axis_fifo.$proc$library/util_axis_fifo/util_axis_fifo.v:84$5604'.
Creating decoders for process `$paramod$4f6dc395be3c3604eb10b08b083b96d2ec972d8f\util_axis_fifo.$proc$library/util_axis_fifo/util_axis_fifo.v:130$5600'.
     1/1: $0\zerodeep.genblk1.m_axis_raddr[0:0]
Creating decoders for process `$paramod$4f6dc395be3c3604eb10b08b083b96d2ec972d8f\util_axis_fifo.$proc$library/util_axis_fifo/util_axis_fifo.v:122$5596'.
     1/1: $0\zerodeep.genblk1.s_axis_waddr[0:0]
Creating decoders for process `$paramod$4f6dc395be3c3604eb10b08b083b96d2ec972d8f\util_axis_fifo.$proc$library/util_axis_fifo/util_axis_fifo.v:117$5592'.
     1/1: $0\zerodeep.genblk1.cdc_sync_fifo_ram[62:0]
Creating decoders for process `$paramod$83d09f0e74a4304d54a271ecff10511e78e32d78\util_axis_fifo.$proc$library/util_axis_fifo/util_axis_fifo.v:85$5587'.
Creating decoders for process `$paramod$83d09f0e74a4304d54a271ecff10511e78e32d78\util_axis_fifo.$proc$library/util_axis_fifo/util_axis_fifo.v:84$5586'.
Creating decoders for process `$paramod$83d09f0e74a4304d54a271ecff10511e78e32d78\util_axis_fifo.$proc$library/util_axis_fifo/util_axis_fifo.v:130$5582'.
     1/1: $0\zerodeep.genblk1.m_axis_raddr[0:0]
Creating decoders for process `$paramod$83d09f0e74a4304d54a271ecff10511e78e32d78\util_axis_fifo.$proc$library/util_axis_fifo/util_axis_fifo.v:122$5578'.
     1/1: $0\zerodeep.genblk1.s_axis_waddr[0:0]
Creating decoders for process `$paramod$83d09f0e74a4304d54a271ecff10511e78e32d78\util_axis_fifo.$proc$library/util_axis_fifo/util_axis_fifo.v:117$5574'.
     1/1: $0\zerodeep.genblk1.cdc_sync_fifo_ram[131:0]
Creating decoders for process `$paramod$bcd9b23df7516666ebc299b907ab91e542f09a00\request_generator.$proc$library/axi_dmac/request_generator.v:100$5569'.
Creating decoders for process `$paramod$bcd9b23df7516666ebc299b907ab91e542f09a00\request_generator.$proc$library/axi_dmac/request_generator.v:99$5568'.
Creating decoders for process `$paramod$bcd9b23df7516666ebc299b907ab91e542f09a00\request_generator.$proc$library/axi_dmac/request_generator.v:86$5567'.
Creating decoders for process `$paramod$bcd9b23df7516666ebc299b907ab91e542f09a00\request_generator.$proc$library/axi_dmac/request_generator.v:84$5566'.
Creating decoders for process `$paramod$bcd9b23df7516666ebc299b907ab91e542f09a00\request_generator.$proc$library/axi_dmac/request_generator.v:82$5565'.
Creating decoders for process `$paramod$bcd9b23df7516666ebc299b907ab91e542f09a00\request_generator.$proc$library/axi_dmac/request_generator.v:79$5564'.
Creating decoders for process `$paramod$bcd9b23df7516666ebc299b907ab91e542f09a00\request_generator.$proc$library/axi_dmac/request_generator.v:56$5563'.
Creating decoders for process `$paramod$bcd9b23df7516666ebc299b907ab91e542f09a00\request_generator.$proc$library/axi_dmac/request_generator.v:102$5544'.
Creating decoders for process `$paramod$bcd9b23df7516666ebc299b907ab91e542f09a00\request_generator.$proc$library/axi_dmac/request_generator.v:243$5536'.
     1/1: $0\completion_req_valid[0:0]
Creating decoders for process `$paramod$bcd9b23df7516666ebc299b907ab91e542f09a00\request_generator.$proc$library/axi_dmac/request_generator.v:237$5532'.
     1/3: $0\rew_transfer_id[1:0]
     2/3: $0\rew_id[3:0]
     3/3: $0\rew_req_xlast[0:0]
Creating decoders for process `$paramod$bcd9b23df7516666ebc299b907ab91e542f09a00\request_generator.$proc$library/axi_dmac/request_generator.v:229$5530'.
     1/1: $0\state[2:0]
Creating decoders for process `$paramod$bcd9b23df7516666ebc299b907ab91e542f09a00\request_generator.$proc$library/axi_dmac/request_generator.v:172$5519'.
     1/16: $11\nx_state[2:0]
     2/16: $10\nx_state[2:0]
     3/16: $5\nx_completion_req_valid[0:0]
     4/16: $4\nx_completion_req_valid[0:0]
     5/16: $9\nx_state[2:0]
     6/16: $8\nx_state[2:0]
     7/16: $3\nx_completion_req_valid[0:0]
     8/16: $7\nx_state[2:0]
     9/16: $6\nx_state[2:0]
    10/16: $2\nx_completion_req_valid[0:0]
    11/16: $5\nx_state[2:0]
    12/16: $4\nx_state[2:0]
    13/16: $3\nx_state[2:0]
    14/16: $2\nx_state[2:0]
    15/16: $1\nx_state[2:0]
    16/16: $1\nx_completion_req_valid[0:0]
Creating decoders for process `$paramod$bcd9b23df7516666ebc299b907ab91e542f09a00\request_generator.$proc$library/axi_dmac/request_generator.v:148$5513'.
     1/1: $0\cur_transfer_id[0:0]
Creating decoders for process `$paramod$bcd9b23df7516666ebc299b907ab91e542f09a00\request_generator.$proc$library/axi_dmac/request_generator.v:138$5507'.
     1/1: $0\req_ready[0:0]
Creating decoders for process `$paramod$bcd9b23df7516666ebc299b907ab91e542f09a00\request_generator.$proc$library/axi_dmac/request_generator.v:128$5503'.
     1/1: $0\id[3:0]
Creating decoders for process `$paramod$bcd9b23df7516666ebc299b907ab91e542f09a00\request_generator.$proc$library/axi_dmac/request_generator.v:121$5499'.
     1/2: $0\cur_burst_length[16:0]
     2/2: $0\cur_req_xlast[0:0]
Creating decoders for process `$paramod$bcd9b23df7516666ebc299b907ab91e542f09a00\request_generator.$proc$library/axi_dmac/request_generator.v:112$5494'.
     1/1: $0\burst_count[16:0]
Creating decoders for process `$paramod$d3875e1858f4ffe397651d6aac111ca353a91913\axi_dmac_response_manager.$proc$library/axi_dmac/axi_dmac_response_manager.v:113$5482'.
Creating decoders for process `$paramod$d3875e1858f4ffe397651d6aac111ca353a91913\axi_dmac_response_manager.$proc$library/axi_dmac/axi_dmac_response_manager.v:112$5481'.
Creating decoders for process `$paramod$d3875e1858f4ffe397651d6aac111ca353a91913\axi_dmac_response_manager.$proc$library/axi_dmac/axi_dmac_response_manager.v:111$5480'.
Creating decoders for process `$paramod$d3875e1858f4ffe397651d6aac111ca353a91913\axi_dmac_response_manager.$proc$library/axi_dmac/axi_dmac_response_manager.v:104$5479'.
Creating decoders for process `$paramod$d3875e1858f4ffe397651d6aac111ca353a91913\axi_dmac_response_manager.$proc$library/axi_dmac/axi_dmac_response_manager.v:101$5478'.
Creating decoders for process `$paramod$d3875e1858f4ffe397651d6aac111ca353a91913\axi_dmac_response_manager.$proc$library/axi_dmac/axi_dmac_response_manager.v:100$5477'.
Creating decoders for process `$paramod$d3875e1858f4ffe397651d6aac111ca353a91913\axi_dmac_response_manager.$proc$library/axi_dmac/axi_dmac_response_manager.v:99$5476'.
Creating decoders for process `$paramod$d3875e1858f4ffe397651d6aac111ca353a91913\axi_dmac_response_manager.$proc$library/axi_dmac/axi_dmac_response_manager.v:81$5475'.
Creating decoders for process `$paramod$d3875e1858f4ffe397651d6aac111ca353a91913\axi_dmac_response_manager.$proc$library/axi_dmac/axi_dmac_response_manager.v:70$5474'.
Creating decoders for process `$paramod$d3875e1858f4ffe397651d6aac111ca353a91913\axi_dmac_response_manager.$proc$library/axi_dmac/axi_dmac_response_manager.v:65$5473'.
Creating decoders for process `$paramod$d3875e1858f4ffe397651d6aac111ca353a91913\axi_dmac_response_manager.$proc$library/axi_dmac/axi_dmac_response_manager.v:63$5472'.
Creating decoders for process `$paramod$d3875e1858f4ffe397651d6aac111ca353a91913\axi_dmac_response_manager.$proc$library/axi_dmac/axi_dmac_response_manager.v:276$5464'.
     1/1: $0\to_complete_count[1:0]
Creating decoders for process `$paramod$d3875e1858f4ffe397651d6aac111ca353a91913\axi_dmac_response_manager.$proc$library/axi_dmac/axi_dmac_response_manager.v:267$5458'.
     1/1: $0\transfer_id[1:0]
Creating decoders for process `$paramod$d3875e1858f4ffe397651d6aac111ca353a91913\axi_dmac_response_manager.$proc$library/axi_dmac/axi_dmac_response_manager.v:253$5453'.
     1/1: $0\completion_req_ready[0:0]
Creating decoders for process `$paramod$d3875e1858f4ffe397651d6aac111ca353a91913\axi_dmac_response_manager.$proc$library/axi_dmac/axi_dmac_response_manager.v:242$5447'.
     1/1: $0\completion_req_last_found[0:0]
Creating decoders for process `$paramod$d3875e1858f4ffe397651d6aac111ca353a91913\axi_dmac_response_manager.$proc$library/axi_dmac/axi_dmac_response_manager.v:230$5443'.
     1/1: $0\state[2:0]
Creating decoders for process `$paramod$d3875e1858f4ffe397651d6aac111ca353a91913\axi_dmac_response_manager.$proc$library/axi_dmac/axi_dmac_response_manager.v:187$5432'.
     1/9: $9\nx_state[2:0]
     2/9: $8\nx_state[2:0]
     3/9: $7\nx_state[2:0]
     4/9: $6\nx_state[2:0]
     5/9: $5\nx_state[2:0]
     6/9: $4\nx_state[2:0]
     7/9: $3\nx_state[2:0]
     8/9: $2\nx_state[2:0]
     9/9: $1\nx_state[2:0]
Creating decoders for process `$paramod$d3875e1858f4ffe397651d6aac111ca353a91913\axi_dmac_response_manager.$proc$library/axi_dmac/axi_dmac_response_manager.v:178$5429'.
     1/1: $0\measured_burst_length[6:0]
Creating decoders for process `$paramod$d3875e1858f4ffe397651d6aac111ca353a91913\axi_dmac_response_manager.$proc$library/axi_dmac/axi_dmac_response_manager.v:165$5423'.
     1/1: $0\response_valid[0:0]
Creating decoders for process `$paramod$d3875e1858f4ffe397651d6aac111ca353a91913\axi_dmac_response_manager.$proc$library/axi_dmac/axi_dmac_response_manager.v:153$5416'.
     1/1: $0\response_dest_ready[0:0]
Creating decoders for process `$paramod$d3875e1858f4ffe397651d6aac111ca353a91913\axi_dmac_response_manager.$proc$library/axi_dmac/axi_dmac_response_manager.v:140$5413'.
     1/3: $0\req_response_dest_data_burst_length[6:0]
     2/3: $0\req_response_partial[0:0]
     3/3: $0\req_eot[0:0]
Creating decoders for process `$paramod$f1a4a0376ec5b1cd544bc83756eb60eb1eb132ac\dest_axi_mm.$proc$library/axi_dmac/dest_axi_mm.v:185$5406'.
     1/3: $1$memwr$\bl_mem$library/axi_dmac/dest_axi_mm.v:187$5404_EN[7:0]$5412
     2/3: $1$memwr$\bl_mem$library/axi_dmac/dest_axi_mm.v:187$5404_DATA[7:0]$5411
     3/3: $1$memwr$\bl_mem$library/axi_dmac/dest_axi_mm.v:187$5404_ADDR[3:0]$5410
Creating decoders for process `$paramod$1afe8ab17c8e13c231534502ea4d2d40af485178\util_axis_fifo.$proc$library/util_axis_fifo/util_axis_fifo.v:85$5403'.
Creating decoders for process `$paramod$1afe8ab17c8e13c231534502ea4d2d40af485178\util_axis_fifo.$proc$library/util_axis_fifo/util_axis_fifo.v:84$5402'.
Creating decoders for process `$paramod$1afe8ab17c8e13c231534502ea4d2d40af485178\util_axis_fifo.$proc$library/util_axis_fifo/util_axis_fifo.v:130$5398'.
     1/1: $0\zerodeep.genblk1.m_axis_raddr[0:0]
Creating decoders for process `$paramod$1afe8ab17c8e13c231534502ea4d2d40af485178\util_axis_fifo.$proc$library/util_axis_fifo/util_axis_fifo.v:122$5394'.
     1/1: $0\zerodeep.genblk1.s_axis_waddr[0:0]
Creating decoders for process `$paramod$1afe8ab17c8e13c231534502ea4d2d40af485178\util_axis_fifo.$proc$library/util_axis_fifo/util_axis_fifo.v:117$5390'.
     1/1: $0\zerodeep.genblk1.cdc_sync_fifo_ram[3:0]
Creating decoders for process `$paramod$c73d97a04183e90b57fb702ee7fd8f2a25156d08\src_fifo_inf.$proc$library/axi_dmac/src_fifo_inf.v:82$5383'.
     1/1: $0\overflow[0:0]
Creating decoders for process `$paramod$01924709da0140cfdd64eb4a6092b021ce3e2f20\util_axis_fifo.$proc$library/util_axis_fifo/util_axis_fifo.v:85$5382'.
Creating decoders for process `$paramod$01924709da0140cfdd64eb4a6092b021ce3e2f20\util_axis_fifo.$proc$library/util_axis_fifo/util_axis_fifo.v:84$5381'.
Creating decoders for process `$paramod$01924709da0140cfdd64eb4a6092b021ce3e2f20\util_axis_fifo.$proc$library/util_axis_fifo/util_axis_fifo.v:130$5377'.
     1/1: $0\zerodeep.genblk1.m_axis_raddr[0:0]
Creating decoders for process `$paramod$01924709da0140cfdd64eb4a6092b021ce3e2f20\util_axis_fifo.$proc$library/util_axis_fifo/util_axis_fifo.v:122$5373'.
     1/1: $0\zerodeep.genblk1.s_axis_waddr[0:0]
Creating decoders for process `$paramod$01924709da0140cfdd64eb4a6092b021ce3e2f20\util_axis_fifo.$proc$library/util_axis_fifo/util_axis_fifo.v:117$5369'.
     1/1: $0\zerodeep.genblk1.cdc_sync_fifo_ram[8:0]
Creating decoders for process `$paramod$e8d354e3749300844a280719bbc42e2d437f7dde\sync_bits.$proc$library/util_cdc/sync_bits.v:62$5364'.
Creating decoders for process `$paramod$e8d354e3749300844a280719bbc42e2d437f7dde\sync_bits.$proc$library/util_cdc/sync_bits.v:61$5363'.
Creating decoders for process `$paramod$e8d354e3749300844a280719bbc42e2d437f7dde\sync_bits.$proc$library/util_cdc/sync_bits.v:64$5361'.
     1/2: $0\genblk1.cdc_sync_stage2[0:0]
     2/2: $0\genblk1.cdc_sync_stage1[0:0]
Creating decoders for process `$paramod$ef74037a4828f83e971864de197da12792059f44\ad_mem_asym.$proc$library/common/ad_mem_asym.v:124$6383'.
     1/1: $0\doutb[63:0]
Creating decoders for process `$paramod$ef74037a4828f83e971864de197da12792059f44\ad_mem_asym.$proc$library/common/ad_mem_asym.v:95$6375'.
     1/3: $1$memwr$\m_ram$library/common/ad_mem_asym.v:97$6374_EN[63:0]$6382
     2/3: $1$memwr$\m_ram$library/common/ad_mem_asym.v:97$6374_DATA[63:0]$6381
     3/3: $1$memwr$\m_ram$library/common/ad_mem_asym.v:97$6374_ADDR[6:0]$6380
Creating decoders for process `$paramod$23ac77f1046f06f32557b49c4671eb40ed5df477\util_axis_fifo_address_generator.$proc$library/util_axis_fifo/util_axis_fifo_address_generator.v:73$6100'.
Creating decoders for process `$paramod$23ac77f1046f06f32557b49c4671eb40ed5df477\util_axis_fifo_address_generator.$proc$library/util_axis_fifo/util_axis_fifo_address_generator.v:72$6099'.
Creating decoders for process `$paramod$23ac77f1046f06f32557b49c4671eb40ed5df477\util_axis_fifo_address_generator.$proc$library/util_axis_fifo/util_axis_fifo_address_generator.v:100$6087'.
     1/1: $0\m_axis_raddr_reg[2:0]
Creating decoders for process `$paramod$23ac77f1046f06f32557b49c4671eb40ed5df477\util_axis_fifo_address_generator.$proc$library/util_axis_fifo/util_axis_fifo_address_generator.v:88$6081'.
     1/1: $0\s_axis_waddr_reg[2:0]
Creating decoders for process `$paramod$0573c57a527b1c3f127d8cea0e3678bdf02916ed\util_axis_fifo.$proc$library/util_axis_fifo/util_axis_fifo.v:238$5195'.
Creating decoders for process `$paramod$0573c57a527b1c3f127d8cea0e3678bdf02916ed\util_axis_fifo.$proc$library/util_axis_fifo/util_axis_fifo.v:343$5191'.
     1/1: $0\fifo.sync_clocks.genblk1.data[25:0]
Creating decoders for process `$paramod$0573c57a527b1c3f127d8cea0e3678bdf02916ed\util_axis_fifo.$proc$library/util_axis_fifo/util_axis_fifo.v:334$5184'.
     1/3: $1$memwr$\fifo.sync_clocks.ram$library/util_axis_fifo/util_axis_fifo.v:336$5177_EN[25:0]$5190
     2/3: $1$memwr$\fifo.sync_clocks.ram$library/util_axis_fifo/util_axis_fifo.v:336$5177_DATA[25:0]$5189
     3/3: $1$memwr$\fifo.sync_clocks.ram$library/util_axis_fifo/util_axis_fifo.v:336$5177_ADDR[1:0]$5188
Creating decoders for process `$paramod$0573c57a527b1c3f127d8cea0e3678bdf02916ed\util_axis_fifo.$proc$library/util_axis_fifo/util_axis_fifo.v:241$5178'.
     1/1: $0\fifo.valid[0:0]
Creating decoders for process `$paramod$b07e28671be3e23be94c7c6e0f81842dcc69e542\axi_dmac_regmap_request.$proc$library/axi_dmac/axi_dmac_regmap_request.v:155$6077'.
Creating decoders for process `$paramod$b07e28671be3e23be94c7c6e0f81842dcc69e542\axi_dmac_regmap_request.$proc$library/axi_dmac/axi_dmac_regmap_request.v:154$6076'.
Creating decoders for process `$paramod$b07e28671be3e23be94c7c6e0f81842dcc69e542\axi_dmac_regmap_request.$proc$library/axi_dmac/axi_dmac_regmap_request.v:153$6075'.
Creating decoders for process `$paramod$b07e28671be3e23be94c7c6e0f81842dcc69e542\axi_dmac_regmap_request.$proc$library/axi_dmac/axi_dmac_regmap_request.v:151$6074'.
Creating decoders for process `$paramod$b07e28671be3e23be94c7c6e0f81842dcc69e542\axi_dmac_regmap_request.$proc$library/axi_dmac/axi_dmac_regmap_request.v:146$6073'.
Creating decoders for process `$paramod$b07e28671be3e23be94c7c6e0f81842dcc69e542\axi_dmac_regmap_request.$proc$library/axi_dmac/axi_dmac_regmap_request.v:143$6072'.
Creating decoders for process `$paramod$b07e28671be3e23be94c7c6e0f81842dcc69e542\axi_dmac_regmap_request.$proc$library/axi_dmac/axi_dmac_regmap_request.v:142$6071'.
Creating decoders for process `$paramod$b07e28671be3e23be94c7c6e0f81842dcc69e542\axi_dmac_regmap_request.$proc$library/axi_dmac/axi_dmac_regmap_request.v:141$6070'.
Creating decoders for process `$paramod$b07e28671be3e23be94c7c6e0f81842dcc69e542\axi_dmac_regmap_request.$proc$library/axi_dmac/axi_dmac_regmap_request.v:139$6069'.
Creating decoders for process `$paramod$b07e28671be3e23be94c7c6e0f81842dcc69e542\axi_dmac_regmap_request.$proc$library/axi_dmac/axi_dmac_regmap_request.v:138$6068'.
Creating decoders for process `$paramod$b07e28671be3e23be94c7c6e0f81842dcc69e542\axi_dmac_regmap_request.$proc$library/axi_dmac/axi_dmac_regmap_request.v:137$6067'.
Creating decoders for process `$paramod$b07e28671be3e23be94c7c6e0f81842dcc69e542\axi_dmac_regmap_request.$proc$library/axi_dmac/axi_dmac_regmap_request.v:135$6066'.
Creating decoders for process `$paramod$b07e28671be3e23be94c7c6e0f81842dcc69e542\axi_dmac_regmap_request.$proc$library/axi_dmac/axi_dmac_regmap_request.v:134$6065'.
Creating decoders for process `$paramod$b07e28671be3e23be94c7c6e0f81842dcc69e542\axi_dmac_regmap_request.$proc$library/axi_dmac/axi_dmac_regmap_request.v:133$6064'.
Creating decoders for process `$paramod$b07e28671be3e23be94c7c6e0f81842dcc69e542\axi_dmac_regmap_request.$proc$library/axi_dmac/axi_dmac_regmap_request.v:130$6063'.
Creating decoders for process `$paramod$b07e28671be3e23be94c7c6e0f81842dcc69e542\axi_dmac_regmap_request.$proc$library/axi_dmac/axi_dmac_regmap_request.v:111$6062'.
Creating decoders for process `$paramod$b07e28671be3e23be94c7c6e0f81842dcc69e542\axi_dmac_regmap_request.$proc$library/axi_dmac/axi_dmac_regmap_request.v:425$6056'.
     1/2: $0\up_clear_tl[0:0]
     2/2: $0\up_tlf_s_valid[0:0]
Creating decoders for process `$paramod$b07e28671be3e23be94c7c6e0f81842dcc69e542\axi_dmac_regmap_request.$proc$library/axi_dmac/axi_dmac_regmap_request.v:415$6051'.
     1/1: $0\response_ready[0:0]
Creating decoders for process `$paramod$b07e28671be3e23be94c7c6e0f81842dcc69e542\axi_dmac_regmap_request.$proc$library/axi_dmac/axi_dmac_regmap_request.v:409$6047'.
     1/1: $0\up_transfer_id_eot_d[1:0]
Creating decoders for process `$paramod$b07e28671be3e23be94c7c6e0f81842dcc69e542\axi_dmac_regmap_request.$proc$library/axi_dmac/axi_dmac_regmap_request.v:399$6039'.
     1/1: $0\up_measured_transfer_length[23:0]
Creating decoders for process `$paramod$b07e28671be3e23be94c7c6e0f81842dcc69e542\axi_dmac_regmap_request.$proc$library/axi_dmac/axi_dmac_regmap_request.v:385$6034'.
     1/1: $0\up_partial_length_valid[0:0]
Creating decoders for process `$paramod$b07e28671be3e23be94c7c6e0f81842dcc69e542\axi_dmac_regmap_request.$proc$library/axi_dmac/axi_dmac_regmap_request.v:364$5999'.
     1/9: $3$lookahead\up_transfer_done_bitmap$5998[3:0]$6020
     2/9: $2$bitselwrite$pos$library/axi_dmac/axi_dmac_regmap_request.v:377$5977[1:0]$6019
     3/9: $2$lookahead\up_transfer_done_bitmap$5998[3:0]$6009
     4/9: $2$bitselwrite$pos$library/axi_dmac/axi_dmac_regmap_request.v:372$5976[1:0]$6008
     5/9: $1$lookahead\up_transfer_done_bitmap$5998[3:0]$6006
     6/9: $1$bitselwrite$pos$library/axi_dmac/axi_dmac_regmap_request.v:377$5977[1:0]$6005
     7/9: $1$bitselwrite$pos$library/axi_dmac/axi_dmac_regmap_request.v:372$5976[1:0]$6004
     8/9: $0\up_transfer_id_eot[1:0]
     9/9: $0\up_transfer_id[1:0]
Creating decoders for process `$paramod$b07e28671be3e23be94c7c6e0f81842dcc69e542\axi_dmac_regmap_request.$proc$library/axi_dmac/axi_dmac_regmap_request.v:208$5988'.
     1/7: $0\up_rdata[31:0] [31:19]
     2/7: $0\up_rdata[31:0] [1]
     3/7: $0\up_rdata[31:0] [18:16]
     4/7: $0\up_rdata[31:0] [15:11]
     5/7: $0\up_rdata[31:0] [10:8]
     6/7: $0\up_rdata[31:0] [7:2]
     7/7: $0\up_rdata[31:0] [0]
Creating decoders for process `$paramod$b07e28671be3e23be94c7c6e0f81842dcc69e542\axi_dmac_regmap_request.$proc$library/axi_dmac/axi_dmac_regmap_request.v:165$5978'.
     1/9: $0\up_dma_src_address[60:0] [60:29]
     2/9: $0\up_dma_src_address[60:0] [28:0]
     3/9: $0\up_dma_dest_address[60:0] [28:0]
     4/9: $0\up_dma_last[0:0]
     5/9: $0\up_dma_cyclic[0:0]
     6/9: $0\up_dma_x_length[23:3]
     7/9: $0\up_dma_dest_address[60:0] [60:29]
     8/9: $0\up_dma_enable_tlen_reporting[0:0]
     9/9: $0\up_dma_req_valid[0:0]
Creating decoders for process `$paramod$6c352b980fb6ac9a4dc438bf4354d86f75530c37\address_generator.$proc$library/axi_dmac/address_generator.v:101$6372'.
Creating decoders for process `$paramod$6c352b980fb6ac9a4dc438bf4354d86f75530c37\address_generator.$proc$library/axi_dmac/address_generator.v:96$6371'.
Creating decoders for process `$paramod$6c352b980fb6ac9a4dc438bf4354d86f75530c37\address_generator.$proc$library/axi_dmac/address_generator.v:95$6370'.
Creating decoders for process `$paramod$6c352b980fb6ac9a4dc438bf4354d86f75530c37\address_generator.$proc$library/axi_dmac/address_generator.v:94$6369'.
Creating decoders for process `$paramod$6c352b980fb6ac9a4dc438bf4354d86f75530c37\address_generator.$proc$library/axi_dmac/address_generator.v:178$6327'.
     1/27: $2\b2g$func$library/axi_dmac/inc_id.vh:65$6283.g[3:0]$6360 [3]
     2/27: $2\b2g$func$library/axi_dmac/inc_id.vh:65$6283.$result[3:0]$6358
     3/27: $2\b2g$func$library/axi_dmac/inc_id.vh:65$6283.i[31:0]$6361
     4/27: $2\g2b$func$library/axi_dmac/inc_id.vh:65$6282.b[3:0]$6356 [3]
     5/27: $2\b2g$func$library/axi_dmac/inc_id.vh:65$6283.g[3:0]$6360 [0]
     6/27: $2\b2g$func$library/axi_dmac/inc_id.vh:65$6283.g[3:0]$6360 [1]
     7/27: $2\b2g$func$library/axi_dmac/inc_id.vh:65$6283.g[3:0]$6360 [2]
     8/27: $2\b2g$func$library/axi_dmac/inc_id.vh:65$6283.b[3:0]$6359
     9/27: $2\g2b$func$library/axi_dmac/inc_id.vh:65$6282.$result[3:0]$6354
    10/27: $2\g2b$func$library/axi_dmac/inc_id.vh:65$6282.i[31:0]$6357
    11/27: $2\inc_id$func$library/axi_dmac/address_generator.v:182$6281.$result[3:0]$6352
    12/27: $2\g2b$func$library/axi_dmac/inc_id.vh:65$6282.b[3:0]$6356 [0]
    13/27: $2\g2b$func$library/axi_dmac/inc_id.vh:65$6282.b[3:0]$6356 [1]
    14/27: $2\g2b$func$library/axi_dmac/inc_id.vh:65$6282.b[3:0]$6356 [2]
    15/27: $2\g2b$func$library/axi_dmac/inc_id.vh:65$6282.g[3:0]$6355
    16/27: $2\inc_id$func$library/axi_dmac/address_generator.v:182$6281.id[3:0]$6353
    17/27: $1\b2g$func$library/axi_dmac/inc_id.vh:65$6283.i[31:0]$6348
    18/27: $1\b2g$func$library/axi_dmac/inc_id.vh:65$6283.g[3:0]$6347
    19/27: $1\b2g$func$library/axi_dmac/inc_id.vh:65$6283.b[3:0]$6346
    20/27: $1\b2g$func$library/axi_dmac/inc_id.vh:65$6283.$result[3:0]$6345
    21/27: $1\g2b$func$library/axi_dmac/inc_id.vh:65$6282.i[31:0]$6344
    22/27: $1\g2b$func$library/axi_dmac/inc_id.vh:65$6282.b[3:0]$6343
    23/27: $1\g2b$func$library/axi_dmac/inc_id.vh:65$6282.g[3:0]$6342
    24/27: $1\g2b$func$library/axi_dmac/inc_id.vh:65$6282.$result[3:0]$6341
    25/27: $1\inc_id$func$library/axi_dmac/address_generator.v:182$6281.id[3:0]$6340
    26/27: $1\inc_id$func$library/axi_dmac/address_generator.v:182$6281.$result[3:0]$6339
    27/27: $0\id[3:0]
Creating decoders for process `$paramod$6c352b980fb6ac9a4dc438bf4354d86f75530c37\address_generator.$proc$library/axi_dmac/address_generator.v:174$6326'.
Creating decoders for process `$paramod$6c352b980fb6ac9a4dc438bf4354d86f75530c37\address_generator.$proc$library/axi_dmac/address_generator.v:155$6311'.
     1/2: $0\addr_valid[0:0]
     2/2: $0\req_ready[0:0]
Creating decoders for process `$paramod$6c352b980fb6ac9a4dc438bf4354d86f75530c37\address_generator.$proc$library/axi_dmac/address_generator.v:140$6301'.
     1/1: $0\bl_ready[0:0]
Creating decoders for process `$paramod$6c352b980fb6ac9a4dc438bf4354d86f75530c37\address_generator.$proc$library/axi_dmac/address_generator.v:132$6295'.
     1/1: $0\address[60:0]
Creating decoders for process `$paramod$6c352b980fb6ac9a4dc438bf4354d86f75530c37\address_generator.$proc$library/axi_dmac/address_generator.v:121$6292'.
     1/2: $0\last[0:0]
     2/2: $0\length[7:0]
Creating decoders for process `$paramod$6c352b980fb6ac9a4dc438bf4354d86f75530c37\address_generator.$proc$library/axi_dmac/address_generator.v:115$6288'.
     1/1: $0\last_burst_len[3:0]
Creating decoders for process `$paramod$6c352b980fb6ac9a4dc438bf4354d86f75530c37\address_generator.$proc$library/axi_dmac/address_generator.v:105$6284'.
     1/1: $0\enabled[0:0]
Creating decoders for process `$paramod$377a945232991b12a6e8c778b58c3f929857479a\axi_dmac_reset_manager.$proc$library/axi_dmac/axi_dmac_reset_manager.v:243$5159'.
Creating decoders for process `$paramod$377a945232991b12a6e8c778b58c3f929857479a\axi_dmac_reset_manager.$proc$library/axi_dmac/axi_dmac_reset_manager.v:242$5158'.
Creating decoders for process `$paramod$377a945232991b12a6e8c778b58c3f929857479a\axi_dmac_reset_manager.$proc$library/axi_dmac/axi_dmac_reset_manager.v:241$5157'.
Creating decoders for process `$paramod$377a945232991b12a6e8c778b58c3f929857479a\axi_dmac_reset_manager.$proc$library/axi_dmac/axi_dmac_reset_manager.v:243$5156'.
Creating decoders for process `$paramod$377a945232991b12a6e8c778b58c3f929857479a\axi_dmac_reset_manager.$proc$library/axi_dmac/axi_dmac_reset_manager.v:242$5155'.
Creating decoders for process `$paramod$377a945232991b12a6e8c778b58c3f929857479a\axi_dmac_reset_manager.$proc$library/axi_dmac/axi_dmac_reset_manager.v:241$5154'.
Creating decoders for process `$paramod$377a945232991b12a6e8c778b58c3f929857479a\axi_dmac_reset_manager.$proc$library/axi_dmac/axi_dmac_reset_manager.v:243$5153'.
Creating decoders for process `$paramod$377a945232991b12a6e8c778b58c3f929857479a\axi_dmac_reset_manager.$proc$library/axi_dmac/axi_dmac_reset_manager.v:242$5152'.
Creating decoders for process `$paramod$377a945232991b12a6e8c778b58c3f929857479a\axi_dmac_reset_manager.$proc$library/axi_dmac/axi_dmac_reset_manager.v:241$5151'.
Creating decoders for process `$paramod$377a945232991b12a6e8c778b58c3f929857479a\axi_dmac_reset_manager.$proc$library/axi_dmac/axi_dmac_reset_manager.v:95$5150'.
Creating decoders for process `$paramod$377a945232991b12a6e8c778b58c3f929857479a\axi_dmac_reset_manager.$proc$library/axi_dmac/axi_dmac_reset_manager.v:94$5149'.
Creating decoders for process `$paramod$377a945232991b12a6e8c778b58c3f929857479a\axi_dmac_reset_manager.$proc$library/axi_dmac/axi_dmac_reset_manager.v:93$5148'.
Creating decoders for process `$paramod$377a945232991b12a6e8c778b58c3f929857479a\axi_dmac_reset_manager.$proc$library/axi_dmac/axi_dmac_reset_manager.v:92$5147'.
Creating decoders for process `$paramod$377a945232991b12a6e8c778b58c3f929857479a\axi_dmac_reset_manager.$proc$library/axi_dmac/axi_dmac_reset_manager.v:261$5146'.
Creating decoders for process `$paramod$377a945232991b12a6e8c778b58c3f929857479a\axi_dmac_reset_manager.$proc$library/axi_dmac/axi_dmac_reset_manager.v:253$5144'.
     1/1: $0\reset_gen[2].genblk1.reset_async[3:0]
Creating decoders for process `$paramod$377a945232991b12a6e8c778b58c3f929857479a\axi_dmac_reset_manager.$proc$library/axi_dmac/axi_dmac_reset_manager.v:245$5142'.
     1/1: $0\reset_gen[2].genblk1.reset_sync_in[0:0]
Creating decoders for process `$paramod$377a945232991b12a6e8c778b58c3f929857479a\axi_dmac_reset_manager.$proc$library/axi_dmac/axi_dmac_reset_manager.v:261$5141'.
Creating decoders for process `$paramod$377a945232991b12a6e8c778b58c3f929857479a\axi_dmac_reset_manager.$proc$library/axi_dmac/axi_dmac_reset_manager.v:253$5139'.
     1/1: $0\reset_gen[1].genblk1.reset_async[3:0]
Creating decoders for process `$paramod$377a945232991b12a6e8c778b58c3f929857479a\axi_dmac_reset_manager.$proc$library/axi_dmac/axi_dmac_reset_manager.v:245$5137'.
     1/1: $0\reset_gen[1].genblk1.reset_sync_in[0:0]
Creating decoders for process `$paramod$377a945232991b12a6e8c778b58c3f929857479a\axi_dmac_reset_manager.$proc$library/axi_dmac/axi_dmac_reset_manager.v:261$5136'.
Creating decoders for process `$paramod$377a945232991b12a6e8c778b58c3f929857479a\axi_dmac_reset_manager.$proc$library/axi_dmac/axi_dmac_reset_manager.v:253$5134'.
     1/1: $0\reset_gen[0].genblk1.reset_async[3:0]
Creating decoders for process `$paramod$377a945232991b12a6e8c778b58c3f929857479a\axi_dmac_reset_manager.$proc$library/axi_dmac/axi_dmac_reset_manager.v:245$5132'.
     1/1: $0\reset_gen[0].genblk1.reset_sync_in[0:0]
Creating decoders for process `$paramod$377a945232991b12a6e8c778b58c3f929857479a\axi_dmac_reset_manager.$proc$library/axi_dmac/axi_dmac_reset_manager.v:167$5112'.
     1/1: $0\state[2:0]
Creating decoders for process `$paramod$377a945232991b12a6e8c778b58c3f929857479a\axi_dmac_reset_manager.$proc$library/axi_dmac/axi_dmac_reset_manager.v:159$5109'.
     1/1: $0\needs_reset[0:0]
Creating decoders for process `$paramod$377a945232991b12a6e8c778b58c3f929857479a\axi_dmac_reset_manager.$proc$library/axi_dmac/axi_dmac_reset_manager.v:124$5105'.
     1/1: $0\do_enable[0:0]
Creating decoders for process `$paramod$377a945232991b12a6e8c778b58c3f929857479a\axi_dmac_reset_manager.$proc$library/axi_dmac/axi_dmac_reset_manager.v:116$5103'.
     1/1: $0\do_reset[0:0]
Creating decoders for process `$paramod$0ddd129b71ea7e3caf9a33fca8f56446f090786c\request_arb.$proc$library/axi_dmac/request_arb.v:326$5102'.
Creating decoders for process `$paramod$0ddd129b71ea7e3caf9a33fca8f56446f090786c\request_arb.$proc$library/axi_dmac/request_arb.v:309$5101'.
Creating decoders for process `$paramod$0ddd129b71ea7e3caf9a33fca8f56446f090786c\request_arb.$proc$library/axi_dmac/request_arb.v:274$5100'.
Creating decoders for process `$paramod$0ddd129b71ea7e3caf9a33fca8f56446f090786c\request_arb.$proc$library/axi_dmac/request_arb.v:273$5099'.
Creating decoders for process `$paramod$0ddd129b71ea7e3caf9a33fca8f56446f090786c\request_arb.$proc$library/axi_dmac/request_arb.v:272$5098'.
Creating decoders for process `$paramod$0ddd129b71ea7e3caf9a33fca8f56446f090786c\request_arb.$proc$library/axi_dmac/request_arb.v:1107$5084'.
     1/1: $0\src_dest_valid_hs[0:0]
Creating decoders for process `$paramod$0ddd129b71ea7e3caf9a33fca8f56446f090786c\request_arb.$proc$library/axi_dmac/request_arb.v:1099$5080'.
     1/3: $0\src_req_islast_cur[0:0]
     2/3: $0\src_req_xlast_cur[0:0]
     3/3: $0\src_req_dest_address_cur[60:0]
Creating decoders for process `$paramod$0ddd129b71ea7e3caf9a33fca8f56446f090786c\request_arb.$proc$library/axi_dmac/request_arb.v:933$5007'.
     1/47: $3\b2g$func$library/axi_dmac/inc_id.vh:65$4996.g[3:0]$5066 [3]
     2/47: $3\b2g$func$library/axi_dmac/inc_id.vh:65$4996.$result[3:0]$5064
     3/47: $3\b2g$func$library/axi_dmac/inc_id.vh:65$4996.i[31:0]$5067
     4/47: $3\g2b$func$library/axi_dmac/inc_id.vh:65$4995.b[3:0]$5062 [3]
     5/47: $3\b2g$func$library/axi_dmac/inc_id.vh:65$4996.g[3:0]$5066 [0]
     6/47: $3\b2g$func$library/axi_dmac/inc_id.vh:65$4996.g[3:0]$5066 [1]
     7/47: $3\b2g$func$library/axi_dmac/inc_id.vh:65$4996.g[3:0]$5066 [2]
     8/47: $3\b2g$func$library/axi_dmac/inc_id.vh:65$4996.b[3:0]$5065
     9/47: $3\g2b$func$library/axi_dmac/inc_id.vh:65$4995.$result[3:0]$5060
    10/47: $3\g2b$func$library/axi_dmac/inc_id.vh:65$4995.i[31:0]$5063
    11/47: $3\inc_id$func$library/axi_dmac/request_arb.v:941$4994.$result[3:0]$5058
    12/47: $3\g2b$func$library/axi_dmac/inc_id.vh:65$4995.b[3:0]$5062 [0]
    13/47: $3\g2b$func$library/axi_dmac/inc_id.vh:65$4995.b[3:0]$5062 [1]
    14/47: $3\g2b$func$library/axi_dmac/inc_id.vh:65$4995.b[3:0]$5062 [2]
    15/47: $3\g2b$func$library/axi_dmac/inc_id.vh:65$4995.g[3:0]$5061
    16/47: $3\inc_id$func$library/axi_dmac/request_arb.v:941$4994.id[3:0]$5059
    17/47: $6\compare_id$func$library/axi_dmac/request_arb.v:939$4993.$result[0:0]$5054
    18/47: $5\compare_id$func$library/axi_dmac/request_arb.v:939$4993.$result[0:0]$5052
    19/47: $4\compare_id$func$library/axi_dmac/request_arb.v:939$4993.$result[0:0]$5051
    20/47: $3\compare_id$func$library/axi_dmac/request_arb.v:939$4993.$result[0:0]$5049
    21/47: $2\b2g$func$library/axi_dmac/inc_id.vh:65$4996.i[31:0]$5047
    22/47: $2\b2g$func$library/axi_dmac/inc_id.vh:65$4996.g[3:0]$5046
    23/47: $2\b2g$func$library/axi_dmac/inc_id.vh:65$4996.b[3:0]$5045
    24/47: $2\b2g$func$library/axi_dmac/inc_id.vh:65$4996.$result[3:0]$5044
    25/47: $2\g2b$func$library/axi_dmac/inc_id.vh:65$4995.i[31:0]$5043
    26/47: $2\g2b$func$library/axi_dmac/inc_id.vh:65$4995.b[3:0]$5042
    27/47: $2\g2b$func$library/axi_dmac/inc_id.vh:65$4995.g[3:0]$5041
    28/47: $2\g2b$func$library/axi_dmac/inc_id.vh:65$4995.$result[3:0]$5040
    29/47: $2\inc_id$func$library/axi_dmac/request_arb.v:941$4994.id[3:0]$5039
    30/47: $2\inc_id$func$library/axi_dmac/request_arb.v:941$4994.$result[3:0]$5038
    31/47: $2\compare_id$func$library/axi_dmac/request_arb.v:939$4993.b[3:0]$5037
    32/47: $2\compare_id$func$library/axi_dmac/request_arb.v:939$4993.a[3:0]$5036
    33/47: $2\compare_id$func$library/axi_dmac/request_arb.v:939$4993.$result[0:0]$5035
    34/47: $1\b2g$func$library/axi_dmac/inc_id.vh:65$4996.i[31:0]$5034
    35/47: $1\b2g$func$library/axi_dmac/inc_id.vh:65$4996.g[3:0]$5033
    36/47: $1\b2g$func$library/axi_dmac/inc_id.vh:65$4996.b[3:0]$5032
    37/47: $1\b2g$func$library/axi_dmac/inc_id.vh:65$4996.$result[3:0]$5031
    38/47: $1\g2b$func$library/axi_dmac/inc_id.vh:65$4995.i[31:0]$5030
    39/47: $1\g2b$func$library/axi_dmac/inc_id.vh:65$4995.b[3:0]$5029
    40/47: $1\g2b$func$library/axi_dmac/inc_id.vh:65$4995.g[3:0]$5028
    41/47: $1\g2b$func$library/axi_dmac/inc_id.vh:65$4995.$result[3:0]$5027
    42/47: $1\inc_id$func$library/axi_dmac/request_arb.v:941$4994.id[3:0]$5026
    43/47: $1\inc_id$func$library/axi_dmac/request_arb.v:941$4994.$result[3:0]$5025
    44/47: $1\compare_id$func$library/axi_dmac/request_arb.v:939$4993.b[3:0]$5024
    45/47: $1\compare_id$func$library/axi_dmac/request_arb.v:939$4993.a[3:0]$5023
    46/47: $1\compare_id$func$library/axi_dmac/request_arb.v:939$4993.$result[0:0]$5022
    47/47: $0\src_throttled_request_id[3:0]
Creating decoders for process `$paramod$0ddd129b71ea7e3caf9a33fca8f56446f090786c\request_arb.$proc$library/axi_dmac/request_arb.v:347$5003'.
Creating decoders for process `$paramod$0ddd129b71ea7e3caf9a33fca8f56446f090786c\request_arb.$proc$library/axi_dmac/request_arb.v:342$4999'.
Creating decoders for process `$paramod\response_handler\ID_WIDTH=s32'00000000000000000000000000000100.$proc$library/axi_dmac/response_handler.v:85$6239'.
     1/27: $2\b2g$func$library/axi_dmac/inc_id.vh:65$6231.g[3:0]$6272 [3]
     2/27: $2\b2g$func$library/axi_dmac/inc_id.vh:65$6231.$result[3:0]$6270
     3/27: $2\b2g$func$library/axi_dmac/inc_id.vh:65$6231.i[31:0]$6273
     4/27: $2\g2b$func$library/axi_dmac/inc_id.vh:65$6230.b[3:0]$6268 [3]
     5/27: $2\b2g$func$library/axi_dmac/inc_id.vh:65$6231.g[3:0]$6272 [0]
     6/27: $2\b2g$func$library/axi_dmac/inc_id.vh:65$6231.g[3:0]$6272 [1]
     7/27: $2\b2g$func$library/axi_dmac/inc_id.vh:65$6231.g[3:0]$6272 [2]
     8/27: $2\b2g$func$library/axi_dmac/inc_id.vh:65$6231.b[3:0]$6271
     9/27: $2\g2b$func$library/axi_dmac/inc_id.vh:65$6230.$result[3:0]$6266
    10/27: $2\g2b$func$library/axi_dmac/inc_id.vh:65$6230.i[31:0]$6269
    11/27: $2\inc_id$func$library/axi_dmac/response_handler.v:89$6229.$result[3:0]$6264
    12/27: $2\g2b$func$library/axi_dmac/inc_id.vh:65$6230.b[3:0]$6268 [0]
    13/27: $2\g2b$func$library/axi_dmac/inc_id.vh:65$6230.b[3:0]$6268 [1]
    14/27: $2\g2b$func$library/axi_dmac/inc_id.vh:65$6230.b[3:0]$6268 [2]
    15/27: $2\g2b$func$library/axi_dmac/inc_id.vh:65$6230.g[3:0]$6267
    16/27: $2\inc_id$func$library/axi_dmac/response_handler.v:89$6229.id[3:0]$6265
    17/27: $1\b2g$func$library/axi_dmac/inc_id.vh:65$6231.i[31:0]$6260
    18/27: $1\b2g$func$library/axi_dmac/inc_id.vh:65$6231.g[3:0]$6259
    19/27: $1\b2g$func$library/axi_dmac/inc_id.vh:65$6231.b[3:0]$6258
    20/27: $1\b2g$func$library/axi_dmac/inc_id.vh:65$6231.$result[3:0]$6257
    21/27: $1\g2b$func$library/axi_dmac/inc_id.vh:65$6230.i[31:0]$6256
    22/27: $1\g2b$func$library/axi_dmac/inc_id.vh:65$6230.b[3:0]$6255
    23/27: $1\g2b$func$library/axi_dmac/inc_id.vh:65$6230.g[3:0]$6254
    24/27: $1\g2b$func$library/axi_dmac/inc_id.vh:65$6230.$result[3:0]$6253
    25/27: $1\inc_id$func$library/axi_dmac/response_handler.v:89$6229.id[3:0]$6252
    26/27: $1\inc_id$func$library/axi_dmac/response_handler.v:89$6229.$result[3:0]$6251
    27/27: $0\id[3:0]
Creating decoders for process `$paramod\response_handler\ID_WIDTH=s32'00000000000000000000000000000100.$proc$library/axi_dmac/response_handler.v:75$6235'.
     1/1: $0\enabled[0:0]
Creating decoders for process `$paramod\up_axi\AXI_ADDRESS_WIDTH=s32'00000000000000000000000000001011.$proc$library/common/up_axi.v:99$4890'.
Creating decoders for process `$paramod\up_axi\AXI_ADDRESS_WIDTH=s32'00000000000000000000000000001011.$proc$library/common/up_axi.v:98$4889'.
Creating decoders for process `$paramod\up_axi\AXI_ADDRESS_WIDTH=s32'00000000000000000000000000001011.$proc$library/common/up_axi.v:97$4888'.
Creating decoders for process `$paramod\up_axi\AXI_ADDRESS_WIDTH=s32'00000000000000000000000000001011.$proc$library/common/up_axi.v:96$4887'.
Creating decoders for process `$paramod\up_axi\AXI_ADDRESS_WIDTH=s32'00000000000000000000000000001011.$proc$library/common/up_axi.v:95$4886'.
Creating decoders for process `$paramod\up_axi\AXI_ADDRESS_WIDTH=s32'00000000000000000000000000001011.$proc$library/common/up_axi.v:94$4885'.
Creating decoders for process `$paramod\up_axi\AXI_ADDRESS_WIDTH=s32'00000000000000000000000000001011.$proc$library/common/up_axi.v:93$4884'.
Creating decoders for process `$paramod\up_axi\AXI_ADDRESS_WIDTH=s32'00000000000000000000000000001011.$proc$library/common/up_axi.v:92$4883'.
Creating decoders for process `$paramod\up_axi\AXI_ADDRESS_WIDTH=s32'00000000000000000000000000001011.$proc$library/common/up_axi.v:91$4882'.
Creating decoders for process `$paramod\up_axi\AXI_ADDRESS_WIDTH=s32'00000000000000000000000000001011.$proc$library/common/up_axi.v:90$4881'.
Creating decoders for process `$paramod\up_axi\AXI_ADDRESS_WIDTH=s32'00000000000000000000000000001011.$proc$library/common/up_axi.v:89$4880'.
Creating decoders for process `$paramod\up_axi\AXI_ADDRESS_WIDTH=s32'00000000000000000000000000001011.$proc$library/common/up_axi.v:88$4879'.
Creating decoders for process `$paramod\up_axi\AXI_ADDRESS_WIDTH=s32'00000000000000000000000000001011.$proc$library/common/up_axi.v:87$4878'.
Creating decoders for process `$paramod\up_axi\AXI_ADDRESS_WIDTH=s32'00000000000000000000000000001011.$proc$library/common/up_axi.v:86$4877'.
Creating decoders for process `$paramod\up_axi\AXI_ADDRESS_WIDTH=s32'00000000000000000000000000001011.$proc$library/common/up_axi.v:85$4876'.
Creating decoders for process `$paramod\up_axi\AXI_ADDRESS_WIDTH=s32'00000000000000000000000000001011.$proc$library/common/up_axi.v:84$4875'.
Creating decoders for process `$paramod\up_axi\AXI_ADDRESS_WIDTH=s32'00000000000000000000000000001011.$proc$library/common/up_axi.v:83$4874'.
Creating decoders for process `$paramod\up_axi\AXI_ADDRESS_WIDTH=s32'00000000000000000000000000001011.$proc$library/common/up_axi.v:82$4873'.
Creating decoders for process `$paramod\up_axi\AXI_ADDRESS_WIDTH=s32'00000000000000000000000000001011.$proc$library/common/up_axi.v:207$4863'.
     1/6: $0\up_rreq_int[0:0]
     2/6: $0\up_rdata_d[31:0]
     3/6: $0\up_rack_d[0:0]
     4/6: $0\up_rcount[4:0]
     5/6: $0\up_raddr_int[8:0]
     6/6: $0\up_rsel[0:0]
Creating decoders for process `$paramod\up_axi\AXI_ADDRESS_WIDTH=s32'00000000000000000000000000001011.$proc$library/common/up_axi.v:181$4850'.
     1/3: $0\up_axi_rdata_int[31:0]
     2/3: $0\up_axi_rvalid_int[0:0]
     3/3: $0\up_axi_arready_int[0:0]
Creating decoders for process `$paramod\up_axi\AXI_ADDRESS_WIDTH=s32'00000000000000000000000000001011.$proc$library/common/up_axi.v:143$4838'.
     1/6: $0\up_wreq_int[0:0]
     2/6: $0\up_wack_d[0:0]
     3/6: $0\up_wcount[4:0]
     4/6: $0\up_wdata_int[31:0]
     5/6: $0\up_waddr_int[8:0]
     6/6: $0\up_wsel[0:0]
Creating decoders for process `$paramod\up_axi\AXI_ADDRESS_WIDTH=s32'00000000000000000000000000001011.$proc$library/common/up_axi.v:114$4825'.
     1/3: $0\up_axi_bvalid_int[0:0]
     2/3: $0\up_axi_wready_int[0:0]
     3/3: $0\up_axi_awready_int[0:0]
Creating decoders for process `$paramod$42da77d14aa658d4baa5d7284757edced5bc7a84\axi_dmac_regmap.$proc$library/axi_dmac/axi_dmac_regmap.v:177$4824'.
Creating decoders for process `$paramod$42da77d14aa658d4baa5d7284757edced5bc7a84\axi_dmac_regmap.$proc$library/axi_dmac/axi_dmac_regmap.v:176$4823'.
Creating decoders for process `$paramod$42da77d14aa658d4baa5d7284757edced5bc7a84\axi_dmac_regmap.$proc$library/axi_dmac/axi_dmac_regmap.v:169$4822'.
Creating decoders for process `$paramod$42da77d14aa658d4baa5d7284757edced5bc7a84\axi_dmac_regmap.$proc$library/axi_dmac/axi_dmac_regmap.v:159$4821'.
Creating decoders for process `$paramod$42da77d14aa658d4baa5d7284757edced5bc7a84\axi_dmac_regmap.$proc$library/axi_dmac/axi_dmac_regmap.v:158$4820'.
Creating decoders for process `$paramod$42da77d14aa658d4baa5d7284757edced5bc7a84\axi_dmac_regmap.$proc$library/axi_dmac/axi_dmac_regmap.v:157$4819'.
Creating decoders for process `$paramod$42da77d14aa658d4baa5d7284757edced5bc7a84\axi_dmac_regmap.$proc$library/axi_dmac/axi_dmac_regmap.v:113$4818'.
Creating decoders for process `$paramod$42da77d14aa658d4baa5d7284757edced5bc7a84\axi_dmac_regmap.$proc$library/axi_dmac/axi_dmac_regmap.v:112$4817'.
Creating decoders for process `$paramod$42da77d14aa658d4baa5d7284757edced5bc7a84\axi_dmac_regmap.$proc$library/axi_dmac/axi_dmac_regmap.v:111$4816'.
Creating decoders for process `$paramod$42da77d14aa658d4baa5d7284757edced5bc7a84\axi_dmac_regmap.$proc$library/axi_dmac/axi_dmac_regmap.v:110$4815'.
Creating decoders for process `$paramod$42da77d14aa658d4baa5d7284757edced5bc7a84\axi_dmac_regmap.$proc$library/axi_dmac/axi_dmac_regmap.v:245$4812'.
     1/1: $0\up_rdata[31:0]
Creating decoders for process `$paramod$42da77d14aa658d4baa5d7284757edced5bc7a84\axi_dmac_regmap.$proc$library/axi_dmac/axi_dmac_regmap.v:237$4810'.
     1/1: $0\up_rack[0:0]
Creating decoders for process `$paramod$42da77d14aa658d4baa5d7284757edced5bc7a84\axi_dmac_regmap.$proc$library/axi_dmac/axi_dmac_regmap.v:206$4805'.
     1/7: $0\up_wack[0:0]
     2/7: $0\up_irq_mask[1:0]
     3/7: $0\up_scratch[31:0]
     4/7: $0\ctrl_flock[0:0]
     5/7: $0\ctrl_hwdesc[0:0]
     6/7: $0\ctrl_pause[0:0]
     7/7: $0\ctrl_enable[0:0]
Creating decoders for process `$paramod$42da77d14aa658d4baa5d7284757edced5bc7a84\axi_dmac_regmap.$proc$library/axi_dmac/axi_dmac_regmap.v:196$4800'.
     1/1: $0\up_irq_source[1:0]
Creating decoders for process `$paramod$42da77d14aa658d4baa5d7284757edced5bc7a84\axi_dmac_regmap.$proc$library/axi_dmac/axi_dmac_regmap.v:188$4797'.
     1/1: $0\irq[0:0]

91.4.8. Executing PROC_DLATCH pass (convert process syncs to latches).
No latch inferred for signal `$paramod$c73d97a04183e90b57fb702ee7fd8f2a25156d08\data_mover.\id_next' from process `$paramod$c73d97a04183e90b57fb702ee7fd8f2a25156d08\data_mover.$proc$library/axi_dmac/data_mover.v:249$6181'.
Removing init bit 1'0 for non-memory siginal `$paramod$c73d97a04183e90b57fb702ee7fd8f2a25156d08\data_mover.\id_next [0]` in process `$paramod$c73d97a04183e90b57fb702ee7fd8f2a25156d08\data_mover.$proc$library/axi_dmac/data_mover.v:249$6181`.
Removing init bit 1'0 for non-memory siginal `$paramod$c73d97a04183e90b57fb702ee7fd8f2a25156d08\data_mover.\id_next [1]` in process `$paramod$c73d97a04183e90b57fb702ee7fd8f2a25156d08\data_mover.$proc$library/axi_dmac/data_mover.v:249$6181`.
Removing init bit 1'0 for non-memory siginal `$paramod$c73d97a04183e90b57fb702ee7fd8f2a25156d08\data_mover.\id_next [2]` in process `$paramod$c73d97a04183e90b57fb702ee7fd8f2a25156d08\data_mover.$proc$library/axi_dmac/data_mover.v:249$6181`.
Removing init bit 1'0 for non-memory siginal `$paramod$c73d97a04183e90b57fb702ee7fd8f2a25156d08\data_mover.\id_next [3]` in process `$paramod$c73d97a04183e90b57fb702ee7fd8f2a25156d08\data_mover.$proc$library/axi_dmac/data_mover.v:249$6181`.
No latch inferred for signal `$paramod$88d936154720f81d31a09e530dba3fef38790d39\axi_dmac_burst_memory.\dest_burst_len_data [2:0]' from process `$paramod$88d936154720f81d31a09e530dba3fef38790d39\axi_dmac_burst_memory.$proc$library/axi_dmac/axi_dmac_burst_memory.v:163$5741'.
No latch inferred for signal `$paramod$88d936154720f81d31a09e530dba3fef38790d39\axi_dmac_burst_memory.\inc_id$func$library/axi_dmac/axi_dmac_burst_memory.v:310$5609.$result' from process `$paramod$88d936154720f81d31a09e530dba3fef38790d39\axi_dmac_burst_memory.$proc$library/axi_dmac/axi_dmac_burst_memory.v:310$5709'.
No latch inferred for signal `$paramod$88d936154720f81d31a09e530dba3fef38790d39\axi_dmac_burst_memory.\src_id_next' from process `$paramod$88d936154720f81d31a09e530dba3fef38790d39\axi_dmac_burst_memory.$proc$library/axi_dmac/axi_dmac_burst_memory.v:208$5615'.
No latch inferred for signal `$paramod$bcd9b23df7516666ebc299b907ab91e542f09a00\request_generator.\inc_id$func$library/axi_dmac/request_generator.v:102$5483.$result' from process `$paramod$bcd9b23df7516666ebc299b907ab91e542f09a00\request_generator.$proc$library/axi_dmac/request_generator.v:102$5544'.
No latch inferred for signal `$paramod$bcd9b23df7516666ebc299b907ab91e542f09a00\request_generator.\nx_state' from process `$paramod$bcd9b23df7516666ebc299b907ab91e542f09a00\request_generator.$proc$library/axi_dmac/request_generator.v:172$5519'.
No latch inferred for signal `$paramod$bcd9b23df7516666ebc299b907ab91e542f09a00\request_generator.\nx_completion_req_valid' from process `$paramod$bcd9b23df7516666ebc299b907ab91e542f09a00\request_generator.$proc$library/axi_dmac/request_generator.v:172$5519'.
No latch inferred for signal `$paramod$d3875e1858f4ffe397651d6aac111ca353a91913\axi_dmac_response_manager.\nx_state' from process `$paramod$d3875e1858f4ffe397651d6aac111ca353a91913\axi_dmac_response_manager.$proc$library/axi_dmac/axi_dmac_response_manager.v:187$5432'.
No latch inferred for signal `$paramod$b07e28671be3e23be94c7c6e0f81842dcc69e542\axi_dmac_regmap_request.\up_dma_x_length [2:0]' from process `$paramod$b07e28671be3e23be94c7c6e0f81842dcc69e542\axi_dmac_regmap_request.$proc$library/axi_dmac/axi_dmac_regmap_request.v:139$6069'.
No latch inferred for signal `$paramod$b07e28671be3e23be94c7c6e0f81842dcc69e542\axi_dmac_regmap_request.\up_rdata' from process `$paramod$b07e28671be3e23be94c7c6e0f81842dcc69e542\axi_dmac_regmap_request.$proc$library/axi_dmac/axi_dmac_regmap_request.v:208$5988'.
No latch inferred for signal `$paramod$0ddd129b71ea7e3caf9a33fca8f56446f090786c\request_arb.\src_throttler_enabled' from process `$paramod$0ddd129b71ea7e3caf9a33fca8f56446f090786c\request_arb.$proc$library/axi_dmac/request_arb.v:326$5102'.

91.4.9. Executing PROC_DFF pass (convert process syncs to FFs).
Creating register for signal `$paramod$c73d97a04183e90b57fb702ee7fd8f2a25156d08\data_mover.\pending_burst' using process `$paramod$c73d97a04183e90b57fb702ee7fd8f2a25156d08\data_mover.$proc$library/axi_dmac/data_mover.v:265$6216'.
  created $dff cell `$procdff$8194' with positive edge clock.
Creating register for signal `$paramod$c73d97a04183e90b57fb702ee7fd8f2a25156d08\data_mover.\id' using process `$paramod$c73d97a04183e90b57fb702ee7fd8f2a25156d08\data_mover.$proc$library/axi_dmac/data_mover.v:257$6214'.
  created $dff cell `$procdff$8195' with positive edge clock.
Creating register for signal `$paramod$c73d97a04183e90b57fb702ee7fd8f2a25156d08\data_mover.\active' using process `$paramod$c73d97a04183e90b57fb702ee7fd8f2a25156d08\data_mover.$proc$library/axi_dmac/data_mover.v:239$6175'.
  created $dff cell `$procdff$8196' with positive edge clock.
Creating register for signal `$paramod$c73d97a04183e90b57fb702ee7fd8f2a25156d08\data_mover.\bl_valid' using process `$paramod$c73d97a04183e90b57fb702ee7fd8f2a25156d08\data_mover.$proc$library/axi_dmac/data_mover.v:230$6173'.
  created $dff cell `$procdff$8197' with positive edge clock.
Creating register for signal `$paramod$c73d97a04183e90b57fb702ee7fd8f2a25156d08\data_mover.\measured_last_burst_length' using process `$paramod$c73d97a04183e90b57fb702ee7fd8f2a25156d08\data_mover.$proc$library/axi_dmac/data_mover.v:230$6173'.
  created $dff cell `$procdff$8198' with positive edge clock.
Creating register for signal `$paramod$c73d97a04183e90b57fb702ee7fd8f2a25156d08\data_mover.\beat_counter_minus_one' using process `$paramod$c73d97a04183e90b57fb702ee7fd8f2a25156d08\data_mover.$proc$library/axi_dmac/data_mover.v:222$6171'.
  created $dff cell `$procdff$8199' with positive edge clock.
Creating register for signal `$paramod$c73d97a04183e90b57fb702ee7fd8f2a25156d08\data_mover.\last_burst_length' using process `$paramod$c73d97a04183e90b57fb702ee7fd8f2a25156d08\data_mover.$proc$library/axi_dmac/data_mover.v:217$6170'.
  created $dff cell `$procdff$8200' with positive edge clock.
Creating register for signal `$paramod$c73d97a04183e90b57fb702ee7fd8f2a25156d08\data_mover.\beat_counter' using process `$paramod$c73d97a04183e90b57fb702ee7fd8f2a25156d08\data_mover.$proc$library/axi_dmac/data_mover.v:205$6164'.
  created $dff cell `$procdff$8201' with positive edge clock.
Creating register for signal `$paramod$c73d97a04183e90b57fb702ee7fd8f2a25156d08\data_mover.\last_eot' using process `$paramod$c73d97a04183e90b57fb702ee7fd8f2a25156d08\data_mover.$proc$library/axi_dmac/data_mover.v:205$6164'.
  created $dff cell `$procdff$8202' with positive edge clock.
Creating register for signal `$paramod$c73d97a04183e90b57fb702ee7fd8f2a25156d08\data_mover.\last_non_eot' using process `$paramod$c73d97a04183e90b57fb702ee7fd8f2a25156d08\data_mover.$proc$library/axi_dmac/data_mover.v:205$6164'.
  created $dff cell `$procdff$8203' with positive edge clock.
Creating register for signal `$paramod$c73d97a04183e90b57fb702ee7fd8f2a25156d08\data_mover.\needs_sync' using process `$paramod$c73d97a04183e90b57fb702ee7fd8f2a25156d08\data_mover.$proc$library/axi_dmac/data_mover.v:186$6150'.
  created $dff cell `$procdff$8204' with positive edge clock.
Creating register for signal `$paramod$5acb469efc81823004da6ca1328d8e1fb85ceb93\sync_bits.\genblk1.cdc_sync_stage1' using process `$paramod$5acb469efc81823004da6ca1328d8e1fb85ceb93\sync_bits.$proc$library/util_cdc/sync_bits.v:64$5742'.
  created $dff cell `$procdff$8205' with positive edge clock.
Creating register for signal `$paramod$5acb469efc81823004da6ca1328d8e1fb85ceb93\sync_bits.\genblk1.cdc_sync_stage2' using process `$paramod$5acb469efc81823004da6ca1328d8e1fb85ceb93\sync_bits.$proc$library/util_cdc/sync_bits.v:64$5742'.
  created $dff cell `$procdff$8206' with positive edge clock.
Creating register for signal `$paramod$88d936154720f81d31a09e530dba3fef38790d39\axi_dmac_burst_memory.\dest_burst_info_write' using process `$paramod$88d936154720f81d31a09e530dba3fef38790d39\axi_dmac_burst_memory.$proc$library/axi_dmac/axi_dmac_burst_memory.v:347$5705'.
  created $dff cell `$procdff$8207' with positive edge clock.
Creating register for signal `$paramod$88d936154720f81d31a09e530dba3fef38790d39\axi_dmac_burst_memory.\dest_beat_counter' using process `$paramod$88d936154720f81d31a09e530dba3fef38790d39\axi_dmac_burst_memory.$proc$library/axi_dmac/axi_dmac_burst_memory.v:335$5699'.
  created $dff cell `$procdff$8208' with positive edge clock.
Creating register for signal `$paramod$88d936154720f81d31a09e530dba3fef38790d39\axi_dmac_burst_memory.\dest_id_reduced_msb' using process `$paramod$88d936154720f81d31a09e530dba3fef38790d39\axi_dmac_burst_memory.$proc$library/axi_dmac/axi_dmac_burst_memory.v:328$5697'.
  created $dff cell `$procdff$8209' with positive edge clock.
Creating register for signal `$paramod$88d936154720f81d31a09e530dba3fef38790d39\axi_dmac_burst_memory.\dest_id' using process `$paramod$88d936154720f81d31a09e530dba3fef38790d39\axi_dmac_burst_memory.$proc$library/axi_dmac/axi_dmac_burst_memory.v:328$5697'.
  created $dff cell `$procdff$8210' with positive edge clock.
Creating register for signal `$paramod$88d936154720f81d31a09e530dba3fef38790d39\axi_dmac_burst_memory.\dest_burst_len_data [7:3]' using process `$paramod$88d936154720f81d31a09e530dba3fef38790d39\axi_dmac_burst_memory.$proc$library/axi_dmac/axi_dmac_burst_memory.v:322$5692'.
  created $dff cell `$procdff$8211' with positive edge clock.
Creating register for signal `$paramod$88d936154720f81d31a09e530dba3fef38790d39\axi_dmac_burst_memory.\dest_id_next' using process `$paramod$88d936154720f81d31a09e530dba3fef38790d39\axi_dmac_burst_memory.$proc$library/axi_dmac/axi_dmac_burst_memory.v:312$5686'.
  created $dff cell `$procdff$8212' with positive edge clock.
Creating register for signal `$paramod$88d936154720f81d31a09e530dba3fef38790d39\axi_dmac_burst_memory.\dest_id_reduced_msb_next' using process `$paramod$88d936154720f81d31a09e530dba3fef38790d39\axi_dmac_burst_memory.$proc$library/axi_dmac/axi_dmac_burst_memory.v:312$5686'.
  created $dff cell `$procdff$8213' with positive edge clock.
Creating register for signal `$paramod$88d936154720f81d31a09e530dba3fef38790d39\axi_dmac_burst_memory.\dest_mem_data_strb' using process `$paramod$88d936154720f81d31a09e530dba3fef38790d39\axi_dmac_burst_memory.$proc$library/axi_dmac/axi_dmac_burst_memory.v:300$5681'.
  created $dff cell `$procdff$8214' with positive edge clock.
Creating register for signal `$paramod$88d936154720f81d31a09e530dba3fef38790d39\axi_dmac_burst_memory.\dest_mem_data_last' using process `$paramod$88d936154720f81d31a09e530dba3fef38790d39\axi_dmac_burst_memory.$proc$library/axi_dmac/axi_dmac_burst_memory.v:290$5677'.
  created $dff cell `$procdff$8215' with positive edge clock.
Creating register for signal `$paramod$88d936154720f81d31a09e530dba3fef38790d39\axi_dmac_burst_memory.\dest_mem_data_valid' using process `$paramod$88d936154720f81d31a09e530dba3fef38790d39\axi_dmac_burst_memory.$proc$library/axi_dmac/axi_dmac_burst_memory.v:271$5673'.
  created $dff cell `$procdff$8216' with positive edge clock.
Creating register for signal `$paramod$88d936154720f81d31a09e530dba3fef38790d39\axi_dmac_burst_memory.\dest_valid' using process `$paramod$88d936154720f81d31a09e530dba3fef38790d39\axi_dmac_burst_memory.$proc$library/axi_dmac/axi_dmac_burst_memory.v:255$5669'.
  created $dff cell `$procdff$8217' with positive edge clock.
Creating register for signal `$paramod$88d936154720f81d31a09e530dba3fef38790d39\axi_dmac_burst_memory.$memwr$\burst_len_mem$library/axi_dmac/axi_dmac_burst_memory.v:236$5613_ADDR' using process `$paramod$88d936154720f81d31a09e530dba3fef38790d39\axi_dmac_burst_memory.$proc$library/axi_dmac/axi_dmac_burst_memory.v:234$5653'.
  created $dff cell `$procdff$8218' with positive edge clock.
Creating register for signal `$paramod$88d936154720f81d31a09e530dba3fef38790d39\axi_dmac_burst_memory.$memwr$\burst_len_mem$library/axi_dmac/axi_dmac_burst_memory.v:236$5613_DATA' using process `$paramod$88d936154720f81d31a09e530dba3fef38790d39\axi_dmac_burst_memory.$proc$library/axi_dmac/axi_dmac_burst_memory.v:234$5653'.
  created $dff cell `$procdff$8219' with positive edge clock.
Creating register for signal `$paramod$88d936154720f81d31a09e530dba3fef38790d39\axi_dmac_burst_memory.$memwr$\burst_len_mem$library/axi_dmac/axi_dmac_burst_memory.v:236$5613_EN' using process `$paramod$88d936154720f81d31a09e530dba3fef38790d39\axi_dmac_burst_memory.$proc$library/axi_dmac/axi_dmac_burst_memory.v:234$5653'.
  created $dff cell `$procdff$8220' with positive edge clock.
Creating register for signal `$paramod$88d936154720f81d31a09e530dba3fef38790d39\axi_dmac_burst_memory.\src_beat_counter' using process `$paramod$88d936154720f81d31a09e530dba3fef38790d39\axi_dmac_burst_memory.$proc$library/axi_dmac/axi_dmac_burst_memory.v:226$5647'.
  created $dff cell `$procdff$8221' with positive edge clock.
Creating register for signal `$paramod$88d936154720f81d31a09e530dba3fef38790d39\axi_dmac_burst_memory.\src_id' using process `$paramod$88d936154720f81d31a09e530dba3fef38790d39\axi_dmac_burst_memory.$proc$library/axi_dmac/axi_dmac_burst_memory.v:216$5644'.
  created $dff cell `$procdff$8222' with positive edge clock.
Creating register for signal `$paramod$88d936154720f81d31a09e530dba3fef38790d39\axi_dmac_burst_memory.\src_id_reduced_msb' using process `$paramod$88d936154720f81d31a09e530dba3fef38790d39\axi_dmac_burst_memory.$proc$library/axi_dmac/axi_dmac_burst_memory.v:216$5644'.
  created $dff cell `$procdff$8223' with positive edge clock.
Creating register for signal `$paramod$4f6dc395be3c3604eb10b08b083b96d2ec972d8f\util_axis_fifo.\zerodeep.genblk1.m_axis_raddr' using process `$paramod$4f6dc395be3c3604eb10b08b083b96d2ec972d8f\util_axis_fifo.$proc$library/util_axis_fifo/util_axis_fifo.v:130$5600'.
  created $dff cell `$procdff$8224' with positive edge clock.
Creating register for signal `$paramod$4f6dc395be3c3604eb10b08b083b96d2ec972d8f\util_axis_fifo.\zerodeep.genblk1.s_axis_waddr' using process `$paramod$4f6dc395be3c3604eb10b08b083b96d2ec972d8f\util_axis_fifo.$proc$library/util_axis_fifo/util_axis_fifo.v:122$5596'.
  created $dff cell `$procdff$8225' with positive edge clock.
Creating register for signal `$paramod$4f6dc395be3c3604eb10b08b083b96d2ec972d8f\util_axis_fifo.\zerodeep.genblk1.cdc_sync_fifo_ram' using process `$paramod$4f6dc395be3c3604eb10b08b083b96d2ec972d8f\util_axis_fifo.$proc$library/util_axis_fifo/util_axis_fifo.v:117$5592'.
  created $dff cell `$procdff$8226' with positive edge clock.
Creating register for signal `$paramod$83d09f0e74a4304d54a271ecff10511e78e32d78\util_axis_fifo.\zerodeep.genblk1.m_axis_raddr' using process `$paramod$83d09f0e74a4304d54a271ecff10511e78e32d78\util_axis_fifo.$proc$library/util_axis_fifo/util_axis_fifo.v:130$5582'.
  created $dff cell `$procdff$8227' with positive edge clock.
Creating register for signal `$paramod$83d09f0e74a4304d54a271ecff10511e78e32d78\util_axis_fifo.\zerodeep.genblk1.s_axis_waddr' using process `$paramod$83d09f0e74a4304d54a271ecff10511e78e32d78\util_axis_fifo.$proc$library/util_axis_fifo/util_axis_fifo.v:122$5578'.
  created $dff cell `$procdff$8228' with positive edge clock.
Creating register for signal `$paramod$83d09f0e74a4304d54a271ecff10511e78e32d78\util_axis_fifo.\zerodeep.genblk1.cdc_sync_fifo_ram' using process `$paramod$83d09f0e74a4304d54a271ecff10511e78e32d78\util_axis_fifo.$proc$library/util_axis_fifo/util_axis_fifo.v:117$5574'.
  created $dff cell `$procdff$8229' with positive edge clock.
Creating register for signal `$paramod$bcd9b23df7516666ebc299b907ab91e542f09a00\request_generator.\completion_req_valid' using process `$paramod$bcd9b23df7516666ebc299b907ab91e542f09a00\request_generator.$proc$library/axi_dmac/request_generator.v:243$5536'.
  created $dff cell `$procdff$8230' with positive edge clock.
Creating register for signal `$paramod$bcd9b23df7516666ebc299b907ab91e542f09a00\request_generator.\rew_transfer_id' using process `$paramod$bcd9b23df7516666ebc299b907ab91e542f09a00\request_generator.$proc$library/axi_dmac/request_generator.v:237$5532'.
  created $dff cell `$procdff$8231' with positive edge clock.
Creating register for signal `$paramod$bcd9b23df7516666ebc299b907ab91e542f09a00\request_generator.\rew_req_xlast' using process `$paramod$bcd9b23df7516666ebc299b907ab91e542f09a00\request_generator.$proc$library/axi_dmac/request_generator.v:237$5532'.
  created $dff cell `$procdff$8232' with positive edge clock.
Creating register for signal `$paramod$bcd9b23df7516666ebc299b907ab91e542f09a00\request_generator.\rew_id' using process `$paramod$bcd9b23df7516666ebc299b907ab91e542f09a00\request_generator.$proc$library/axi_dmac/request_generator.v:237$5532'.
  created $dff cell `$procdff$8233' with positive edge clock.
Creating register for signal `$paramod$bcd9b23df7516666ebc299b907ab91e542f09a00\request_generator.\state' using process `$paramod$bcd9b23df7516666ebc299b907ab91e542f09a00\request_generator.$proc$library/axi_dmac/request_generator.v:229$5530'.
  created $dff cell `$procdff$8234' with positive edge clock.
Creating register for signal `$paramod$bcd9b23df7516666ebc299b907ab91e542f09a00\request_generator.\cur_transfer_id' using process `$paramod$bcd9b23df7516666ebc299b907ab91e542f09a00\request_generator.$proc$library/axi_dmac/request_generator.v:148$5513'.
  created $dff cell `$procdff$8235' with positive edge clock.
Creating register for signal `$paramod$bcd9b23df7516666ebc299b907ab91e542f09a00\request_generator.\req_ready' using process `$paramod$bcd9b23df7516666ebc299b907ab91e542f09a00\request_generator.$proc$library/axi_dmac/request_generator.v:138$5507'.
  created $dff cell `$procdff$8236' with positive edge clock.
Creating register for signal `$paramod$bcd9b23df7516666ebc299b907ab91e542f09a00\request_generator.\id' using process `$paramod$bcd9b23df7516666ebc299b907ab91e542f09a00\request_generator.$proc$library/axi_dmac/request_generator.v:128$5503'.
  created $dff cell `$procdff$8237' with positive edge clock.
Creating register for signal `$paramod$bcd9b23df7516666ebc299b907ab91e542f09a00\request_generator.\cur_req_xlast' using process `$paramod$bcd9b23df7516666ebc299b907ab91e542f09a00\request_generator.$proc$library/axi_dmac/request_generator.v:121$5499'.
  created $dff cell `$procdff$8238' with positive edge clock.
Creating register for signal `$paramod$bcd9b23df7516666ebc299b907ab91e542f09a00\request_generator.\cur_burst_length' using process `$paramod$bcd9b23df7516666ebc299b907ab91e542f09a00\request_generator.$proc$library/axi_dmac/request_generator.v:121$5499'.
  created $dff cell `$procdff$8239' with positive edge clock.
Creating register for signal `$paramod$bcd9b23df7516666ebc299b907ab91e542f09a00\request_generator.\burst_count' using process `$paramod$bcd9b23df7516666ebc299b907ab91e542f09a00\request_generator.$proc$library/axi_dmac/request_generator.v:112$5494'.
  created $dff cell `$procdff$8240' with positive edge clock.
Creating register for signal `$paramod$d3875e1858f4ffe397651d6aac111ca353a91913\axi_dmac_response_manager.\to_complete_count' using process `$paramod$d3875e1858f4ffe397651d6aac111ca353a91913\axi_dmac_response_manager.$proc$library/axi_dmac/axi_dmac_response_manager.v:276$5464'.
  created $dff cell `$procdff$8241' with positive edge clock.
Creating register for signal `$paramod$d3875e1858f4ffe397651d6aac111ca353a91913\axi_dmac_response_manager.\transfer_id' using process `$paramod$d3875e1858f4ffe397651d6aac111ca353a91913\axi_dmac_response_manager.$proc$library/axi_dmac/axi_dmac_response_manager.v:267$5458'.
  created $dff cell `$procdff$8242' with positive edge clock.
Creating register for signal `$paramod$d3875e1858f4ffe397651d6aac111ca353a91913\axi_dmac_response_manager.\completion_req_ready' using process `$paramod$d3875e1858f4ffe397651d6aac111ca353a91913\axi_dmac_response_manager.$proc$library/axi_dmac/axi_dmac_response_manager.v:253$5453'.
  created $dff cell `$procdff$8243' with positive edge clock.
Creating register for signal `$paramod$d3875e1858f4ffe397651d6aac111ca353a91913\axi_dmac_response_manager.\completion_req_last_found' using process `$paramod$d3875e1858f4ffe397651d6aac111ca353a91913\axi_dmac_response_manager.$proc$library/axi_dmac/axi_dmac_response_manager.v:242$5447'.
  created $dff cell `$procdff$8244' with positive edge clock.
Creating register for signal `$paramod$d3875e1858f4ffe397651d6aac111ca353a91913\axi_dmac_response_manager.\state' using process `$paramod$d3875e1858f4ffe397651d6aac111ca353a91913\axi_dmac_response_manager.$proc$library/axi_dmac/axi_dmac_response_manager.v:230$5443'.
  created $dff cell `$procdff$8245' with positive edge clock.
Creating register for signal `$paramod$d3875e1858f4ffe397651d6aac111ca353a91913\axi_dmac_response_manager.\measured_burst_length' using process `$paramod$d3875e1858f4ffe397651d6aac111ca353a91913\axi_dmac_response_manager.$proc$library/axi_dmac/axi_dmac_response_manager.v:178$5429'.
  created $dff cell `$procdff$8246' with positive edge clock.
Creating register for signal `$paramod$d3875e1858f4ffe397651d6aac111ca353a91913\axi_dmac_response_manager.\response_valid' using process `$paramod$d3875e1858f4ffe397651d6aac111ca353a91913\axi_dmac_response_manager.$proc$library/axi_dmac/axi_dmac_response_manager.v:165$5423'.
  created $dff cell `$procdff$8247' with positive edge clock.
Creating register for signal `$paramod$d3875e1858f4ffe397651d6aac111ca353a91913\axi_dmac_response_manager.\response_dest_ready' using process `$paramod$d3875e1858f4ffe397651d6aac111ca353a91913\axi_dmac_response_manager.$proc$library/axi_dmac/axi_dmac_response_manager.v:153$5416'.
  created $dff cell `$procdff$8248' with positive edge clock.
Creating register for signal `$paramod$d3875e1858f4ffe397651d6aac111ca353a91913\axi_dmac_response_manager.\req_eot' using process `$paramod$d3875e1858f4ffe397651d6aac111ca353a91913\axi_dmac_response_manager.$proc$library/axi_dmac/axi_dmac_response_manager.v:140$5413'.
  created $dff cell `$procdff$8249' with positive edge clock.
Creating register for signal `$paramod$d3875e1858f4ffe397651d6aac111ca353a91913\axi_dmac_response_manager.\req_response_partial' using process `$paramod$d3875e1858f4ffe397651d6aac111ca353a91913\axi_dmac_response_manager.$proc$library/axi_dmac/axi_dmac_response_manager.v:140$5413'.
  created $dff cell `$procdff$8250' with positive edge clock.
Creating register for signal `$paramod$d3875e1858f4ffe397651d6aac111ca353a91913\axi_dmac_response_manager.\req_response_dest_data_burst_length' using process `$paramod$d3875e1858f4ffe397651d6aac111ca353a91913\axi_dmac_response_manager.$proc$library/axi_dmac/axi_dmac_response_manager.v:140$5413'.
  created $dff cell `$procdff$8251' with positive edge clock.
Creating register for signal `$paramod$f1a4a0376ec5b1cd544bc83756eb60eb1eb132ac\dest_axi_mm.$memwr$\bl_mem$library/axi_dmac/dest_axi_mm.v:187$5404_ADDR' using process `$paramod$f1a4a0376ec5b1cd544bc83756eb60eb1eb132ac\dest_axi_mm.$proc$library/axi_dmac/dest_axi_mm.v:185$5406'.
  created $dff cell `$procdff$8252' with positive edge clock.
Creating register for signal `$paramod$f1a4a0376ec5b1cd544bc83756eb60eb1eb132ac\dest_axi_mm.$memwr$\bl_mem$library/axi_dmac/dest_axi_mm.v:187$5404_DATA' using process `$paramod$f1a4a0376ec5b1cd544bc83756eb60eb1eb132ac\dest_axi_mm.$proc$library/axi_dmac/dest_axi_mm.v:185$5406'.
  created $dff cell `$procdff$8253' with positive edge clock.
Creating register for signal `$paramod$f1a4a0376ec5b1cd544bc83756eb60eb1eb132ac\dest_axi_mm.$memwr$\bl_mem$library/axi_dmac/dest_axi_mm.v:187$5404_EN' using process `$paramod$f1a4a0376ec5b1cd544bc83756eb60eb1eb132ac\dest_axi_mm.$proc$library/axi_dmac/dest_axi_mm.v:185$5406'.
  created $dff cell `$procdff$8254' with positive edge clock.
Creating register for signal `$paramod$1afe8ab17c8e13c231534502ea4d2d40af485178\util_axis_fifo.\zerodeep.genblk1.m_axis_raddr' using process `$paramod$1afe8ab17c8e13c231534502ea4d2d40af485178\util_axis_fifo.$proc$library/util_axis_fifo/util_axis_fifo.v:130$5398'.
  created $dff cell `$procdff$8255' with positive edge clock.
Creating register for signal `$paramod$1afe8ab17c8e13c231534502ea4d2d40af485178\util_axis_fifo.\zerodeep.genblk1.s_axis_waddr' using process `$paramod$1afe8ab17c8e13c231534502ea4d2d40af485178\util_axis_fifo.$proc$library/util_axis_fifo/util_axis_fifo.v:122$5394'.
  created $dff cell `$procdff$8256' with positive edge clock.
Creating register for signal `$paramod$1afe8ab17c8e13c231534502ea4d2d40af485178\util_axis_fifo.\zerodeep.genblk1.cdc_sync_fifo_ram' using process `$paramod$1afe8ab17c8e13c231534502ea4d2d40af485178\util_axis_fifo.$proc$library/util_axis_fifo/util_axis_fifo.v:117$5390'.
  created $dff cell `$procdff$8257' with positive edge clock.
Creating register for signal `$paramod$c73d97a04183e90b57fb702ee7fd8f2a25156d08\src_fifo_inf.\overflow' using process `$paramod$c73d97a04183e90b57fb702ee7fd8f2a25156d08\src_fifo_inf.$proc$library/axi_dmac/src_fifo_inf.v:82$5383'.
  created $dff cell `$procdff$8258' with positive edge clock.
Creating register for signal `$paramod$01924709da0140cfdd64eb4a6092b021ce3e2f20\util_axis_fifo.\zerodeep.genblk1.m_axis_raddr' using process `$paramod$01924709da0140cfdd64eb4a6092b021ce3e2f20\util_axis_fifo.$proc$library/util_axis_fifo/util_axis_fifo.v:130$5377'.
  created $dff cell `$procdff$8259' with positive edge clock.
Creating register for signal `$paramod$01924709da0140cfdd64eb4a6092b021ce3e2f20\util_axis_fifo.\zerodeep.genblk1.s_axis_waddr' using process `$paramod$01924709da0140cfdd64eb4a6092b021ce3e2f20\util_axis_fifo.$proc$library/util_axis_fifo/util_axis_fifo.v:122$5373'.
  created $dff cell `$procdff$8260' with positive edge clock.
Creating register for signal `$paramod$01924709da0140cfdd64eb4a6092b021ce3e2f20\util_axis_fifo.\zerodeep.genblk1.cdc_sync_fifo_ram' using process `$paramod$01924709da0140cfdd64eb4a6092b021ce3e2f20\util_axis_fifo.$proc$library/util_axis_fifo/util_axis_fifo.v:117$5369'.
  created $dff cell `$procdff$8261' with positive edge clock.
Creating register for signal `$paramod$e8d354e3749300844a280719bbc42e2d437f7dde\sync_bits.\genblk1.cdc_sync_stage1' using process `$paramod$e8d354e3749300844a280719bbc42e2d437f7dde\sync_bits.$proc$library/util_cdc/sync_bits.v:64$5361'.
  created $dff cell `$procdff$8262' with positive edge clock.
Creating register for signal `$paramod$e8d354e3749300844a280719bbc42e2d437f7dde\sync_bits.\genblk1.cdc_sync_stage2' using process `$paramod$e8d354e3749300844a280719bbc42e2d437f7dde\sync_bits.$proc$library/util_cdc/sync_bits.v:64$5361'.
  created $dff cell `$procdff$8263' with positive edge clock.
Creating register for signal `$paramod$ef74037a4828f83e971864de197da12792059f44\ad_mem_asym.\doutb' using process `$paramod$ef74037a4828f83e971864de197da12792059f44\ad_mem_asym.$proc$library/common/ad_mem_asym.v:124$6383'.
  created $dff cell `$procdff$8264' with positive edge clock.
Creating register for signal `$paramod$ef74037a4828f83e971864de197da12792059f44\ad_mem_asym.$memwr$\m_ram$library/common/ad_mem_asym.v:97$6374_ADDR' using process `$paramod$ef74037a4828f83e971864de197da12792059f44\ad_mem_asym.$proc$library/common/ad_mem_asym.v:95$6375'.
  created $dff cell `$procdff$8265' with positive edge clock.
Creating register for signal `$paramod$ef74037a4828f83e971864de197da12792059f44\ad_mem_asym.$memwr$\m_ram$library/common/ad_mem_asym.v:97$6374_DATA' using process `$paramod$ef74037a4828f83e971864de197da12792059f44\ad_mem_asym.$proc$library/common/ad_mem_asym.v:95$6375'.
  created $dff cell `$procdff$8266' with positive edge clock.
Creating register for signal `$paramod$ef74037a4828f83e971864de197da12792059f44\ad_mem_asym.$memwr$\m_ram$library/common/ad_mem_asym.v:97$6374_EN' using process `$paramod$ef74037a4828f83e971864de197da12792059f44\ad_mem_asym.$proc$library/common/ad_mem_asym.v:95$6375'.
  created $dff cell `$procdff$8267' with positive edge clock.
Creating register for signal `$paramod$23ac77f1046f06f32557b49c4671eb40ed5df477\util_axis_fifo_address_generator.\m_axis_raddr_reg' using process `$paramod$23ac77f1046f06f32557b49c4671eb40ed5df477\util_axis_fifo_address_generator.$proc$library/util_axis_fifo/util_axis_fifo_address_generator.v:100$6087'.
  created $dff cell `$procdff$8268' with positive edge clock.
Creating register for signal `$paramod$23ac77f1046f06f32557b49c4671eb40ed5df477\util_axis_fifo_address_generator.\s_axis_waddr_reg' using process `$paramod$23ac77f1046f06f32557b49c4671eb40ed5df477\util_axis_fifo_address_generator.$proc$library/util_axis_fifo/util_axis_fifo_address_generator.v:88$6081'.
  created $dff cell `$procdff$8269' with positive edge clock.
Creating register for signal `$paramod$0573c57a527b1c3f127d8cea0e3678bdf02916ed\util_axis_fifo.\fifo.sync_clocks.genblk1.data' using process `$paramod$0573c57a527b1c3f127d8cea0e3678bdf02916ed\util_axis_fifo.$proc$library/util_axis_fifo/util_axis_fifo.v:343$5191'.
  created $dff cell `$procdff$8270' with positive edge clock.
Creating register for signal `$paramod$0573c57a527b1c3f127d8cea0e3678bdf02916ed\util_axis_fifo.$memwr$\fifo.sync_clocks.ram$library/util_axis_fifo/util_axis_fifo.v:336$5177_ADDR' using process `$paramod$0573c57a527b1c3f127d8cea0e3678bdf02916ed\util_axis_fifo.$proc$library/util_axis_fifo/util_axis_fifo.v:334$5184'.
  created $dff cell `$procdff$8271' with positive edge clock.
Creating register for signal `$paramod$0573c57a527b1c3f127d8cea0e3678bdf02916ed\util_axis_fifo.$memwr$\fifo.sync_clocks.ram$library/util_axis_fifo/util_axis_fifo.v:336$5177_DATA' using process `$paramod$0573c57a527b1c3f127d8cea0e3678bdf02916ed\util_axis_fifo.$proc$library/util_axis_fifo/util_axis_fifo.v:334$5184'.
  created $dff cell `$procdff$8272' with positive edge clock.
Creating register for signal `$paramod$0573c57a527b1c3f127d8cea0e3678bdf02916ed\util_axis_fifo.$memwr$\fifo.sync_clocks.ram$library/util_axis_fifo/util_axis_fifo.v:336$5177_EN' using process `$paramod$0573c57a527b1c3f127d8cea0e3678bdf02916ed\util_axis_fifo.$proc$library/util_axis_fifo/util_axis_fifo.v:334$5184'.
  created $dff cell `$procdff$8273' with positive edge clock.
Creating register for signal `$paramod$0573c57a527b1c3f127d8cea0e3678bdf02916ed\util_axis_fifo.\fifo.valid' using process `$paramod$0573c57a527b1c3f127d8cea0e3678bdf02916ed\util_axis_fifo.$proc$library/util_axis_fifo/util_axis_fifo.v:241$5178'.
  created $dff cell `$procdff$8274' with positive edge clock.
Creating register for signal `$paramod$b07e28671be3e23be94c7c6e0f81842dcc69e542\axi_dmac_regmap_request.\up_tlf_s_valid' using process `$paramod$b07e28671be3e23be94c7c6e0f81842dcc69e542\axi_dmac_regmap_request.$proc$library/axi_dmac/axi_dmac_regmap_request.v:425$6056'.
  created $dff cell `$procdff$8275' with positive edge clock.
Creating register for signal `$paramod$b07e28671be3e23be94c7c6e0f81842dcc69e542\axi_dmac_regmap_request.\up_clear_tl' using process `$paramod$b07e28671be3e23be94c7c6e0f81842dcc69e542\axi_dmac_regmap_request.$proc$library/axi_dmac/axi_dmac_regmap_request.v:425$6056'.
  created $dff cell `$procdff$8276' with positive edge clock.
Creating register for signal `$paramod$b07e28671be3e23be94c7c6e0f81842dcc69e542\axi_dmac_regmap_request.\response_ready' using process `$paramod$b07e28671be3e23be94c7c6e0f81842dcc69e542\axi_dmac_regmap_request.$proc$library/axi_dmac/axi_dmac_regmap_request.v:415$6051'.
  created $dff cell `$procdff$8277' with positive edge clock.
Creating register for signal `$paramod$b07e28671be3e23be94c7c6e0f81842dcc69e542\axi_dmac_regmap_request.\up_transfer_id_eot_d' using process `$paramod$b07e28671be3e23be94c7c6e0f81842dcc69e542\axi_dmac_regmap_request.$proc$library/axi_dmac/axi_dmac_regmap_request.v:409$6047'.
  created $dff cell `$procdff$8278' with positive edge clock.
Creating register for signal `$paramod$b07e28671be3e23be94c7c6e0f81842dcc69e542\axi_dmac_regmap_request.\up_measured_transfer_length' using process `$paramod$b07e28671be3e23be94c7c6e0f81842dcc69e542\axi_dmac_regmap_request.$proc$library/axi_dmac/axi_dmac_regmap_request.v:399$6039'.
  created $dff cell `$procdff$8279' with positive edge clock.
Creating register for signal `$paramod$b07e28671be3e23be94c7c6e0f81842dcc69e542\axi_dmac_regmap_request.\up_partial_length_valid' using process `$paramod$b07e28671be3e23be94c7c6e0f81842dcc69e542\axi_dmac_regmap_request.$proc$library/axi_dmac/axi_dmac_regmap_request.v:385$6034'.
  created $dff cell `$procdff$8280' with positive edge clock.
Creating register for signal `$paramod$b07e28671be3e23be94c7c6e0f81842dcc69e542\axi_dmac_regmap_request.\up_transfer_id' using process `$paramod$b07e28671be3e23be94c7c6e0f81842dcc69e542\axi_dmac_regmap_request.$proc$library/axi_dmac/axi_dmac_regmap_request.v:364$5999'.
  created $dff cell `$procdff$8281' with positive edge clock.
Creating register for signal `$paramod$b07e28671be3e23be94c7c6e0f81842dcc69e542\axi_dmac_regmap_request.\up_transfer_id_eot' using process `$paramod$b07e28671be3e23be94c7c6e0f81842dcc69e542\axi_dmac_regmap_request.$proc$library/axi_dmac/axi_dmac_regmap_request.v:364$5999'.
  created $dff cell `$procdff$8282' with positive edge clock.
Creating register for signal `$paramod$b07e28671be3e23be94c7c6e0f81842dcc69e542\axi_dmac_regmap_request.\up_transfer_done_bitmap' using process `$paramod$b07e28671be3e23be94c7c6e0f81842dcc69e542\axi_dmac_regmap_request.$proc$library/axi_dmac/axi_dmac_regmap_request.v:364$5999'.
  created $dff cell `$procdff$8283' with positive edge clock.
Creating register for signal `$paramod$b07e28671be3e23be94c7c6e0f81842dcc69e542\axi_dmac_regmap_request.$bitselwrite$pos$library/axi_dmac/axi_dmac_regmap_request.v:372$5976' using process `$paramod$b07e28671be3e23be94c7c6e0f81842dcc69e542\axi_dmac_regmap_request.$proc$library/axi_dmac/axi_dmac_regmap_request.v:364$5999'.
  created $dff cell `$procdff$8284' with positive edge clock.
Creating register for signal `$paramod$b07e28671be3e23be94c7c6e0f81842dcc69e542\axi_dmac_regmap_request.$bitselwrite$pos$library/axi_dmac/axi_dmac_regmap_request.v:377$5977' using process `$paramod$b07e28671be3e23be94c7c6e0f81842dcc69e542\axi_dmac_regmap_request.$proc$library/axi_dmac/axi_dmac_regmap_request.v:364$5999'.
  created $dff cell `$procdff$8285' with positive edge clock.
Creating register for signal `$paramod$b07e28671be3e23be94c7c6e0f81842dcc69e542\axi_dmac_regmap_request.$lookahead\up_transfer_done_bitmap$5998' using process `$paramod$b07e28671be3e23be94c7c6e0f81842dcc69e542\axi_dmac_regmap_request.$proc$library/axi_dmac/axi_dmac_regmap_request.v:364$5999'.
  created $dff cell `$procdff$8286' with positive edge clock.
Creating register for signal `$paramod$b07e28671be3e23be94c7c6e0f81842dcc69e542\axi_dmac_regmap_request.\up_dma_req_valid' using process `$paramod$b07e28671be3e23be94c7c6e0f81842dcc69e542\axi_dmac_regmap_request.$proc$library/axi_dmac/axi_dmac_regmap_request.v:165$5978'.
  created $dff cell `$procdff$8287' with positive edge clock.
Creating register for signal `$paramod$b07e28671be3e23be94c7c6e0f81842dcc69e542\axi_dmac_regmap_request.\up_dma_dest_address' using process `$paramod$b07e28671be3e23be94c7c6e0f81842dcc69e542\axi_dmac_regmap_request.$proc$library/axi_dmac/axi_dmac_regmap_request.v:165$5978'.
  created $dff cell `$procdff$8288' with positive edge clock.
Creating register for signal `$paramod$b07e28671be3e23be94c7c6e0f81842dcc69e542\axi_dmac_regmap_request.\up_dma_src_address' using process `$paramod$b07e28671be3e23be94c7c6e0f81842dcc69e542\axi_dmac_regmap_request.$proc$library/axi_dmac/axi_dmac_regmap_request.v:165$5978'.
  created $dff cell `$procdff$8289' with positive edge clock.
Creating register for signal `$paramod$b07e28671be3e23be94c7c6e0f81842dcc69e542\axi_dmac_regmap_request.\up_dma_x_length [23:3]' using process `$paramod$b07e28671be3e23be94c7c6e0f81842dcc69e542\axi_dmac_regmap_request.$proc$library/axi_dmac/axi_dmac_regmap_request.v:165$5978'.
  created $dff cell `$procdff$8290' with positive edge clock.
Creating register for signal `$paramod$b07e28671be3e23be94c7c6e0f81842dcc69e542\axi_dmac_regmap_request.\up_dma_cyclic' using process `$paramod$b07e28671be3e23be94c7c6e0f81842dcc69e542\axi_dmac_regmap_request.$proc$library/axi_dmac/axi_dmac_regmap_request.v:165$5978'.
  created $dff cell `$procdff$8291' with positive edge clock.
Creating register for signal `$paramod$b07e28671be3e23be94c7c6e0f81842dcc69e542\axi_dmac_regmap_request.\up_dma_last' using process `$paramod$b07e28671be3e23be94c7c6e0f81842dcc69e542\axi_dmac_regmap_request.$proc$library/axi_dmac/axi_dmac_regmap_request.v:165$5978'.
  created $dff cell `$procdff$8292' with positive edge clock.
Creating register for signal `$paramod$b07e28671be3e23be94c7c6e0f81842dcc69e542\axi_dmac_regmap_request.\up_dma_enable_tlen_reporting' using process `$paramod$b07e28671be3e23be94c7c6e0f81842dcc69e542\axi_dmac_regmap_request.$proc$library/axi_dmac/axi_dmac_regmap_request.v:165$5978'.
  created $dff cell `$procdff$8293' with positive edge clock.
Creating register for signal `$paramod$6c352b980fb6ac9a4dc438bf4354d86f75530c37\address_generator.\id' using process `$paramod$6c352b980fb6ac9a4dc438bf4354d86f75530c37\address_generator.$proc$library/axi_dmac/address_generator.v:178$6327'.
  created $dff cell `$procdff$8294' with positive edge clock.
Creating register for signal `$paramod$6c352b980fb6ac9a4dc438bf4354d86f75530c37\address_generator.\inc_id$func$library/axi_dmac/address_generator.v:182$6281.$result' using process `$paramod$6c352b980fb6ac9a4dc438bf4354d86f75530c37\address_generator.$proc$library/axi_dmac/address_generator.v:178$6327'.
  created $dff cell `$procdff$8295' with positive edge clock.
Creating register for signal `$paramod$6c352b980fb6ac9a4dc438bf4354d86f75530c37\address_generator.\inc_id$func$library/axi_dmac/address_generator.v:182$6281.id' using process `$paramod$6c352b980fb6ac9a4dc438bf4354d86f75530c37\address_generator.$proc$library/axi_dmac/address_generator.v:178$6327'.
  created $dff cell `$procdff$8296' with positive edge clock.
Creating register for signal `$paramod$6c352b980fb6ac9a4dc438bf4354d86f75530c37\address_generator.\g2b$func$library/axi_dmac/inc_id.vh:65$6282.$result' using process `$paramod$6c352b980fb6ac9a4dc438bf4354d86f75530c37\address_generator.$proc$library/axi_dmac/address_generator.v:178$6327'.
  created $dff cell `$procdff$8297' with positive edge clock.
Creating register for signal `$paramod$6c352b980fb6ac9a4dc438bf4354d86f75530c37\address_generator.\g2b$func$library/axi_dmac/inc_id.vh:65$6282.g' using process `$paramod$6c352b980fb6ac9a4dc438bf4354d86f75530c37\address_generator.$proc$library/axi_dmac/address_generator.v:178$6327'.
  created $dff cell `$procdff$8298' with positive edge clock.
Creating register for signal `$paramod$6c352b980fb6ac9a4dc438bf4354d86f75530c37\address_generator.\g2b$func$library/axi_dmac/inc_id.vh:65$6282.b' using process `$paramod$6c352b980fb6ac9a4dc438bf4354d86f75530c37\address_generator.$proc$library/axi_dmac/address_generator.v:178$6327'.
  created $dff cell `$procdff$8299' with positive edge clock.
Creating register for signal `$paramod$6c352b980fb6ac9a4dc438bf4354d86f75530c37\address_generator.\g2b$func$library/axi_dmac/inc_id.vh:65$6282.i' using process `$paramod$6c352b980fb6ac9a4dc438bf4354d86f75530c37\address_generator.$proc$library/axi_dmac/address_generator.v:178$6327'.
  created $dff cell `$procdff$8300' with positive edge clock.
Creating register for signal `$paramod$6c352b980fb6ac9a4dc438bf4354d86f75530c37\address_generator.\b2g$func$library/axi_dmac/inc_id.vh:65$6283.$result' using process `$paramod$6c352b980fb6ac9a4dc438bf4354d86f75530c37\address_generator.$proc$library/axi_dmac/address_generator.v:178$6327'.
  created $dff cell `$procdff$8301' with positive edge clock.
Creating register for signal `$paramod$6c352b980fb6ac9a4dc438bf4354d86f75530c37\address_generator.\b2g$func$library/axi_dmac/inc_id.vh:65$6283.b' using process `$paramod$6c352b980fb6ac9a4dc438bf4354d86f75530c37\address_generator.$proc$library/axi_dmac/address_generator.v:178$6327'.
  created $dff cell `$procdff$8302' with positive edge clock.
Creating register for signal `$paramod$6c352b980fb6ac9a4dc438bf4354d86f75530c37\address_generator.\b2g$func$library/axi_dmac/inc_id.vh:65$6283.g' using process `$paramod$6c352b980fb6ac9a4dc438bf4354d86f75530c37\address_generator.$proc$library/axi_dmac/address_generator.v:178$6327'.
  created $dff cell `$procdff$8303' with positive edge clock.
Creating register for signal `$paramod$6c352b980fb6ac9a4dc438bf4354d86f75530c37\address_generator.\b2g$func$library/axi_dmac/inc_id.vh:65$6283.i' using process `$paramod$6c352b980fb6ac9a4dc438bf4354d86f75530c37\address_generator.$proc$library/axi_dmac/address_generator.v:178$6327'.
  created $dff cell `$procdff$8304' with positive edge clock.
Creating register for signal `$paramod$6c352b980fb6ac9a4dc438bf4354d86f75530c37\address_generator.\addr_valid_d1' using process `$paramod$6c352b980fb6ac9a4dc438bf4354d86f75530c37\address_generator.$proc$library/axi_dmac/address_generator.v:174$6326'.
  created $dff cell `$procdff$8305' with positive edge clock.
Creating register for signal `$paramod$6c352b980fb6ac9a4dc438bf4354d86f75530c37\address_generator.\req_ready' using process `$paramod$6c352b980fb6ac9a4dc438bf4354d86f75530c37\address_generator.$proc$library/axi_dmac/address_generator.v:155$6311'.
  created $dff cell `$procdff$8306' with positive edge clock.
Creating register for signal `$paramod$6c352b980fb6ac9a4dc438bf4354d86f75530c37\address_generator.\addr_valid' using process `$paramod$6c352b980fb6ac9a4dc438bf4354d86f75530c37\address_generator.$proc$library/axi_dmac/address_generator.v:155$6311'.
  created $dff cell `$procdff$8307' with positive edge clock.
Creating register for signal `$paramod$6c352b980fb6ac9a4dc438bf4354d86f75530c37\address_generator.\bl_ready' using process `$paramod$6c352b980fb6ac9a4dc438bf4354d86f75530c37\address_generator.$proc$library/axi_dmac/address_generator.v:140$6301'.
  created $dff cell `$procdff$8308' with positive edge clock.
Creating register for signal `$paramod$6c352b980fb6ac9a4dc438bf4354d86f75530c37\address_generator.\address' using process `$paramod$6c352b980fb6ac9a4dc438bf4354d86f75530c37\address_generator.$proc$library/axi_dmac/address_generator.v:132$6295'.
  created $dff cell `$procdff$8309' with positive edge clock.
Creating register for signal `$paramod$6c352b980fb6ac9a4dc438bf4354d86f75530c37\address_generator.\length' using process `$paramod$6c352b980fb6ac9a4dc438bf4354d86f75530c37\address_generator.$proc$library/axi_dmac/address_generator.v:121$6292'.
  created $dff cell `$procdff$8310' with positive edge clock.
Creating register for signal `$paramod$6c352b980fb6ac9a4dc438bf4354d86f75530c37\address_generator.\last' using process `$paramod$6c352b980fb6ac9a4dc438bf4354d86f75530c37\address_generator.$proc$library/axi_dmac/address_generator.v:121$6292'.
  created $dff cell `$procdff$8311' with positive edge clock.
Creating register for signal `$paramod$6c352b980fb6ac9a4dc438bf4354d86f75530c37\address_generator.\last_burst_len' using process `$paramod$6c352b980fb6ac9a4dc438bf4354d86f75530c37\address_generator.$proc$library/axi_dmac/address_generator.v:115$6288'.
  created $dff cell `$procdff$8312' with positive edge clock.
Creating register for signal `$paramod$6c352b980fb6ac9a4dc438bf4354d86f75530c37\address_generator.\enabled' using process `$paramod$6c352b980fb6ac9a4dc438bf4354d86f75530c37\address_generator.$proc$library/axi_dmac/address_generator.v:105$6284'.
  created $dff cell `$procdff$8313' with positive edge clock.
Creating register for signal `$paramod$377a945232991b12a6e8c778b58c3f929857479a\axi_dmac_reset_manager.\reset_gen[2].genblk1.reset_sync' using process `$paramod$377a945232991b12a6e8c778b58c3f929857479a\axi_dmac_reset_manager.$proc$library/axi_dmac/axi_dmac_reset_manager.v:261$5146'.
  created $dff cell `$procdff$8314' with positive edge clock.
Creating register for signal `$paramod$377a945232991b12a6e8c778b58c3f929857479a\axi_dmac_reset_manager.\reset_gen[2].genblk1.reset_async' using process `$paramod$377a945232991b12a6e8c778b58c3f929857479a\axi_dmac_reset_manager.$proc$library/axi_dmac/axi_dmac_reset_manager.v:253$5144'.
  created $adff cell `$procdff$8317' with positive edge clock and positive level reset.
Creating register for signal `$paramod$377a945232991b12a6e8c778b58c3f929857479a\axi_dmac_reset_manager.\reset_gen[2].genblk1.reset_sync_in' using process `$paramod$377a945232991b12a6e8c778b58c3f929857479a\axi_dmac_reset_manager.$proc$library/axi_dmac/axi_dmac_reset_manager.v:245$5142'.
  created $adff cell `$procdff$8320' with positive edge clock and positive level reset.
Creating register for signal `$paramod$377a945232991b12a6e8c778b58c3f929857479a\axi_dmac_reset_manager.\reset_gen[1].genblk1.reset_sync' using process `$paramod$377a945232991b12a6e8c778b58c3f929857479a\axi_dmac_reset_manager.$proc$library/axi_dmac/axi_dmac_reset_manager.v:261$5141'.
  created $dff cell `$procdff$8321' with positive edge clock.
Creating register for signal `$paramod$377a945232991b12a6e8c778b58c3f929857479a\axi_dmac_reset_manager.\reset_gen[1].genblk1.reset_async' using process `$paramod$377a945232991b12a6e8c778b58c3f929857479a\axi_dmac_reset_manager.$proc$library/axi_dmac/axi_dmac_reset_manager.v:253$5139'.
  created $adff cell `$procdff$8324' with positive edge clock and positive level reset.
Creating register for signal `$paramod$377a945232991b12a6e8c778b58c3f929857479a\axi_dmac_reset_manager.\reset_gen[1].genblk1.reset_sync_in' using process `$paramod$377a945232991b12a6e8c778b58c3f929857479a\axi_dmac_reset_manager.$proc$library/axi_dmac/axi_dmac_reset_manager.v:245$5137'.
  created $adff cell `$procdff$8327' with positive edge clock and positive level reset.
Creating register for signal `$paramod$377a945232991b12a6e8c778b58c3f929857479a\axi_dmac_reset_manager.\reset_gen[0].genblk1.reset_sync' using process `$paramod$377a945232991b12a6e8c778b58c3f929857479a\axi_dmac_reset_manager.$proc$library/axi_dmac/axi_dmac_reset_manager.v:261$5136'.
  created $dff cell `$procdff$8328' with positive edge clock.
Creating register for signal `$paramod$377a945232991b12a6e8c778b58c3f929857479a\axi_dmac_reset_manager.\reset_gen[0].genblk1.reset_async' using process `$paramod$377a945232991b12a6e8c778b58c3f929857479a\axi_dmac_reset_manager.$proc$library/axi_dmac/axi_dmac_reset_manager.v:253$5134'.
  created $adff cell `$procdff$8331' with positive edge clock and positive level reset.
Creating register for signal `$paramod$377a945232991b12a6e8c778b58c3f929857479a\axi_dmac_reset_manager.\reset_gen[0].genblk1.reset_sync_in' using process `$paramod$377a945232991b12a6e8c778b58c3f929857479a\axi_dmac_reset_manager.$proc$library/axi_dmac/axi_dmac_reset_manager.v:245$5132'.
  created $adff cell `$procdff$8334' with positive edge clock and positive level reset.
Creating register for signal `$paramod$377a945232991b12a6e8c778b58c3f929857479a\axi_dmac_reset_manager.\state' using process `$paramod$377a945232991b12a6e8c778b58c3f929857479a\axi_dmac_reset_manager.$proc$library/axi_dmac/axi_dmac_reset_manager.v:167$5112'.
  created $dff cell `$procdff$8335' with positive edge clock.
Creating register for signal `$paramod$377a945232991b12a6e8c778b58c3f929857479a\axi_dmac_reset_manager.\needs_reset' using process `$paramod$377a945232991b12a6e8c778b58c3f929857479a\axi_dmac_reset_manager.$proc$library/axi_dmac/axi_dmac_reset_manager.v:159$5109'.
  created $dff cell `$procdff$8336' with positive edge clock.
Creating register for signal `$paramod$377a945232991b12a6e8c778b58c3f929857479a\axi_dmac_reset_manager.\do_enable' using process `$paramod$377a945232991b12a6e8c778b58c3f929857479a\axi_dmac_reset_manager.$proc$library/axi_dmac/axi_dmac_reset_manager.v:124$5105'.
  created $dff cell `$procdff$8337' with positive edge clock.
Creating register for signal `$paramod$377a945232991b12a6e8c778b58c3f929857479a\axi_dmac_reset_manager.\do_reset' using process `$paramod$377a945232991b12a6e8c778b58c3f929857479a\axi_dmac_reset_manager.$proc$library/axi_dmac/axi_dmac_reset_manager.v:116$5103'.
  created $dff cell `$procdff$8338' with positive edge clock.
Creating register for signal `$paramod$0ddd129b71ea7e3caf9a33fca8f56446f090786c\request_arb.\src_dest_valid_hs' using process `$paramod$0ddd129b71ea7e3caf9a33fca8f56446f090786c\request_arb.$proc$library/axi_dmac/request_arb.v:1107$5084'.
  created $dff cell `$procdff$8339' with positive edge clock.
Creating register for signal `$paramod$0ddd129b71ea7e3caf9a33fca8f56446f090786c\request_arb.\src_req_dest_address_cur' using process `$paramod$0ddd129b71ea7e3caf9a33fca8f56446f090786c\request_arb.$proc$library/axi_dmac/request_arb.v:1099$5080'.
  created $dff cell `$procdff$8340' with positive edge clock.
Creating register for signal `$paramod$0ddd129b71ea7e3caf9a33fca8f56446f090786c\request_arb.\src_req_xlast_cur' using process `$paramod$0ddd129b71ea7e3caf9a33fca8f56446f090786c\request_arb.$proc$library/axi_dmac/request_arb.v:1099$5080'.
  created $dff cell `$procdff$8341' with positive edge clock.
Creating register for signal `$paramod$0ddd129b71ea7e3caf9a33fca8f56446f090786c\request_arb.\src_req_islast_cur' using process `$paramod$0ddd129b71ea7e3caf9a33fca8f56446f090786c\request_arb.$proc$library/axi_dmac/request_arb.v:1099$5080'.
  created $dff cell `$procdff$8342' with positive edge clock.
Creating register for signal `$paramod$0ddd129b71ea7e3caf9a33fca8f56446f090786c\request_arb.\src_throttled_request_id' using process `$paramod$0ddd129b71ea7e3caf9a33fca8f56446f090786c\request_arb.$proc$library/axi_dmac/request_arb.v:933$5007'.
  created $dff cell `$procdff$8343' with positive edge clock.
Creating register for signal `$paramod$0ddd129b71ea7e3caf9a33fca8f56446f090786c\request_arb.\compare_id$func$library/axi_dmac/request_arb.v:939$4993.$result' using process `$paramod$0ddd129b71ea7e3caf9a33fca8f56446f090786c\request_arb.$proc$library/axi_dmac/request_arb.v:933$5007'.
  created $dff cell `$procdff$8344' with positive edge clock.
Creating register for signal `$paramod$0ddd129b71ea7e3caf9a33fca8f56446f090786c\request_arb.\compare_id$func$library/axi_dmac/request_arb.v:939$4993.a' using process `$paramod$0ddd129b71ea7e3caf9a33fca8f56446f090786c\request_arb.$proc$library/axi_dmac/request_arb.v:933$5007'.
  created $dff cell `$procdff$8345' with positive edge clock.
Creating register for signal `$paramod$0ddd129b71ea7e3caf9a33fca8f56446f090786c\request_arb.\compare_id$func$library/axi_dmac/request_arb.v:939$4993.b' using process `$paramod$0ddd129b71ea7e3caf9a33fca8f56446f090786c\request_arb.$proc$library/axi_dmac/request_arb.v:933$5007'.
  created $dff cell `$procdff$8346' with positive edge clock.
Creating register for signal `$paramod$0ddd129b71ea7e3caf9a33fca8f56446f090786c\request_arb.\inc_id$func$library/axi_dmac/request_arb.v:941$4994.$result' using process `$paramod$0ddd129b71ea7e3caf9a33fca8f56446f090786c\request_arb.$proc$library/axi_dmac/request_arb.v:933$5007'.
  created $dff cell `$procdff$8347' with positive edge clock.
Creating register for signal `$paramod$0ddd129b71ea7e3caf9a33fca8f56446f090786c\request_arb.\inc_id$func$library/axi_dmac/request_arb.v:941$4994.id' using process `$paramod$0ddd129b71ea7e3caf9a33fca8f56446f090786c\request_arb.$proc$library/axi_dmac/request_arb.v:933$5007'.
  created $dff cell `$procdff$8348' with positive edge clock.
Creating register for signal `$paramod$0ddd129b71ea7e3caf9a33fca8f56446f090786c\request_arb.\g2b$func$library/axi_dmac/inc_id.vh:65$4995.$result' using process `$paramod$0ddd129b71ea7e3caf9a33fca8f56446f090786c\request_arb.$proc$library/axi_dmac/request_arb.v:933$5007'.
  created $dff cell `$procdff$8349' with positive edge clock.
Creating register for signal `$paramod$0ddd129b71ea7e3caf9a33fca8f56446f090786c\request_arb.\g2b$func$library/axi_dmac/inc_id.vh:65$4995.g' using process `$paramod$0ddd129b71ea7e3caf9a33fca8f56446f090786c\request_arb.$proc$library/axi_dmac/request_arb.v:933$5007'.
  created $dff cell `$procdff$8350' with positive edge clock.
Creating register for signal `$paramod$0ddd129b71ea7e3caf9a33fca8f56446f090786c\request_arb.\g2b$func$library/axi_dmac/inc_id.vh:65$4995.b' using process `$paramod$0ddd129b71ea7e3caf9a33fca8f56446f090786c\request_arb.$proc$library/axi_dmac/request_arb.v:933$5007'.
  created $dff cell `$procdff$8351' with positive edge clock.
Creating register for signal `$paramod$0ddd129b71ea7e3caf9a33fca8f56446f090786c\request_arb.\g2b$func$library/axi_dmac/inc_id.vh:65$4995.i' using process `$paramod$0ddd129b71ea7e3caf9a33fca8f56446f090786c\request_arb.$proc$library/axi_dmac/request_arb.v:933$5007'.
  created $dff cell `$procdff$8352' with positive edge clock.
Creating register for signal `$paramod$0ddd129b71ea7e3caf9a33fca8f56446f090786c\request_arb.\b2g$func$library/axi_dmac/inc_id.vh:65$4996.$result' using process `$paramod$0ddd129b71ea7e3caf9a33fca8f56446f090786c\request_arb.$proc$library/axi_dmac/request_arb.v:933$5007'.
  created $dff cell `$procdff$8353' with positive edge clock.
Creating register for signal `$paramod$0ddd129b71ea7e3caf9a33fca8f56446f090786c\request_arb.\b2g$func$library/axi_dmac/inc_id.vh:65$4996.b' using process `$paramod$0ddd129b71ea7e3caf9a33fca8f56446f090786c\request_arb.$proc$library/axi_dmac/request_arb.v:933$5007'.
  created $dff cell `$procdff$8354' with positive edge clock.
Creating register for signal `$paramod$0ddd129b71ea7e3caf9a33fca8f56446f090786c\request_arb.\b2g$func$library/axi_dmac/inc_id.vh:65$4996.g' using process `$paramod$0ddd129b71ea7e3caf9a33fca8f56446f090786c\request_arb.$proc$library/axi_dmac/request_arb.v:933$5007'.
  created $dff cell `$procdff$8355' with positive edge clock.
Creating register for signal `$paramod$0ddd129b71ea7e3caf9a33fca8f56446f090786c\request_arb.\b2g$func$library/axi_dmac/inc_id.vh:65$4996.i' using process `$paramod$0ddd129b71ea7e3caf9a33fca8f56446f090786c\request_arb.$proc$library/axi_dmac/request_arb.v:933$5007'.
  created $dff cell `$procdff$8356' with positive edge clock.
Creating register for signal `$paramod$0ddd129b71ea7e3caf9a33fca8f56446f090786c\request_arb.$memwr$\eot_mem_dest$library/axi_dmac/request_arb.v:349$4998_ADDR' using process `$paramod$0ddd129b71ea7e3caf9a33fca8f56446f090786c\request_arb.$proc$library/axi_dmac/request_arb.v:347$5003'.
  created $dff cell `$procdff$8357' with positive edge clock.
Creating register for signal `$paramod$0ddd129b71ea7e3caf9a33fca8f56446f090786c\request_arb.$memwr$\eot_mem_dest$library/axi_dmac/request_arb.v:349$4998_DATA' using process `$paramod$0ddd129b71ea7e3caf9a33fca8f56446f090786c\request_arb.$proc$library/axi_dmac/request_arb.v:347$5003'.
  created $dff cell `$procdff$8358' with positive edge clock.
Creating register for signal `$paramod$0ddd129b71ea7e3caf9a33fca8f56446f090786c\request_arb.$memwr$\eot_mem_dest$library/axi_dmac/request_arb.v:349$4998_EN' using process `$paramod$0ddd129b71ea7e3caf9a33fca8f56446f090786c\request_arb.$proc$library/axi_dmac/request_arb.v:347$5003'.
  created $dff cell `$procdff$8359' with positive edge clock.
Creating register for signal `$paramod$0ddd129b71ea7e3caf9a33fca8f56446f090786c\request_arb.$memwr$\eot_mem_src$library/axi_dmac/request_arb.v:344$4997_ADDR' using process `$paramod$0ddd129b71ea7e3caf9a33fca8f56446f090786c\request_arb.$proc$library/axi_dmac/request_arb.v:342$4999'.
  created $dff cell `$procdff$8360' with positive edge clock.
Creating register for signal `$paramod$0ddd129b71ea7e3caf9a33fca8f56446f090786c\request_arb.$memwr$\eot_mem_src$library/axi_dmac/request_arb.v:344$4997_DATA' using process `$paramod$0ddd129b71ea7e3caf9a33fca8f56446f090786c\request_arb.$proc$library/axi_dmac/request_arb.v:342$4999'.
  created $dff cell `$procdff$8361' with positive edge clock.
Creating register for signal `$paramod$0ddd129b71ea7e3caf9a33fca8f56446f090786c\request_arb.$memwr$\eot_mem_src$library/axi_dmac/request_arb.v:344$4997_EN' using process `$paramod$0ddd129b71ea7e3caf9a33fca8f56446f090786c\request_arb.$proc$library/axi_dmac/request_arb.v:342$4999'.
  created $dff cell `$procdff$8362' with positive edge clock.
Creating register for signal `$paramod\response_handler\ID_WIDTH=s32'00000000000000000000000000000100.\id' using process `$paramod\response_handler\ID_WIDTH=s32'00000000000000000000000000000100.$proc$library/axi_dmac/response_handler.v:85$6239'.
  created $dff cell `$procdff$8363' with positive edge clock.
Creating register for signal `$paramod\response_handler\ID_WIDTH=s32'00000000000000000000000000000100.\inc_id$func$library/axi_dmac/response_handler.v:89$6229.$result' using process `$paramod\response_handler\ID_WIDTH=s32'00000000000000000000000000000100.$proc$library/axi_dmac/response_handler.v:85$6239'.
  created $dff cell `$procdff$8364' with positive edge clock.
Creating register for signal `$paramod\response_handler\ID_WIDTH=s32'00000000000000000000000000000100.\inc_id$func$library/axi_dmac/response_handler.v:89$6229.id' using process `$paramod\response_handler\ID_WIDTH=s32'00000000000000000000000000000100.$proc$library/axi_dmac/response_handler.v:85$6239'.
  created $dff cell `$procdff$8365' with positive edge clock.
Creating register for signal `$paramod\response_handler\ID_WIDTH=s32'00000000000000000000000000000100.\g2b$func$library/axi_dmac/inc_id.vh:65$6230.$result' using process `$paramod\response_handler\ID_WIDTH=s32'00000000000000000000000000000100.$proc$library/axi_dmac/response_handler.v:85$6239'.
  created $dff cell `$procdff$8366' with positive edge clock.
Creating register for signal `$paramod\response_handler\ID_WIDTH=s32'00000000000000000000000000000100.\g2b$func$library/axi_dmac/inc_id.vh:65$6230.g' using process `$paramod\response_handler\ID_WIDTH=s32'00000000000000000000000000000100.$proc$library/axi_dmac/response_handler.v:85$6239'.
  created $dff cell `$procdff$8367' with positive edge clock.
Creating register for signal `$paramod\response_handler\ID_WIDTH=s32'00000000000000000000000000000100.\g2b$func$library/axi_dmac/inc_id.vh:65$6230.b' using process `$paramod\response_handler\ID_WIDTH=s32'00000000000000000000000000000100.$proc$library/axi_dmac/response_handler.v:85$6239'.
  created $dff cell `$procdff$8368' with positive edge clock.
Creating register for signal `$paramod\response_handler\ID_WIDTH=s32'00000000000000000000000000000100.\g2b$func$library/axi_dmac/inc_id.vh:65$6230.i' using process `$paramod\response_handler\ID_WIDTH=s32'00000000000000000000000000000100.$proc$library/axi_dmac/response_handler.v:85$6239'.
  created $dff cell `$procdff$8369' with positive edge clock.
Creating register for signal `$paramod\response_handler\ID_WIDTH=s32'00000000000000000000000000000100.\b2g$func$library/axi_dmac/inc_id.vh:65$6231.$result' using process `$paramod\response_handler\ID_WIDTH=s32'00000000000000000000000000000100.$proc$library/axi_dmac/response_handler.v:85$6239'.
  created $dff cell `$procdff$8370' with positive edge clock.
Creating register for signal `$paramod\response_handler\ID_WIDTH=s32'00000000000000000000000000000100.\b2g$func$library/axi_dmac/inc_id.vh:65$6231.b' using process `$paramod\response_handler\ID_WIDTH=s32'00000000000000000000000000000100.$proc$library/axi_dmac/response_handler.v:85$6239'.
  created $dff cell `$procdff$8371' with positive edge clock.
Creating register for signal `$paramod\response_handler\ID_WIDTH=s32'00000000000000000000000000000100.\b2g$func$library/axi_dmac/inc_id.vh:65$6231.g' using process `$paramod\response_handler\ID_WIDTH=s32'00000000000000000000000000000100.$proc$library/axi_dmac/response_handler.v:85$6239'.
  created $dff cell `$procdff$8372' with positive edge clock.
Creating register for signal `$paramod\response_handler\ID_WIDTH=s32'00000000000000000000000000000100.\b2g$func$library/axi_dmac/inc_id.vh:65$6231.i' using process `$paramod\response_handler\ID_WIDTH=s32'00000000000000000000000000000100.$proc$library/axi_dmac/response_handler.v:85$6239'.
  created $dff cell `$procdff$8373' with positive edge clock.
Creating register for signal `$paramod\response_handler\ID_WIDTH=s32'00000000000000000000000000000100.\enabled' using process `$paramod\response_handler\ID_WIDTH=s32'00000000000000000000000000000100.$proc$library/axi_dmac/response_handler.v:75$6235'.
  created $dff cell `$procdff$8374' with positive edge clock.
Creating register for signal `$paramod\up_axi\AXI_ADDRESS_WIDTH=s32'00000000000000000000000000001011.\up_rack_d' using process `$paramod\up_axi\AXI_ADDRESS_WIDTH=s32'00000000000000000000000000001011.$proc$library/common/up_axi.v:207$4863'.
  created $dff cell `$procdff$8375' with positive edge clock.
Creating register for signal `$paramod\up_axi\AXI_ADDRESS_WIDTH=s32'00000000000000000000000000001011.\up_rdata_d' using process `$paramod\up_axi\AXI_ADDRESS_WIDTH=s32'00000000000000000000000000001011.$proc$library/common/up_axi.v:207$4863'.
  created $dff cell `$procdff$8376' with positive edge clock.
Creating register for signal `$paramod\up_axi\AXI_ADDRESS_WIDTH=s32'00000000000000000000000000001011.\up_rsel' using process `$paramod\up_axi\AXI_ADDRESS_WIDTH=s32'00000000000000000000000000001011.$proc$library/common/up_axi.v:207$4863'.
  created $dff cell `$procdff$8377' with positive edge clock.
Creating register for signal `$paramod\up_axi\AXI_ADDRESS_WIDTH=s32'00000000000000000000000000001011.\up_rreq_int' using process `$paramod\up_axi\AXI_ADDRESS_WIDTH=s32'00000000000000000000000000001011.$proc$library/common/up_axi.v:207$4863'.
  created $dff cell `$procdff$8378' with positive edge clock.
Creating register for signal `$paramod\up_axi\AXI_ADDRESS_WIDTH=s32'00000000000000000000000000001011.\up_raddr_int' using process `$paramod\up_axi\AXI_ADDRESS_WIDTH=s32'00000000000000000000000000001011.$proc$library/common/up_axi.v:207$4863'.
  created $dff cell `$procdff$8379' with positive edge clock.
Creating register for signal `$paramod\up_axi\AXI_ADDRESS_WIDTH=s32'00000000000000000000000000001011.\up_rcount' using process `$paramod\up_axi\AXI_ADDRESS_WIDTH=s32'00000000000000000000000000001011.$proc$library/common/up_axi.v:207$4863'.
  created $dff cell `$procdff$8380' with positive edge clock.
Creating register for signal `$paramod\up_axi\AXI_ADDRESS_WIDTH=s32'00000000000000000000000000001011.\up_axi_arready_int' using process `$paramod\up_axi\AXI_ADDRESS_WIDTH=s32'00000000000000000000000000001011.$proc$library/common/up_axi.v:181$4850'.
  created $dff cell `$procdff$8381' with positive edge clock.
Creating register for signal `$paramod\up_axi\AXI_ADDRESS_WIDTH=s32'00000000000000000000000000001011.\up_axi_rvalid_int' using process `$paramod\up_axi\AXI_ADDRESS_WIDTH=s32'00000000000000000000000000001011.$proc$library/common/up_axi.v:181$4850'.
  created $dff cell `$procdff$8382' with positive edge clock.
Creating register for signal `$paramod\up_axi\AXI_ADDRESS_WIDTH=s32'00000000000000000000000000001011.\up_axi_rdata_int' using process `$paramod\up_axi\AXI_ADDRESS_WIDTH=s32'00000000000000000000000000001011.$proc$library/common/up_axi.v:181$4850'.
  created $dff cell `$procdff$8383' with positive edge clock.
Creating register for signal `$paramod\up_axi\AXI_ADDRESS_WIDTH=s32'00000000000000000000000000001011.\up_wack_d' using process `$paramod\up_axi\AXI_ADDRESS_WIDTH=s32'00000000000000000000000000001011.$proc$library/common/up_axi.v:143$4838'.
  created $dff cell `$procdff$8384' with positive edge clock.
Creating register for signal `$paramod\up_axi\AXI_ADDRESS_WIDTH=s32'00000000000000000000000000001011.\up_wsel' using process `$paramod\up_axi\AXI_ADDRESS_WIDTH=s32'00000000000000000000000000001011.$proc$library/common/up_axi.v:143$4838'.
  created $dff cell `$procdff$8385' with positive edge clock.
Creating register for signal `$paramod\up_axi\AXI_ADDRESS_WIDTH=s32'00000000000000000000000000001011.\up_wreq_int' using process `$paramod\up_axi\AXI_ADDRESS_WIDTH=s32'00000000000000000000000000001011.$proc$library/common/up_axi.v:143$4838'.
  created $dff cell `$procdff$8386' with positive edge clock.
Creating register for signal `$paramod\up_axi\AXI_ADDRESS_WIDTH=s32'00000000000000000000000000001011.\up_waddr_int' using process `$paramod\up_axi\AXI_ADDRESS_WIDTH=s32'00000000000000000000000000001011.$proc$library/common/up_axi.v:143$4838'.
  created $dff cell `$procdff$8387' with positive edge clock.
Creating register for signal `$paramod\up_axi\AXI_ADDRESS_WIDTH=s32'00000000000000000000000000001011.\up_wdata_int' using process `$paramod\up_axi\AXI_ADDRESS_WIDTH=s32'00000000000000000000000000001011.$proc$library/common/up_axi.v:143$4838'.
  created $dff cell `$procdff$8388' with positive edge clock.
Creating register for signal `$paramod\up_axi\AXI_ADDRESS_WIDTH=s32'00000000000000000000000000001011.\up_wcount' using process `$paramod\up_axi\AXI_ADDRESS_WIDTH=s32'00000000000000000000000000001011.$proc$library/common/up_axi.v:143$4838'.
  created $dff cell `$procdff$8389' with positive edge clock.
Creating register for signal `$paramod\up_axi\AXI_ADDRESS_WIDTH=s32'00000000000000000000000000001011.\up_axi_awready_int' using process `$paramod\up_axi\AXI_ADDRESS_WIDTH=s32'00000000000000000000000000001011.$proc$library/common/up_axi.v:114$4825'.
  created $dff cell `$procdff$8390' with positive edge clock.
Creating register for signal `$paramod\up_axi\AXI_ADDRESS_WIDTH=s32'00000000000000000000000000001011.\up_axi_wready_int' using process `$paramod\up_axi\AXI_ADDRESS_WIDTH=s32'00000000000000000000000000001011.$proc$library/common/up_axi.v:114$4825'.
  created $dff cell `$procdff$8391' with positive edge clock.
Creating register for signal `$paramod\up_axi\AXI_ADDRESS_WIDTH=s32'00000000000000000000000000001011.\up_axi_bvalid_int' using process `$paramod\up_axi\AXI_ADDRESS_WIDTH=s32'00000000000000000000000000001011.$proc$library/common/up_axi.v:114$4825'.
  created $dff cell `$procdff$8392' with positive edge clock.
Creating register for signal `$paramod$42da77d14aa658d4baa5d7284757edced5bc7a84\axi_dmac_regmap.\up_rdata' using process `$paramod$42da77d14aa658d4baa5d7284757edced5bc7a84\axi_dmac_regmap.$proc$library/axi_dmac/axi_dmac_regmap.v:245$4812'.
  created $dff cell `$procdff$8393' with positive edge clock.
Creating register for signal `$paramod$42da77d14aa658d4baa5d7284757edced5bc7a84\axi_dmac_regmap.\up_rack' using process `$paramod$42da77d14aa658d4baa5d7284757edced5bc7a84\axi_dmac_regmap.$proc$library/axi_dmac/axi_dmac_regmap.v:237$4810'.
  created $dff cell `$procdff$8394' with positive edge clock.
Creating register for signal `$paramod$42da77d14aa658d4baa5d7284757edced5bc7a84\axi_dmac_regmap.\ctrl_enable' using process `$paramod$42da77d14aa658d4baa5d7284757edced5bc7a84\axi_dmac_regmap.$proc$library/axi_dmac/axi_dmac_regmap.v:206$4805'.
  created $dff cell `$procdff$8395' with positive edge clock.
Creating register for signal `$paramod$42da77d14aa658d4baa5d7284757edced5bc7a84\axi_dmac_regmap.\ctrl_pause' using process `$paramod$42da77d14aa658d4baa5d7284757edced5bc7a84\axi_dmac_regmap.$proc$library/axi_dmac/axi_dmac_regmap.v:206$4805'.
  created $dff cell `$procdff$8396' with positive edge clock.
Creating register for signal `$paramod$42da77d14aa658d4baa5d7284757edced5bc7a84\axi_dmac_regmap.\ctrl_hwdesc' using process `$paramod$42da77d14aa658d4baa5d7284757edced5bc7a84\axi_dmac_regmap.$proc$library/axi_dmac/axi_dmac_regmap.v:206$4805'.
  created $dff cell `$procdff$8397' with positive edge clock.
Creating register for signal `$paramod$42da77d14aa658d4baa5d7284757edced5bc7a84\axi_dmac_regmap.\ctrl_flock' using process `$paramod$42da77d14aa658d4baa5d7284757edced5bc7a84\axi_dmac_regmap.$proc$library/axi_dmac/axi_dmac_regmap.v:206$4805'.
  created $dff cell `$procdff$8398' with positive edge clock.
Creating register for signal `$paramod$42da77d14aa658d4baa5d7284757edced5bc7a84\axi_dmac_regmap.\up_wack' using process `$paramod$42da77d14aa658d4baa5d7284757edced5bc7a84\axi_dmac_regmap.$proc$library/axi_dmac/axi_dmac_regmap.v:206$4805'.
  created $dff cell `$procdff$8399' with positive edge clock.
Creating register for signal `$paramod$42da77d14aa658d4baa5d7284757edced5bc7a84\axi_dmac_regmap.\up_scratch' using process `$paramod$42da77d14aa658d4baa5d7284757edced5bc7a84\axi_dmac_regmap.$proc$library/axi_dmac/axi_dmac_regmap.v:206$4805'.
  created $dff cell `$procdff$8400' with positive edge clock.
Creating register for signal `$paramod$42da77d14aa658d4baa5d7284757edced5bc7a84\axi_dmac_regmap.\up_irq_mask' using process `$paramod$42da77d14aa658d4baa5d7284757edced5bc7a84\axi_dmac_regmap.$proc$library/axi_dmac/axi_dmac_regmap.v:206$4805'.
  created $dff cell `$procdff$8401' with positive edge clock.
Creating register for signal `$paramod$42da77d14aa658d4baa5d7284757edced5bc7a84\axi_dmac_regmap.\up_irq_source' using process `$paramod$42da77d14aa658d4baa5d7284757edced5bc7a84\axi_dmac_regmap.$proc$library/axi_dmac/axi_dmac_regmap.v:196$4800'.
  created $dff cell `$procdff$8402' with positive edge clock.
Creating register for signal `$paramod$42da77d14aa658d4baa5d7284757edced5bc7a84\axi_dmac_regmap.\irq' using process `$paramod$42da77d14aa658d4baa5d7284757edced5bc7a84\axi_dmac_regmap.$proc$library/axi_dmac/axi_dmac_regmap.v:188$4797'.
  created $dff cell `$procdff$8403' with positive edge clock.

91.4.10. Executing PROC_MEMWR pass (convert process memory writes to cells).

91.4.11. Executing PROC_CLEAN pass (remove empty switches from decision trees).
Removing empty process `$paramod$c73d97a04183e90b57fb702ee7fd8f2a25156d08\data_mover.$proc$library/axi_dmac/data_mover.v:99$6228'.
Removing empty process `$paramod$c73d97a04183e90b57fb702ee7fd8f2a25156d08\data_mover.$proc$library/axi_dmac/data_mover.v:98$6227'.
Removing empty process `$paramod$c73d97a04183e90b57fb702ee7fd8f2a25156d08\data_mover.$proc$library/axi_dmac/data_mover.v:97$6226'.
Removing empty process `$paramod$c73d97a04183e90b57fb702ee7fd8f2a25156d08\data_mover.$proc$library/axi_dmac/data_mover.v:96$6225'.
Removing empty process `$paramod$c73d97a04183e90b57fb702ee7fd8f2a25156d08\data_mover.$proc$library/axi_dmac/data_mover.v:95$6224'.
Removing empty process `$paramod$c73d97a04183e90b57fb702ee7fd8f2a25156d08\data_mover.$proc$library/axi_dmac/data_mover.v:93$6223'.
Removing empty process `$paramod$c73d97a04183e90b57fb702ee7fd8f2a25156d08\data_mover.$proc$library/axi_dmac/data_mover.v:92$6222'.
Removing empty process `$paramod$c73d97a04183e90b57fb702ee7fd8f2a25156d08\data_mover.$proc$library/axi_dmac/data_mover.v:91$6221'.
Removing empty process `$paramod$c73d97a04183e90b57fb702ee7fd8f2a25156d08\data_mover.$proc$library/axi_dmac/data_mover.v:90$6220'.
Removing empty process `$paramod$c73d97a04183e90b57fb702ee7fd8f2a25156d08\data_mover.$proc$library/axi_dmac/data_mover.v:89$6219'.
Removing empty process `$paramod$c73d97a04183e90b57fb702ee7fd8f2a25156d08\data_mover.$proc$library/axi_dmac/data_mover.v:56$6218'.
Removing empty process `$paramod$c73d97a04183e90b57fb702ee7fd8f2a25156d08\data_mover.$proc$library/axi_dmac/data_mover.v:265$6216'.
Found and cleaned up 1 empty switch in `$paramod$c73d97a04183e90b57fb702ee7fd8f2a25156d08\data_mover.$proc$library/axi_dmac/data_mover.v:257$6214'.
Removing empty process `$paramod$c73d97a04183e90b57fb702ee7fd8f2a25156d08\data_mover.$proc$library/axi_dmac/data_mover.v:257$6214'.
Found and cleaned up 1 empty switch in `$paramod$c73d97a04183e90b57fb702ee7fd8f2a25156d08\data_mover.$proc$library/axi_dmac/data_mover.v:249$6181'.
Removing empty process `$paramod$c73d97a04183e90b57fb702ee7fd8f2a25156d08\data_mover.$proc$library/axi_dmac/data_mover.v:249$6181'.
Found and cleaned up 3 empty switches in `$paramod$c73d97a04183e90b57fb702ee7fd8f2a25156d08\data_mover.$proc$library/axi_dmac/data_mover.v:239$6175'.
Removing empty process `$paramod$c73d97a04183e90b57fb702ee7fd8f2a25156d08\data_mover.$proc$library/axi_dmac/data_mover.v:239$6175'.
Found and cleaned up 2 empty switches in `$paramod$c73d97a04183e90b57fb702ee7fd8f2a25156d08\data_mover.$proc$library/axi_dmac/data_mover.v:230$6173'.
Removing empty process `$paramod$c73d97a04183e90b57fb702ee7fd8f2a25156d08\data_mover.$proc$library/axi_dmac/data_mover.v:230$6173'.
Found and cleaned up 2 empty switches in `$paramod$c73d97a04183e90b57fb702ee7fd8f2a25156d08\data_mover.$proc$library/axi_dmac/data_mover.v:222$6171'.
Removing empty process `$paramod$c73d97a04183e90b57fb702ee7fd8f2a25156d08\data_mover.$proc$library/axi_dmac/data_mover.v:222$6171'.
Found and cleaned up 1 empty switch in `$paramod$c73d97a04183e90b57fb702ee7fd8f2a25156d08\data_mover.$proc$library/axi_dmac/data_mover.v:217$6170'.
Removing empty process `$paramod$c73d97a04183e90b57fb702ee7fd8f2a25156d08\data_mover.$proc$library/axi_dmac/data_mover.v:217$6170'.
Found and cleaned up 2 empty switches in `$paramod$c73d97a04183e90b57fb702ee7fd8f2a25156d08\data_mover.$proc$library/axi_dmac/data_mover.v:205$6164'.
Removing empty process `$paramod$c73d97a04183e90b57fb702ee7fd8f2a25156d08\data_mover.$proc$library/axi_dmac/data_mover.v:205$6164'.
Found and cleaned up 2 empty switches in `$paramod$c73d97a04183e90b57fb702ee7fd8f2a25156d08\data_mover.$proc$library/axi_dmac/data_mover.v:186$6150'.
Removing empty process `$paramod$c73d97a04183e90b57fb702ee7fd8f2a25156d08\data_mover.$proc$library/axi_dmac/data_mover.v:186$6150'.
Removing empty process `$paramod$5acb469efc81823004da6ca1328d8e1fb85ceb93\sync_bits.$proc$library/util_cdc/sync_bits.v:62$5745'.
Removing empty process `$paramod$5acb469efc81823004da6ca1328d8e1fb85ceb93\sync_bits.$proc$library/util_cdc/sync_bits.v:61$5744'.
Found and cleaned up 1 empty switch in `$paramod$5acb469efc81823004da6ca1328d8e1fb85ceb93\sync_bits.$proc$library/util_cdc/sync_bits.v:64$5742'.
Removing empty process `$paramod$5acb469efc81823004da6ca1328d8e1fb85ceb93\sync_bits.$proc$library/util_cdc/sync_bits.v:64$5742'.
Removing empty process `$paramod$88d936154720f81d31a09e530dba3fef38790d39\axi_dmac_burst_memory.$proc$library/axi_dmac/axi_dmac_burst_memory.v:163$5741'.
Removing empty process `$paramod$88d936154720f81d31a09e530dba3fef38790d39\axi_dmac_burst_memory.$proc$library/axi_dmac/axi_dmac_burst_memory.v:158$5740'.
Removing empty process `$paramod$88d936154720f81d31a09e530dba3fef38790d39\axi_dmac_burst_memory.$proc$library/axi_dmac/axi_dmac_burst_memory.v:157$5739'.
Removing empty process `$paramod$88d936154720f81d31a09e530dba3fef38790d39\axi_dmac_burst_memory.$proc$library/axi_dmac/axi_dmac_burst_memory.v:156$5738'.
Removing empty process `$paramod$88d936154720f81d31a09e530dba3fef38790d39\axi_dmac_burst_memory.$proc$library/axi_dmac/axi_dmac_burst_memory.v:155$5737'.
Removing empty process `$paramod$88d936154720f81d31a09e530dba3fef38790d39\axi_dmac_burst_memory.$proc$library/axi_dmac/axi_dmac_burst_memory.v:153$5736'.
Removing empty process `$paramod$88d936154720f81d31a09e530dba3fef38790d39\axi_dmac_burst_memory.$proc$library/axi_dmac/axi_dmac_burst_memory.v:152$5735'.
Removing empty process `$paramod$88d936154720f81d31a09e530dba3fef38790d39\axi_dmac_burst_memory.$proc$library/axi_dmac/axi_dmac_burst_memory.v:151$5734'.
Removing empty process `$paramod$88d936154720f81d31a09e530dba3fef38790d39\axi_dmac_burst_memory.$proc$library/axi_dmac/axi_dmac_burst_memory.v:150$5733'.
Removing empty process `$paramod$88d936154720f81d31a09e530dba3fef38790d39\axi_dmac_burst_memory.$proc$library/axi_dmac/axi_dmac_burst_memory.v:149$5732'.
Removing empty process `$paramod$88d936154720f81d31a09e530dba3fef38790d39\axi_dmac_burst_memory.$proc$library/axi_dmac/axi_dmac_burst_memory.v:147$5731'.
Removing empty process `$paramod$88d936154720f81d31a09e530dba3fef38790d39\axi_dmac_burst_memory.$proc$library/axi_dmac/axi_dmac_burst_memory.v:146$5730'.
Removing empty process `$paramod$88d936154720f81d31a09e530dba3fef38790d39\axi_dmac_burst_memory.$proc$library/axi_dmac/axi_dmac_burst_memory.v:145$5729'.
Removing empty process `$paramod$88d936154720f81d31a09e530dba3fef38790d39\axi_dmac_burst_memory.$proc$library/axi_dmac/axi_dmac_burst_memory.v:73$5728'.
Removing empty process `$paramod$88d936154720f81d31a09e530dba3fef38790d39\axi_dmac_burst_memory.$proc$library/axi_dmac/axi_dmac_burst_memory.v:310$5709'.
Removing empty process `$paramod$88d936154720f81d31a09e530dba3fef38790d39\axi_dmac_burst_memory.$proc$library/axi_dmac/axi_dmac_burst_memory.v:347$5705'.
Found and cleaned up 2 empty switches in `$paramod$88d936154720f81d31a09e530dba3fef38790d39\axi_dmac_burst_memory.$proc$library/axi_dmac/axi_dmac_burst_memory.v:335$5699'.
Removing empty process `$paramod$88d936154720f81d31a09e530dba3fef38790d39\axi_dmac_burst_memory.$proc$library/axi_dmac/axi_dmac_burst_memory.v:335$5699'.
Found and cleaned up 1 empty switch in `$paramod$88d936154720f81d31a09e530dba3fef38790d39\axi_dmac_burst_memory.$proc$library/axi_dmac/axi_dmac_burst_memory.v:328$5697'.
Removing empty process `$paramod$88d936154720f81d31a09e530dba3fef38790d39\axi_dmac_burst_memory.$proc$library/axi_dmac/axi_dmac_burst_memory.v:328$5697'.
Found and cleaned up 1 empty switch in `$paramod$88d936154720f81d31a09e530dba3fef38790d39\axi_dmac_burst_memory.$proc$library/axi_dmac/axi_dmac_burst_memory.v:322$5692'.
Removing empty process `$paramod$88d936154720f81d31a09e530dba3fef38790d39\axi_dmac_burst_memory.$proc$library/axi_dmac/axi_dmac_burst_memory.v:322$5692'.
Found and cleaned up 2 empty switches in `$paramod$88d936154720f81d31a09e530dba3fef38790d39\axi_dmac_burst_memory.$proc$library/axi_dmac/axi_dmac_burst_memory.v:312$5686'.
Removing empty process `$paramod$88d936154720f81d31a09e530dba3fef38790d39\axi_dmac_burst_memory.$proc$library/axi_dmac/axi_dmac_burst_memory.v:312$5686'.
Found and cleaned up 2 empty switches in `$paramod$88d936154720f81d31a09e530dba3fef38790d39\axi_dmac_burst_memory.$proc$library/axi_dmac/axi_dmac_burst_memory.v:300$5681'.
Removing empty process `$paramod$88d936154720f81d31a09e530dba3fef38790d39\axi_dmac_burst_memory.$proc$library/axi_dmac/axi_dmac_burst_memory.v:300$5681'.
Found and cleaned up 3 empty switches in `$paramod$88d936154720f81d31a09e530dba3fef38790d39\axi_dmac_burst_memory.$proc$library/axi_dmac/axi_dmac_burst_memory.v:290$5677'.
Removing empty process `$paramod$88d936154720f81d31a09e530dba3fef38790d39\axi_dmac_burst_memory.$proc$library/axi_dmac/axi_dmac_burst_memory.v:290$5677'.
Found and cleaned up 3 empty switches in `$paramod$88d936154720f81d31a09e530dba3fef38790d39\axi_dmac_burst_memory.$proc$library/axi_dmac/axi_dmac_burst_memory.v:271$5673'.
Removing empty process `$paramod$88d936154720f81d31a09e530dba3fef38790d39\axi_dmac_burst_memory.$proc$library/axi_dmac/axi_dmac_burst_memory.v:271$5673'.
Found and cleaned up 3 empty switches in `$paramod$88d936154720f81d31a09e530dba3fef38790d39\axi_dmac_burst_memory.$proc$library/axi_dmac/axi_dmac_burst_memory.v:255$5669'.
Removing empty process `$paramod$88d936154720f81d31a09e530dba3fef38790d39\axi_dmac_burst_memory.$proc$library/axi_dmac/axi_dmac_burst_memory.v:255$5669'.
Found and cleaned up 1 empty switch in `$paramod$88d936154720f81d31a09e530dba3fef38790d39\axi_dmac_burst_memory.$proc$library/axi_dmac/axi_dmac_burst_memory.v:234$5653'.
Removing empty process `$paramod$88d936154720f81d31a09e530dba3fef38790d39\axi_dmac_burst_memory.$proc$library/axi_dmac/axi_dmac_burst_memory.v:234$5653'.
Found and cleaned up 2 empty switches in `$paramod$88d936154720f81d31a09e530dba3fef38790d39\axi_dmac_burst_memory.$proc$library/axi_dmac/axi_dmac_burst_memory.v:226$5647'.
Removing empty process `$paramod$88d936154720f81d31a09e530dba3fef38790d39\axi_dmac_burst_memory.$proc$library/axi_dmac/axi_dmac_burst_memory.v:226$5647'.
Found and cleaned up 1 empty switch in `$paramod$88d936154720f81d31a09e530dba3fef38790d39\axi_dmac_burst_memory.$proc$library/axi_dmac/axi_dmac_burst_memory.v:216$5644'.
Removing empty process `$paramod$88d936154720f81d31a09e530dba3fef38790d39\axi_dmac_burst_memory.$proc$library/axi_dmac/axi_dmac_burst_memory.v:216$5644'.
Found and cleaned up 1 empty switch in `$paramod$88d936154720f81d31a09e530dba3fef38790d39\axi_dmac_burst_memory.$proc$library/axi_dmac/axi_dmac_burst_memory.v:208$5615'.
Removing empty process `$paramod$88d936154720f81d31a09e530dba3fef38790d39\axi_dmac_burst_memory.$proc$library/axi_dmac/axi_dmac_burst_memory.v:208$5615'.
Removing empty process `$paramod$4f6dc395be3c3604eb10b08b083b96d2ec972d8f\util_axis_fifo.$proc$library/util_axis_fifo/util_axis_fifo.v:85$5605'.
Removing empty process `$paramod$4f6dc395be3c3604eb10b08b083b96d2ec972d8f\util_axis_fifo.$proc$library/util_axis_fifo/util_axis_fifo.v:84$5604'.
Found and cleaned up 2 empty switches in `$paramod$4f6dc395be3c3604eb10b08b083b96d2ec972d8f\util_axis_fifo.$proc$library/util_axis_fifo/util_axis_fifo.v:130$5600'.
Removing empty process `$paramod$4f6dc395be3c3604eb10b08b083b96d2ec972d8f\util_axis_fifo.$proc$library/util_axis_fifo/util_axis_fifo.v:130$5600'.
Found and cleaned up 2 empty switches in `$paramod$4f6dc395be3c3604eb10b08b083b96d2ec972d8f\util_axis_fifo.$proc$library/util_axis_fifo/util_axis_fifo.v:122$5596'.
Removing empty process `$paramod$4f6dc395be3c3604eb10b08b083b96d2ec972d8f\util_axis_fifo.$proc$library/util_axis_fifo/util_axis_fifo.v:122$5596'.
Found and cleaned up 1 empty switch in `$paramod$4f6dc395be3c3604eb10b08b083b96d2ec972d8f\util_axis_fifo.$proc$library/util_axis_fifo/util_axis_fifo.v:117$5592'.
Removing empty process `$paramod$4f6dc395be3c3604eb10b08b083b96d2ec972d8f\util_axis_fifo.$proc$library/util_axis_fifo/util_axis_fifo.v:117$5592'.
Removing empty process `$paramod$83d09f0e74a4304d54a271ecff10511e78e32d78\util_axis_fifo.$proc$library/util_axis_fifo/util_axis_fifo.v:85$5587'.
Removing empty process `$paramod$83d09f0e74a4304d54a271ecff10511e78e32d78\util_axis_fifo.$proc$library/util_axis_fifo/util_axis_fifo.v:84$5586'.
Found and cleaned up 2 empty switches in `$paramod$83d09f0e74a4304d54a271ecff10511e78e32d78\util_axis_fifo.$proc$library/util_axis_fifo/util_axis_fifo.v:130$5582'.
Removing empty process `$paramod$83d09f0e74a4304d54a271ecff10511e78e32d78\util_axis_fifo.$proc$library/util_axis_fifo/util_axis_fifo.v:130$5582'.
Found and cleaned up 2 empty switches in `$paramod$83d09f0e74a4304d54a271ecff10511e78e32d78\util_axis_fifo.$proc$library/util_axis_fifo/util_axis_fifo.v:122$5578'.
Removing empty process `$paramod$83d09f0e74a4304d54a271ecff10511e78e32d78\util_axis_fifo.$proc$library/util_axis_fifo/util_axis_fifo.v:122$5578'.
Found and cleaned up 1 empty switch in `$paramod$83d09f0e74a4304d54a271ecff10511e78e32d78\util_axis_fifo.$proc$library/util_axis_fifo/util_axis_fifo.v:117$5574'.
Removing empty process `$paramod$83d09f0e74a4304d54a271ecff10511e78e32d78\util_axis_fifo.$proc$library/util_axis_fifo/util_axis_fifo.v:117$5574'.
Removing empty process `$paramod$bcd9b23df7516666ebc299b907ab91e542f09a00\request_generator.$proc$library/axi_dmac/request_generator.v:100$5569'.
Removing empty process `$paramod$bcd9b23df7516666ebc299b907ab91e542f09a00\request_generator.$proc$library/axi_dmac/request_generator.v:99$5568'.
Removing empty process `$paramod$bcd9b23df7516666ebc299b907ab91e542f09a00\request_generator.$proc$library/axi_dmac/request_generator.v:86$5567'.
Removing empty process `$paramod$bcd9b23df7516666ebc299b907ab91e542f09a00\request_generator.$proc$library/axi_dmac/request_generator.v:84$5566'.
Removing empty process `$paramod$bcd9b23df7516666ebc299b907ab91e542f09a00\request_generator.$proc$library/axi_dmac/request_generator.v:82$5565'.
Removing empty process `$paramod$bcd9b23df7516666ebc299b907ab91e542f09a00\request_generator.$proc$library/axi_dmac/request_generator.v:79$5564'.
Removing empty process `$paramod$bcd9b23df7516666ebc299b907ab91e542f09a00\request_generator.$proc$library/axi_dmac/request_generator.v:56$5563'.
Removing empty process `$paramod$bcd9b23df7516666ebc299b907ab91e542f09a00\request_generator.$proc$library/axi_dmac/request_generator.v:102$5544'.
Found and cleaned up 1 empty switch in `$paramod$bcd9b23df7516666ebc299b907ab91e542f09a00\request_generator.$proc$library/axi_dmac/request_generator.v:243$5536'.
Removing empty process `$paramod$bcd9b23df7516666ebc299b907ab91e542f09a00\request_generator.$proc$library/axi_dmac/request_generator.v:243$5536'.
Found and cleaned up 1 empty switch in `$paramod$bcd9b23df7516666ebc299b907ab91e542f09a00\request_generator.$proc$library/axi_dmac/request_generator.v:237$5532'.
Removing empty process `$paramod$bcd9b23df7516666ebc299b907ab91e542f09a00\request_generator.$proc$library/axi_dmac/request_generator.v:237$5532'.
Found and cleaned up 1 empty switch in `$paramod$bcd9b23df7516666ebc299b907ab91e542f09a00\request_generator.$proc$library/axi_dmac/request_generator.v:229$5530'.
Removing empty process `$paramod$bcd9b23df7516666ebc299b907ab91e542f09a00\request_generator.$proc$library/axi_dmac/request_generator.v:229$5530'.
Found and cleaned up 11 empty switches in `$paramod$bcd9b23df7516666ebc299b907ab91e542f09a00\request_generator.$proc$library/axi_dmac/request_generator.v:172$5519'.
Removing empty process `$paramod$bcd9b23df7516666ebc299b907ab91e542f09a00\request_generator.$proc$library/axi_dmac/request_generator.v:172$5519'.
Found and cleaned up 2 empty switches in `$paramod$bcd9b23df7516666ebc299b907ab91e542f09a00\request_generator.$proc$library/axi_dmac/request_generator.v:148$5513'.
Removing empty process `$paramod$bcd9b23df7516666ebc299b907ab91e542f09a00\request_generator.$proc$library/axi_dmac/request_generator.v:148$5513'.
Found and cleaned up 1 empty switch in `$paramod$bcd9b23df7516666ebc299b907ab91e542f09a00\request_generator.$proc$library/axi_dmac/request_generator.v:138$5507'.
Removing empty process `$paramod$bcd9b23df7516666ebc299b907ab91e542f09a00\request_generator.$proc$library/axi_dmac/request_generator.v:138$5507'.
Found and cleaned up 3 empty switches in `$paramod$bcd9b23df7516666ebc299b907ab91e542f09a00\request_generator.$proc$library/axi_dmac/request_generator.v:128$5503'.
Removing empty process `$paramod$bcd9b23df7516666ebc299b907ab91e542f09a00\request_generator.$proc$library/axi_dmac/request_generator.v:128$5503'.
Found and cleaned up 1 empty switch in `$paramod$bcd9b23df7516666ebc299b907ab91e542f09a00\request_generator.$proc$library/axi_dmac/request_generator.v:121$5499'.
Removing empty process `$paramod$bcd9b23df7516666ebc299b907ab91e542f09a00\request_generator.$proc$library/axi_dmac/request_generator.v:121$5499'.
Found and cleaned up 3 empty switches in `$paramod$bcd9b23df7516666ebc299b907ab91e542f09a00\request_generator.$proc$library/axi_dmac/request_generator.v:112$5494'.
Removing empty process `$paramod$bcd9b23df7516666ebc299b907ab91e542f09a00\request_generator.$proc$library/axi_dmac/request_generator.v:112$5494'.
Removing empty process `$paramod$d3875e1858f4ffe397651d6aac111ca353a91913\axi_dmac_response_manager.$proc$library/axi_dmac/axi_dmac_response_manager.v:113$5482'.
Removing empty process `$paramod$d3875e1858f4ffe397651d6aac111ca353a91913\axi_dmac_response_manager.$proc$library/axi_dmac/axi_dmac_response_manager.v:112$5481'.
Removing empty process `$paramod$d3875e1858f4ffe397651d6aac111ca353a91913\axi_dmac_response_manager.$proc$library/axi_dmac/axi_dmac_response_manager.v:111$5480'.
Removing empty process `$paramod$d3875e1858f4ffe397651d6aac111ca353a91913\axi_dmac_response_manager.$proc$library/axi_dmac/axi_dmac_response_manager.v:104$5479'.
Removing empty process `$paramod$d3875e1858f4ffe397651d6aac111ca353a91913\axi_dmac_response_manager.$proc$library/axi_dmac/axi_dmac_response_manager.v:101$5478'.
Removing empty process `$paramod$d3875e1858f4ffe397651d6aac111ca353a91913\axi_dmac_response_manager.$proc$library/axi_dmac/axi_dmac_response_manager.v:100$5477'.
Removing empty process `$paramod$d3875e1858f4ffe397651d6aac111ca353a91913\axi_dmac_response_manager.$proc$library/axi_dmac/axi_dmac_response_manager.v:99$5476'.
Removing empty process `$paramod$d3875e1858f4ffe397651d6aac111ca353a91913\axi_dmac_response_manager.$proc$library/axi_dmac/axi_dmac_response_manager.v:81$5475'.
Removing empty process `$paramod$d3875e1858f4ffe397651d6aac111ca353a91913\axi_dmac_response_manager.$proc$library/axi_dmac/axi_dmac_response_manager.v:70$5474'.
Removing empty process `$paramod$d3875e1858f4ffe397651d6aac111ca353a91913\axi_dmac_response_manager.$proc$library/axi_dmac/axi_dmac_response_manager.v:65$5473'.
Removing empty process `$paramod$d3875e1858f4ffe397651d6aac111ca353a91913\axi_dmac_response_manager.$proc$library/axi_dmac/axi_dmac_response_manager.v:63$5472'.
Found and cleaned up 3 empty switches in `$paramod$d3875e1858f4ffe397651d6aac111ca353a91913\axi_dmac_response_manager.$proc$library/axi_dmac/axi_dmac_response_manager.v:276$5464'.
Removing empty process `$paramod$d3875e1858f4ffe397651d6aac111ca353a91913\axi_dmac_response_manager.$proc$library/axi_dmac/axi_dmac_response_manager.v:276$5464'.
Found and cleaned up 2 empty switches in `$paramod$d3875e1858f4ffe397651d6aac111ca353a91913\axi_dmac_response_manager.$proc$library/axi_dmac/axi_dmac_response_manager.v:267$5458'.
Removing empty process `$paramod$d3875e1858f4ffe397651d6aac111ca353a91913\axi_dmac_response_manager.$proc$library/axi_dmac/axi_dmac_response_manager.v:267$5458'.
Found and cleaned up 3 empty switches in `$paramod$d3875e1858f4ffe397651d6aac111ca353a91913\axi_dmac_response_manager.$proc$library/axi_dmac/axi_dmac_response_manager.v:253$5453'.
Removing empty process `$paramod$d3875e1858f4ffe397651d6aac111ca353a91913\axi_dmac_response_manager.$proc$library/axi_dmac/axi_dmac_response_manager.v:253$5453'.
Found and cleaned up 3 empty switches in `$paramod$d3875e1858f4ffe397651d6aac111ca353a91913\axi_dmac_response_manager.$proc$library/axi_dmac/axi_dmac_response_manager.v:242$5447'.
Removing empty process `$paramod$d3875e1858f4ffe397651d6aac111ca353a91913\axi_dmac_response_manager.$proc$library/axi_dmac/axi_dmac_response_manager.v:242$5447'.
Found and cleaned up 1 empty switch in `$paramod$d3875e1858f4ffe397651d6aac111ca353a91913\axi_dmac_response_manager.$proc$library/axi_dmac/axi_dmac_response_manager.v:230$5443'.
Removing empty process `$paramod$d3875e1858f4ffe397651d6aac111ca353a91913\axi_dmac_response_manager.$proc$library/axi_dmac/axi_dmac_response_manager.v:230$5443'.
Found and cleaned up 9 empty switches in `$paramod$d3875e1858f4ffe397651d6aac111ca353a91913\axi_dmac_response_manager.$proc$library/axi_dmac/axi_dmac_response_manager.v:187$5432'.
Removing empty process `$paramod$d3875e1858f4ffe397651d6aac111ca353a91913\axi_dmac_response_manager.$proc$library/axi_dmac/axi_dmac_response_manager.v:187$5432'.
Found and cleaned up 2 empty switches in `$paramod$d3875e1858f4ffe397651d6aac111ca353a91913\axi_dmac_response_manager.$proc$library/axi_dmac/axi_dmac_response_manager.v:178$5429'.
Removing empty process `$paramod$d3875e1858f4ffe397651d6aac111ca353a91913\axi_dmac_response_manager.$proc$library/axi_dmac/axi_dmac_response_manager.v:178$5429'.
Found and cleaned up 3 empty switches in `$paramod$d3875e1858f4ffe397651d6aac111ca353a91913\axi_dmac_response_manager.$proc$library/axi_dmac/axi_dmac_response_manager.v:165$5423'.
Removing empty process `$paramod$d3875e1858f4ffe397651d6aac111ca353a91913\axi_dmac_response_manager.$proc$library/axi_dmac/axi_dmac_response_manager.v:165$5423'.
Found and cleaned up 1 empty switch in `$paramod$d3875e1858f4ffe397651d6aac111ca353a91913\axi_dmac_response_manager.$proc$library/axi_dmac/axi_dmac_response_manager.v:153$5416'.
Removing empty process `$paramod$d3875e1858f4ffe397651d6aac111ca353a91913\axi_dmac_response_manager.$proc$library/axi_dmac/axi_dmac_response_manager.v:153$5416'.
Found and cleaned up 2 empty switches in `$paramod$d3875e1858f4ffe397651d6aac111ca353a91913\axi_dmac_response_manager.$proc$library/axi_dmac/axi_dmac_response_manager.v:140$5413'.
Removing empty process `$paramod$d3875e1858f4ffe397651d6aac111ca353a91913\axi_dmac_response_manager.$proc$library/axi_dmac/axi_dmac_response_manager.v:140$5413'.
Found and cleaned up 1 empty switch in `$paramod$f1a4a0376ec5b1cd544bc83756eb60eb1eb132ac\dest_axi_mm.$proc$library/axi_dmac/dest_axi_mm.v:185$5406'.
Removing empty process `$paramod$f1a4a0376ec5b1cd544bc83756eb60eb1eb132ac\dest_axi_mm.$proc$library/axi_dmac/dest_axi_mm.v:185$5406'.
Removing empty process `$paramod$1afe8ab17c8e13c231534502ea4d2d40af485178\util_axis_fifo.$proc$library/util_axis_fifo/util_axis_fifo.v:85$5403'.
Removing empty process `$paramod$1afe8ab17c8e13c231534502ea4d2d40af485178\util_axis_fifo.$proc$library/util_axis_fifo/util_axis_fifo.v:84$5402'.
Found and cleaned up 2 empty switches in `$paramod$1afe8ab17c8e13c231534502ea4d2d40af485178\util_axis_fifo.$proc$library/util_axis_fifo/util_axis_fifo.v:130$5398'.
Removing empty process `$paramod$1afe8ab17c8e13c231534502ea4d2d40af485178\util_axis_fifo.$proc$library/util_axis_fifo/util_axis_fifo.v:130$5398'.
Found and cleaned up 2 empty switches in `$paramod$1afe8ab17c8e13c231534502ea4d2d40af485178\util_axis_fifo.$proc$library/util_axis_fifo/util_axis_fifo.v:122$5394'.
Removing empty process `$paramod$1afe8ab17c8e13c231534502ea4d2d40af485178\util_axis_fifo.$proc$library/util_axis_fifo/util_axis_fifo.v:122$5394'.
Found and cleaned up 1 empty switch in `$paramod$1afe8ab17c8e13c231534502ea4d2d40af485178\util_axis_fifo.$proc$library/util_axis_fifo/util_axis_fifo.v:117$5390'.
Removing empty process `$paramod$1afe8ab17c8e13c231534502ea4d2d40af485178\util_axis_fifo.$proc$library/util_axis_fifo/util_axis_fifo.v:117$5390'.
Found and cleaned up 1 empty switch in `$paramod$c73d97a04183e90b57fb702ee7fd8f2a25156d08\src_fifo_inf.$proc$library/axi_dmac/src_fifo_inf.v:82$5383'.
Removing empty process `$paramod$c73d97a04183e90b57fb702ee7fd8f2a25156d08\src_fifo_inf.$proc$library/axi_dmac/src_fifo_inf.v:82$5383'.
Removing empty process `$paramod$01924709da0140cfdd64eb4a6092b021ce3e2f20\util_axis_fifo.$proc$library/util_axis_fifo/util_axis_fifo.v:85$5382'.
Removing empty process `$paramod$01924709da0140cfdd64eb4a6092b021ce3e2f20\util_axis_fifo.$proc$library/util_axis_fifo/util_axis_fifo.v:84$5381'.
Found and cleaned up 2 empty switches in `$paramod$01924709da0140cfdd64eb4a6092b021ce3e2f20\util_axis_fifo.$proc$library/util_axis_fifo/util_axis_fifo.v:130$5377'.
Removing empty process `$paramod$01924709da0140cfdd64eb4a6092b021ce3e2f20\util_axis_fifo.$proc$library/util_axis_fifo/util_axis_fifo.v:130$5377'.
Found and cleaned up 2 empty switches in `$paramod$01924709da0140cfdd64eb4a6092b021ce3e2f20\util_axis_fifo.$proc$library/util_axis_fifo/util_axis_fifo.v:122$5373'.
Removing empty process `$paramod$01924709da0140cfdd64eb4a6092b021ce3e2f20\util_axis_fifo.$proc$library/util_axis_fifo/util_axis_fifo.v:122$5373'.
Found and cleaned up 1 empty switch in `$paramod$01924709da0140cfdd64eb4a6092b021ce3e2f20\util_axis_fifo.$proc$library/util_axis_fifo/util_axis_fifo.v:117$5369'.
Removing empty process `$paramod$01924709da0140cfdd64eb4a6092b021ce3e2f20\util_axis_fifo.$proc$library/util_axis_fifo/util_axis_fifo.v:117$5369'.
Removing empty process `$paramod$e8d354e3749300844a280719bbc42e2d437f7dde\sync_bits.$proc$library/util_cdc/sync_bits.v:62$5364'.
Removing empty process `$paramod$e8d354e3749300844a280719bbc42e2d437f7dde\sync_bits.$proc$library/util_cdc/sync_bits.v:61$5363'.
Found and cleaned up 1 empty switch in `$paramod$e8d354e3749300844a280719bbc42e2d437f7dde\sync_bits.$proc$library/util_cdc/sync_bits.v:64$5361'.
Removing empty process `$paramod$e8d354e3749300844a280719bbc42e2d437f7dde\sync_bits.$proc$library/util_cdc/sync_bits.v:64$5361'.
Found and cleaned up 1 empty switch in `$paramod$ef74037a4828f83e971864de197da12792059f44\ad_mem_asym.$proc$library/common/ad_mem_asym.v:124$6383'.
Removing empty process `$paramod$ef74037a4828f83e971864de197da12792059f44\ad_mem_asym.$proc$library/common/ad_mem_asym.v:124$6383'.
Found and cleaned up 1 empty switch in `$paramod$ef74037a4828f83e971864de197da12792059f44\ad_mem_asym.$proc$library/common/ad_mem_asym.v:95$6375'.
Removing empty process `$paramod$ef74037a4828f83e971864de197da12792059f44\ad_mem_asym.$proc$library/common/ad_mem_asym.v:95$6375'.
Removing empty process `$paramod$23ac77f1046f06f32557b49c4671eb40ed5df477\util_axis_fifo_address_generator.$proc$library/util_axis_fifo/util_axis_fifo_address_generator.v:73$6100'.
Removing empty process `$paramod$23ac77f1046f06f32557b49c4671eb40ed5df477\util_axis_fifo_address_generator.$proc$library/util_axis_fifo/util_axis_fifo_address_generator.v:72$6099'.
Found and cleaned up 2 empty switches in `$paramod$23ac77f1046f06f32557b49c4671eb40ed5df477\util_axis_fifo_address_generator.$proc$library/util_axis_fifo/util_axis_fifo_address_generator.v:100$6087'.
Removing empty process `$paramod$23ac77f1046f06f32557b49c4671eb40ed5df477\util_axis_fifo_address_generator.$proc$library/util_axis_fifo/util_axis_fifo_address_generator.v:100$6087'.
Found and cleaned up 2 empty switches in `$paramod$23ac77f1046f06f32557b49c4671eb40ed5df477\util_axis_fifo_address_generator.$proc$library/util_axis_fifo/util_axis_fifo_address_generator.v:88$6081'.
Removing empty process `$paramod$23ac77f1046f06f32557b49c4671eb40ed5df477\util_axis_fifo_address_generator.$proc$library/util_axis_fifo/util_axis_fifo_address_generator.v:88$6081'.
Removing empty process `$paramod$0573c57a527b1c3f127d8cea0e3678bdf02916ed\util_axis_fifo.$proc$library/util_axis_fifo/util_axis_fifo.v:238$5195'.
Found and cleaned up 1 empty switch in `$paramod$0573c57a527b1c3f127d8cea0e3678bdf02916ed\util_axis_fifo.$proc$library/util_axis_fifo/util_axis_fifo.v:343$5191'.
Removing empty process `$paramod$0573c57a527b1c3f127d8cea0e3678bdf02916ed\util_axis_fifo.$proc$library/util_axis_fifo/util_axis_fifo.v:343$5191'.
Found and cleaned up 1 empty switch in `$paramod$0573c57a527b1c3f127d8cea0e3678bdf02916ed\util_axis_fifo.$proc$library/util_axis_fifo/util_axis_fifo.v:334$5184'.
Removing empty process `$paramod$0573c57a527b1c3f127d8cea0e3678bdf02916ed\util_axis_fifo.$proc$library/util_axis_fifo/util_axis_fifo.v:334$5184'.
Found and cleaned up 3 empty switches in `$paramod$0573c57a527b1c3f127d8cea0e3678bdf02916ed\util_axis_fifo.$proc$library/util_axis_fifo/util_axis_fifo.v:241$5178'.
Removing empty process `$paramod$0573c57a527b1c3f127d8cea0e3678bdf02916ed\util_axis_fifo.$proc$library/util_axis_fifo/util_axis_fifo.v:241$5178'.
Removing empty process `$paramod$b07e28671be3e23be94c7c6e0f81842dcc69e542\axi_dmac_regmap_request.$proc$library/axi_dmac/axi_dmac_regmap_request.v:155$6077'.
Removing empty process `$paramod$b07e28671be3e23be94c7c6e0f81842dcc69e542\axi_dmac_regmap_request.$proc$library/axi_dmac/axi_dmac_regmap_request.v:154$6076'.
Removing empty process `$paramod$b07e28671be3e23be94c7c6e0f81842dcc69e542\axi_dmac_regmap_request.$proc$library/axi_dmac/axi_dmac_regmap_request.v:153$6075'.
Removing empty process `$paramod$b07e28671be3e23be94c7c6e0f81842dcc69e542\axi_dmac_regmap_request.$proc$library/axi_dmac/axi_dmac_regmap_request.v:151$6074'.
Removing empty process `$paramod$b07e28671be3e23be94c7c6e0f81842dcc69e542\axi_dmac_regmap_request.$proc$library/axi_dmac/axi_dmac_regmap_request.v:146$6073'.
Removing empty process `$paramod$b07e28671be3e23be94c7c6e0f81842dcc69e542\axi_dmac_regmap_request.$proc$library/axi_dmac/axi_dmac_regmap_request.v:143$6072'.
Removing empty process `$paramod$b07e28671be3e23be94c7c6e0f81842dcc69e542\axi_dmac_regmap_request.$proc$library/axi_dmac/axi_dmac_regmap_request.v:142$6071'.
Removing empty process `$paramod$b07e28671be3e23be94c7c6e0f81842dcc69e542\axi_dmac_regmap_request.$proc$library/axi_dmac/axi_dmac_regmap_request.v:141$6070'.
Removing empty process `$paramod$b07e28671be3e23be94c7c6e0f81842dcc69e542\axi_dmac_regmap_request.$proc$library/axi_dmac/axi_dmac_regmap_request.v:139$6069'.
Removing empty process `$paramod$b07e28671be3e23be94c7c6e0f81842dcc69e542\axi_dmac_regmap_request.$proc$library/axi_dmac/axi_dmac_regmap_request.v:138$6068'.
Removing empty process `$paramod$b07e28671be3e23be94c7c6e0f81842dcc69e542\axi_dmac_regmap_request.$proc$library/axi_dmac/axi_dmac_regmap_request.v:137$6067'.
Removing empty process `$paramod$b07e28671be3e23be94c7c6e0f81842dcc69e542\axi_dmac_regmap_request.$proc$library/axi_dmac/axi_dmac_regmap_request.v:135$6066'.
Removing empty process `$paramod$b07e28671be3e23be94c7c6e0f81842dcc69e542\axi_dmac_regmap_request.$proc$library/axi_dmac/axi_dmac_regmap_request.v:134$6065'.
Removing empty process `$paramod$b07e28671be3e23be94c7c6e0f81842dcc69e542\axi_dmac_regmap_request.$proc$library/axi_dmac/axi_dmac_regmap_request.v:133$6064'.
Removing empty process `$paramod$b07e28671be3e23be94c7c6e0f81842dcc69e542\axi_dmac_regmap_request.$proc$library/axi_dmac/axi_dmac_regmap_request.v:130$6063'.
Removing empty process `$paramod$b07e28671be3e23be94c7c6e0f81842dcc69e542\axi_dmac_regmap_request.$proc$library/axi_dmac/axi_dmac_regmap_request.v:111$6062'.
Found and cleaned up 2 empty switches in `$paramod$b07e28671be3e23be94c7c6e0f81842dcc69e542\axi_dmac_regmap_request.$proc$library/axi_dmac/axi_dmac_regmap_request.v:425$6056'.
Removing empty process `$paramod$b07e28671be3e23be94c7c6e0f81842dcc69e542\axi_dmac_regmap_request.$proc$library/axi_dmac/axi_dmac_regmap_request.v:425$6056'.
Found and cleaned up 3 empty switches in `$paramod$b07e28671be3e23be94c7c6e0f81842dcc69e542\axi_dmac_regmap_request.$proc$library/axi_dmac/axi_dmac_regmap_request.v:415$6051'.
Removing empty process `$paramod$b07e28671be3e23be94c7c6e0f81842dcc69e542\axi_dmac_regmap_request.$proc$library/axi_dmac/axi_dmac_regmap_request.v:415$6051'.
Found and cleaned up 1 empty switch in `$paramod$b07e28671be3e23be94c7c6e0f81842dcc69e542\axi_dmac_regmap_request.$proc$library/axi_dmac/axi_dmac_regmap_request.v:409$6047'.
Removing empty process `$paramod$b07e28671be3e23be94c7c6e0f81842dcc69e542\axi_dmac_regmap_request.$proc$library/axi_dmac/axi_dmac_regmap_request.v:409$6047'.
Found and cleaned up 3 empty switches in `$paramod$b07e28671be3e23be94c7c6e0f81842dcc69e542\axi_dmac_regmap_request.$proc$library/axi_dmac/axi_dmac_regmap_request.v:399$6039'.
Removing empty process `$paramod$b07e28671be3e23be94c7c6e0f81842dcc69e542\axi_dmac_regmap_request.$proc$library/axi_dmac/axi_dmac_regmap_request.v:399$6039'.
Found and cleaned up 4 empty switches in `$paramod$b07e28671be3e23be94c7c6e0f81842dcc69e542\axi_dmac_regmap_request.$proc$library/axi_dmac/axi_dmac_regmap_request.v:385$6034'.
Removing empty process `$paramod$b07e28671be3e23be94c7c6e0f81842dcc69e542\axi_dmac_regmap_request.$proc$library/axi_dmac/axi_dmac_regmap_request.v:385$6034'.
Found and cleaned up 3 empty switches in `$paramod$b07e28671be3e23be94c7c6e0f81842dcc69e542\axi_dmac_regmap_request.$proc$library/axi_dmac/axi_dmac_regmap_request.v:364$5999'.
Removing empty process `$paramod$b07e28671be3e23be94c7c6e0f81842dcc69e542\axi_dmac_regmap_request.$proc$library/axi_dmac/axi_dmac_regmap_request.v:364$5999'.
Found and cleaned up 1 empty switch in `$paramod$b07e28671be3e23be94c7c6e0f81842dcc69e542\axi_dmac_regmap_request.$proc$library/axi_dmac/axi_dmac_regmap_request.v:208$5988'.
Removing empty process `$paramod$b07e28671be3e23be94c7c6e0f81842dcc69e542\axi_dmac_regmap_request.$proc$library/axi_dmac/axi_dmac_regmap_request.v:208$5988'.
Found and cleaned up 6 empty switches in `$paramod$b07e28671be3e23be94c7c6e0f81842dcc69e542\axi_dmac_regmap_request.$proc$library/axi_dmac/axi_dmac_regmap_request.v:165$5978'.
Removing empty process `$paramod$b07e28671be3e23be94c7c6e0f81842dcc69e542\axi_dmac_regmap_request.$proc$library/axi_dmac/axi_dmac_regmap_request.v:165$5978'.
Removing empty process `$paramod$6c352b980fb6ac9a4dc438bf4354d86f75530c37\address_generator.$proc$library/axi_dmac/address_generator.v:101$6372'.
Removing empty process `$paramod$6c352b980fb6ac9a4dc438bf4354d86f75530c37\address_generator.$proc$library/axi_dmac/address_generator.v:96$6371'.
Removing empty process `$paramod$6c352b980fb6ac9a4dc438bf4354d86f75530c37\address_generator.$proc$library/axi_dmac/address_generator.v:95$6370'.
Removing empty process `$paramod$6c352b980fb6ac9a4dc438bf4354d86f75530c37\address_generator.$proc$library/axi_dmac/address_generator.v:94$6369'.
Found and cleaned up 2 empty switches in `$paramod$6c352b980fb6ac9a4dc438bf4354d86f75530c37\address_generator.$proc$library/axi_dmac/address_generator.v:178$6327'.
Removing empty process `$paramod$6c352b980fb6ac9a4dc438bf4354d86f75530c37\address_generator.$proc$library/axi_dmac/address_generator.v:178$6327'.
Removing empty process `$paramod$6c352b980fb6ac9a4dc438bf4354d86f75530c37\address_generator.$proc$library/axi_dmac/address_generator.v:174$6326'.
Found and cleaned up 5 empty switches in `$paramod$6c352b980fb6ac9a4dc438bf4354d86f75530c37\address_generator.$proc$library/axi_dmac/address_generator.v:155$6311'.
Removing empty process `$paramod$6c352b980fb6ac9a4dc438bf4354d86f75530c37\address_generator.$proc$library/axi_dmac/address_generator.v:155$6311'.
Found and cleaned up 4 empty switches in `$paramod$6c352b980fb6ac9a4dc438bf4354d86f75530c37\address_generator.$proc$library/axi_dmac/address_generator.v:140$6301'.
Removing empty process `$paramod$6c352b980fb6ac9a4dc438bf4354d86f75530c37\address_generator.$proc$library/axi_dmac/address_generator.v:140$6301'.
Found and cleaned up 2 empty switches in `$paramod$6c352b980fb6ac9a4dc438bf4354d86f75530c37\address_generator.$proc$library/axi_dmac/address_generator.v:132$6295'.
Removing empty process `$paramod$6c352b980fb6ac9a4dc438bf4354d86f75530c37\address_generator.$proc$library/axi_dmac/address_generator.v:132$6295'.
Found and cleaned up 2 empty switches in `$paramod$6c352b980fb6ac9a4dc438bf4354d86f75530c37\address_generator.$proc$library/axi_dmac/address_generator.v:121$6292'.
Removing empty process `$paramod$6c352b980fb6ac9a4dc438bf4354d86f75530c37\address_generator.$proc$library/axi_dmac/address_generator.v:121$6292'.
Found and cleaned up 1 empty switch in `$paramod$6c352b980fb6ac9a4dc438bf4354d86f75530c37\address_generator.$proc$library/axi_dmac/address_generator.v:115$6288'.
Removing empty process `$paramod$6c352b980fb6ac9a4dc438bf4354d86f75530c37\address_generator.$proc$library/axi_dmac/address_generator.v:115$6288'.
Found and cleaned up 3 empty switches in `$paramod$6c352b980fb6ac9a4dc438bf4354d86f75530c37\address_generator.$proc$library/axi_dmac/address_generator.v:105$6284'.
Removing empty process `$paramod$6c352b980fb6ac9a4dc438bf4354d86f75530c37\address_generator.$proc$library/axi_dmac/address_generator.v:105$6284'.
Removing empty process `$paramod$377a945232991b12a6e8c778b58c3f929857479a\axi_dmac_reset_manager.$proc$library/axi_dmac/axi_dmac_reset_manager.v:243$5159'.
Removing empty process `$paramod$377a945232991b12a6e8c778b58c3f929857479a\axi_dmac_reset_manager.$proc$library/axi_dmac/axi_dmac_reset_manager.v:242$5158'.
Removing empty process `$paramod$377a945232991b12a6e8c778b58c3f929857479a\axi_dmac_reset_manager.$proc$library/axi_dmac/axi_dmac_reset_manager.v:241$5157'.
Removing empty process `$paramod$377a945232991b12a6e8c778b58c3f929857479a\axi_dmac_reset_manager.$proc$library/axi_dmac/axi_dmac_reset_manager.v:243$5156'.
Removing empty process `$paramod$377a945232991b12a6e8c778b58c3f929857479a\axi_dmac_reset_manager.$proc$library/axi_dmac/axi_dmac_reset_manager.v:242$5155'.
Removing empty process `$paramod$377a945232991b12a6e8c778b58c3f929857479a\axi_dmac_reset_manager.$proc$library/axi_dmac/axi_dmac_reset_manager.v:241$5154'.
Removing empty process `$paramod$377a945232991b12a6e8c778b58c3f929857479a\axi_dmac_reset_manager.$proc$library/axi_dmac/axi_dmac_reset_manager.v:243$5153'.
Removing empty process `$paramod$377a945232991b12a6e8c778b58c3f929857479a\axi_dmac_reset_manager.$proc$library/axi_dmac/axi_dmac_reset_manager.v:242$5152'.
Removing empty process `$paramod$377a945232991b12a6e8c778b58c3f929857479a\axi_dmac_reset_manager.$proc$library/axi_dmac/axi_dmac_reset_manager.v:241$5151'.
Removing empty process `$paramod$377a945232991b12a6e8c778b58c3f929857479a\axi_dmac_reset_manager.$proc$library/axi_dmac/axi_dmac_reset_manager.v:95$5150'.
Removing empty process `$paramod$377a945232991b12a6e8c778b58c3f929857479a\axi_dmac_reset_manager.$proc$library/axi_dmac/axi_dmac_reset_manager.v:94$5149'.
Removing empty process `$paramod$377a945232991b12a6e8c778b58c3f929857479a\axi_dmac_reset_manager.$proc$library/axi_dmac/axi_dmac_reset_manager.v:93$5148'.
Removing empty process `$paramod$377a945232991b12a6e8c778b58c3f929857479a\axi_dmac_reset_manager.$proc$library/axi_dmac/axi_dmac_reset_manager.v:92$5147'.
Removing empty process `$paramod$377a945232991b12a6e8c778b58c3f929857479a\axi_dmac_reset_manager.$proc$library/axi_dmac/axi_dmac_reset_manager.v:261$5146'.
Removing empty process `$paramod$377a945232991b12a6e8c778b58c3f929857479a\axi_dmac_reset_manager.$proc$library/axi_dmac/axi_dmac_reset_manager.v:253$5144'.
Removing empty process `$paramod$377a945232991b12a6e8c778b58c3f929857479a\axi_dmac_reset_manager.$proc$library/axi_dmac/axi_dmac_reset_manager.v:245$5142'.
Removing empty process `$paramod$377a945232991b12a6e8c778b58c3f929857479a\axi_dmac_reset_manager.$proc$library/axi_dmac/axi_dmac_reset_manager.v:261$5141'.
Removing empty process `$paramod$377a945232991b12a6e8c778b58c3f929857479a\axi_dmac_reset_manager.$proc$library/axi_dmac/axi_dmac_reset_manager.v:253$5139'.
Removing empty process `$paramod$377a945232991b12a6e8c778b58c3f929857479a\axi_dmac_reset_manager.$proc$library/axi_dmac/axi_dmac_reset_manager.v:245$5137'.
Removing empty process `$paramod$377a945232991b12a6e8c778b58c3f929857479a\axi_dmac_reset_manager.$proc$library/axi_dmac/axi_dmac_reset_manager.v:261$5136'.
Removing empty process `$paramod$377a945232991b12a6e8c778b58c3f929857479a\axi_dmac_reset_manager.$proc$library/axi_dmac/axi_dmac_reset_manager.v:253$5134'.
Removing empty process `$paramod$377a945232991b12a6e8c778b58c3f929857479a\axi_dmac_reset_manager.$proc$library/axi_dmac/axi_dmac_reset_manager.v:245$5132'.
Found and cleaned up 8 empty switches in `$paramod$377a945232991b12a6e8c778b58c3f929857479a\axi_dmac_reset_manager.$proc$library/axi_dmac/axi_dmac_reset_manager.v:167$5112'.
Removing empty process `$paramod$377a945232991b12a6e8c778b58c3f929857479a\axi_dmac_reset_manager.$proc$library/axi_dmac/axi_dmac_reset_manager.v:167$5112'.
Found and cleaned up 2 empty switches in `$paramod$377a945232991b12a6e8c778b58c3f929857479a\axi_dmac_reset_manager.$proc$library/axi_dmac/axi_dmac_reset_manager.v:159$5109'.
Removing empty process `$paramod$377a945232991b12a6e8c778b58c3f929857479a\axi_dmac_reset_manager.$proc$library/axi_dmac/axi_dmac_reset_manager.v:159$5109'.
Found and cleaned up 1 empty switch in `$paramod$377a945232991b12a6e8c778b58c3f929857479a\axi_dmac_reset_manager.$proc$library/axi_dmac/axi_dmac_reset_manager.v:124$5105'.
Removing empty process `$paramod$377a945232991b12a6e8c778b58c3f929857479a\axi_dmac_reset_manager.$proc$library/axi_dmac/axi_dmac_reset_manager.v:124$5105'.
Found and cleaned up 1 empty switch in `$paramod$377a945232991b12a6e8c778b58c3f929857479a\axi_dmac_reset_manager.$proc$library/axi_dmac/axi_dmac_reset_manager.v:116$5103'.
Removing empty process `$paramod$377a945232991b12a6e8c778b58c3f929857479a\axi_dmac_reset_manager.$proc$library/axi_dmac/axi_dmac_reset_manager.v:116$5103'.
Removing empty process `$paramod$0ddd129b71ea7e3caf9a33fca8f56446f090786c\request_arb.$proc$library/axi_dmac/request_arb.v:326$5102'.
Removing empty process `$paramod$0ddd129b71ea7e3caf9a33fca8f56446f090786c\request_arb.$proc$library/axi_dmac/request_arb.v:309$5101'.
Removing empty process `$paramod$0ddd129b71ea7e3caf9a33fca8f56446f090786c\request_arb.$proc$library/axi_dmac/request_arb.v:274$5100'.
Removing empty process `$paramod$0ddd129b71ea7e3caf9a33fca8f56446f090786c\request_arb.$proc$library/axi_dmac/request_arb.v:273$5099'.
Removing empty process `$paramod$0ddd129b71ea7e3caf9a33fca8f56446f090786c\request_arb.$proc$library/axi_dmac/request_arb.v:272$5098'.
Found and cleaned up 3 empty switches in `$paramod$0ddd129b71ea7e3caf9a33fca8f56446f090786c\request_arb.$proc$library/axi_dmac/request_arb.v:1107$5084'.
Removing empty process `$paramod$0ddd129b71ea7e3caf9a33fca8f56446f090786c\request_arb.$proc$library/axi_dmac/request_arb.v:1107$5084'.
Found and cleaned up 1 empty switch in `$paramod$0ddd129b71ea7e3caf9a33fca8f56446f090786c\request_arb.$proc$library/axi_dmac/request_arb.v:1099$5080'.
Removing empty process `$paramod$0ddd129b71ea7e3caf9a33fca8f56446f090786c\request_arb.$proc$library/axi_dmac/request_arb.v:1099$5080'.
Found and cleaned up 6 empty switches in `$paramod$0ddd129b71ea7e3caf9a33fca8f56446f090786c\request_arb.$proc$library/axi_dmac/request_arb.v:933$5007'.
Removing empty process `$paramod$0ddd129b71ea7e3caf9a33fca8f56446f090786c\request_arb.$proc$library/axi_dmac/request_arb.v:933$5007'.
Removing empty process `$paramod$0ddd129b71ea7e3caf9a33fca8f56446f090786c\request_arb.$proc$library/axi_dmac/request_arb.v:347$5003'.
Removing empty process `$paramod$0ddd129b71ea7e3caf9a33fca8f56446f090786c\request_arb.$proc$library/axi_dmac/request_arb.v:342$4999'.
Found and cleaned up 2 empty switches in `$paramod\response_handler\ID_WIDTH=s32'00000000000000000000000000000100.$proc$library/axi_dmac/response_handler.v:85$6239'.
Removing empty process `$paramod\response_handler\ID_WIDTH=s32'00000000000000000000000000000100.$proc$library/axi_dmac/response_handler.v:85$6239'.
Found and cleaned up 3 empty switches in `$paramod\response_handler\ID_WIDTH=s32'00000000000000000000000000000100.$proc$library/axi_dmac/response_handler.v:75$6235'.
Removing empty process `$paramod\response_handler\ID_WIDTH=s32'00000000000000000000000000000100.$proc$library/axi_dmac/response_handler.v:75$6235'.
Removing empty process `$paramod\up_axi\AXI_ADDRESS_WIDTH=s32'00000000000000000000000000001011.$proc$library/common/up_axi.v:99$4890'.
Removing empty process `$paramod\up_axi\AXI_ADDRESS_WIDTH=s32'00000000000000000000000000001011.$proc$library/common/up_axi.v:98$4889'.
Removing empty process `$paramod\up_axi\AXI_ADDRESS_WIDTH=s32'00000000000000000000000000001011.$proc$library/common/up_axi.v:97$4888'.
Removing empty process `$paramod\up_axi\AXI_ADDRESS_WIDTH=s32'00000000000000000000000000001011.$proc$library/common/up_axi.v:96$4887'.
Removing empty process `$paramod\up_axi\AXI_ADDRESS_WIDTH=s32'00000000000000000000000000001011.$proc$library/common/up_axi.v:95$4886'.
Removing empty process `$paramod\up_axi\AXI_ADDRESS_WIDTH=s32'00000000000000000000000000001011.$proc$library/common/up_axi.v:94$4885'.
Removing empty process `$paramod\up_axi\AXI_ADDRESS_WIDTH=s32'00000000000000000000000000001011.$proc$library/common/up_axi.v:93$4884'.
Removing empty process `$paramod\up_axi\AXI_ADDRESS_WIDTH=s32'00000000000000000000000000001011.$proc$library/common/up_axi.v:92$4883'.
Removing empty process `$paramod\up_axi\AXI_ADDRESS_WIDTH=s32'00000000000000000000000000001011.$proc$library/common/up_axi.v:91$4882'.
Removing empty process `$paramod\up_axi\AXI_ADDRESS_WIDTH=s32'00000000000000000000000000001011.$proc$library/common/up_axi.v:90$4881'.
Removing empty process `$paramod\up_axi\AXI_ADDRESS_WIDTH=s32'00000000000000000000000000001011.$proc$library/common/up_axi.v:89$4880'.
Removing empty process `$paramod\up_axi\AXI_ADDRESS_WIDTH=s32'00000000000000000000000000001011.$proc$library/common/up_axi.v:88$4879'.
Removing empty process `$paramod\up_axi\AXI_ADDRESS_WIDTH=s32'00000000000000000000000000001011.$proc$library/common/up_axi.v:87$4878'.
Removing empty process `$paramod\up_axi\AXI_ADDRESS_WIDTH=s32'00000000000000000000000000001011.$proc$library/common/up_axi.v:86$4877'.
Removing empty process `$paramod\up_axi\AXI_ADDRESS_WIDTH=s32'00000000000000000000000000001011.$proc$library/common/up_axi.v:85$4876'.
Removing empty process `$paramod\up_axi\AXI_ADDRESS_WIDTH=s32'00000000000000000000000000001011.$proc$library/common/up_axi.v:84$4875'.
Removing empty process `$paramod\up_axi\AXI_ADDRESS_WIDTH=s32'00000000000000000000000000001011.$proc$library/common/up_axi.v:83$4874'.
Removing empty process `$paramod\up_axi\AXI_ADDRESS_WIDTH=s32'00000000000000000000000000001011.$proc$library/common/up_axi.v:82$4873'.
Found and cleaned up 6 empty switches in `$paramod\up_axi\AXI_ADDRESS_WIDTH=s32'00000000000000000000000000001011.$proc$library/common/up_axi.v:207$4863'.
Removing empty process `$paramod\up_axi\AXI_ADDRESS_WIDTH=s32'00000000000000000000000000001011.$proc$library/common/up_axi.v:207$4863'.
Found and cleaned up 5 empty switches in `$paramod\up_axi\AXI_ADDRESS_WIDTH=s32'00000000000000000000000000001011.$proc$library/common/up_axi.v:181$4850'.
Removing empty process `$paramod\up_axi\AXI_ADDRESS_WIDTH=s32'00000000000000000000000000001011.$proc$library/common/up_axi.v:181$4850'.
Found and cleaned up 6 empty switches in `$paramod\up_axi\AXI_ADDRESS_WIDTH=s32'00000000000000000000000000001011.$proc$library/common/up_axi.v:143$4838'.
Removing empty process `$paramod\up_axi\AXI_ADDRESS_WIDTH=s32'00000000000000000000000000001011.$proc$library/common/up_axi.v:143$4838'.
Found and cleaned up 7 empty switches in `$paramod\up_axi\AXI_ADDRESS_WIDTH=s32'00000000000000000000000000001011.$proc$library/common/up_axi.v:114$4825'.
Removing empty process `$paramod\up_axi\AXI_ADDRESS_WIDTH=s32'00000000000000000000000000001011.$proc$library/common/up_axi.v:114$4825'.
Removing empty process `$paramod$42da77d14aa658d4baa5d7284757edced5bc7a84\axi_dmac_regmap.$proc$library/axi_dmac/axi_dmac_regmap.v:177$4824'.
Removing empty process `$paramod$42da77d14aa658d4baa5d7284757edced5bc7a84\axi_dmac_regmap.$proc$library/axi_dmac/axi_dmac_regmap.v:176$4823'.
Removing empty process `$paramod$42da77d14aa658d4baa5d7284757edced5bc7a84\axi_dmac_regmap.$proc$library/axi_dmac/axi_dmac_regmap.v:169$4822'.
Removing empty process `$paramod$42da77d14aa658d4baa5d7284757edced5bc7a84\axi_dmac_regmap.$proc$library/axi_dmac/axi_dmac_regmap.v:159$4821'.
Removing empty process `$paramod$42da77d14aa658d4baa5d7284757edced5bc7a84\axi_dmac_regmap.$proc$library/axi_dmac/axi_dmac_regmap.v:158$4820'.
Removing empty process `$paramod$42da77d14aa658d4baa5d7284757edced5bc7a84\axi_dmac_regmap.$proc$library/axi_dmac/axi_dmac_regmap.v:157$4819'.
Removing empty process `$paramod$42da77d14aa658d4baa5d7284757edced5bc7a84\axi_dmac_regmap.$proc$library/axi_dmac/axi_dmac_regmap.v:113$4818'.
Removing empty process `$paramod$42da77d14aa658d4baa5d7284757edced5bc7a84\axi_dmac_regmap.$proc$library/axi_dmac/axi_dmac_regmap.v:112$4817'.
Removing empty process `$paramod$42da77d14aa658d4baa5d7284757edced5bc7a84\axi_dmac_regmap.$proc$library/axi_dmac/axi_dmac_regmap.v:111$4816'.
Removing empty process `$paramod$42da77d14aa658d4baa5d7284757edced5bc7a84\axi_dmac_regmap.$proc$library/axi_dmac/axi_dmac_regmap.v:110$4815'.
Found and cleaned up 2 empty switches in `$paramod$42da77d14aa658d4baa5d7284757edced5bc7a84\axi_dmac_regmap.$proc$library/axi_dmac/axi_dmac_regmap.v:245$4812'.
Removing empty process `$paramod$42da77d14aa658d4baa5d7284757edced5bc7a84\axi_dmac_regmap.$proc$library/axi_dmac/axi_dmac_regmap.v:245$4812'.
Found and cleaned up 1 empty switch in `$paramod$42da77d14aa658d4baa5d7284757edced5bc7a84\axi_dmac_regmap.$proc$library/axi_dmac/axi_dmac_regmap.v:237$4810'.
Removing empty process `$paramod$42da77d14aa658d4baa5d7284757edced5bc7a84\axi_dmac_regmap.$proc$library/axi_dmac/axi_dmac_regmap.v:237$4810'.
Found and cleaned up 3 empty switches in `$paramod$42da77d14aa658d4baa5d7284757edced5bc7a84\axi_dmac_regmap.$proc$library/axi_dmac/axi_dmac_regmap.v:206$4805'.
Removing empty process `$paramod$42da77d14aa658d4baa5d7284757edced5bc7a84\axi_dmac_regmap.$proc$library/axi_dmac/axi_dmac_regmap.v:206$4805'.
Found and cleaned up 1 empty switch in `$paramod$42da77d14aa658d4baa5d7284757edced5bc7a84\axi_dmac_regmap.$proc$library/axi_dmac/axi_dmac_regmap.v:196$4800'.
Removing empty process `$paramod$42da77d14aa658d4baa5d7284757edced5bc7a84\axi_dmac_regmap.$proc$library/axi_dmac/axi_dmac_regmap.v:196$4800'.
Found and cleaned up 1 empty switch in `$paramod$42da77d14aa658d4baa5d7284757edced5bc7a84\axi_dmac_regmap.$proc$library/axi_dmac/axi_dmac_regmap.v:188$4797'.
Removing empty process `$paramod$42da77d14aa658d4baa5d7284757edced5bc7a84\axi_dmac_regmap.$proc$library/axi_dmac/axi_dmac_regmap.v:188$4797'.
Cleaned up 225 empty switches.

91.4.12. Executing OPT_EXPR pass (perform const folding).
Optimizing module $paramod$c73d97a04183e90b57fb702ee7fd8f2a25156d08\data_mover.
<suppressed ~27 debug messages>
Optimizing module $paramod$5acb469efc81823004da6ca1328d8e1fb85ceb93\sync_bits.
<suppressed ~3 debug messages>
Optimizing module $paramod$db14d8e08b9da1baf7d5e24ade11f7bc9f65f77f\axi_register_slice.
Optimizing module $paramod$88d936154720f81d31a09e530dba3fef38790d39\axi_dmac_burst_memory.
<suppressed ~31 debug messages>
Optimizing module $paramod$7b69f83a2900dc1fcf81fb1fed977ce24b991b42\axi_register_slice.
Optimizing module $paramod$4f6dc395be3c3604eb10b08b083b96d2ec972d8f\util_axis_fifo.
<suppressed ~6 debug messages>
Optimizing module $paramod$83d09f0e74a4304d54a271ecff10511e78e32d78\util_axis_fifo.
<suppressed ~6 debug messages>
Optimizing module $paramod$bcd9b23df7516666ebc299b907ab91e542f09a00\request_generator.
<suppressed ~33 debug messages>
Optimizing module $paramod$d3875e1858f4ffe397651d6aac111ca353a91913\axi_dmac_response_manager.
<suppressed ~29 debug messages>
Optimizing module $paramod$a88f49773dfdfd6a58e8411af64af2aabde9bc81\axi_dmac_ext_sync.
Optimizing module $paramod$f1a4a0376ec5b1cd544bc83756eb60eb1eb132ac\dest_axi_mm.
Optimizing module $paramod$1afe8ab17c8e13c231534502ea4d2d40af485178\util_axis_fifo.
<suppressed ~6 debug messages>
Optimizing module $paramod$c73d97a04183e90b57fb702ee7fd8f2a25156d08\src_fifo_inf.
Optimizing module $paramod$01924709da0140cfdd64eb4a6092b021ce3e2f20\util_axis_fifo.
<suppressed ~6 debug messages>
Optimizing module $paramod$e8d354e3749300844a280719bbc42e2d437f7dde\sync_bits.
<suppressed ~3 debug messages>
Optimizing module $paramod$ef74037a4828f83e971864de197da12792059f44\ad_mem_asym.
<suppressed ~2 debug messages>
Optimizing module $paramod$23ac77f1046f06f32557b49c4671eb40ed5df477\util_axis_fifo_address_generator.
<suppressed ~3 debug messages>
Optimizing module $paramod$0573c57a527b1c3f127d8cea0e3678bdf02916ed\util_axis_fifo.
<suppressed ~2 debug messages>
Optimizing module $paramod$a42d76110c04d060e9167c4f724e8ae3f9915f98\axi_dmac_resize_src.
Optimizing module $paramod$b07e28671be3e23be94c7c6e0f81842dcc69e542\axi_dmac_regmap_request.
<suppressed ~37 debug messages>
Optimizing module $paramod$41ab36ca231a9b37846cc7e0f35a587c74c783b4\axi_dmac_resize_dest.
Optimizing module $paramod$6c352b980fb6ac9a4dc438bf4354d86f75530c37\address_generator.
<suppressed ~60 debug messages>
Optimizing module $paramod$377a945232991b12a6e8c778b58c3f929857479a\axi_dmac_reset_manager.
<suppressed ~28 debug messages>
Optimizing module $paramod$0ddd129b71ea7e3caf9a33fca8f56446f090786c\request_arb.
<suppressed ~94 debug messages>
Optimizing module $paramod\response_handler\ID_WIDTH=s32'00000000000000000000000000000100.
<suppressed ~33 debug messages>
Optimizing module $paramod\up_axi\AXI_ADDRESS_WIDTH=s32'00000000000000000000000000001011.
<suppressed ~46 debug messages>
Optimizing module $paramod$42da77d14aa658d4baa5d7284757edced5bc7a84\axi_dmac_regmap.
<suppressed ~20 debug messages>
Optimizing module $paramod$28f0d647c9f9e5c5b3c3bbb0ce76ef8e806fae87\axi_dmac_transfer.
<suppressed ~2 debug messages>
Optimizing module axi_dmac.

91.5. Executing CHECK pass (checking for obvious problems).
Checking module $paramod$c73d97a04183e90b57fb702ee7fd8f2a25156d08\data_mover...
Checking module $paramod$5acb469efc81823004da6ca1328d8e1fb85ceb93\sync_bits...
Checking module $paramod$db14d8e08b9da1baf7d5e24ade11f7bc9f65f77f\axi_register_slice...
Checking module $paramod$88d936154720f81d31a09e530dba3fef38790d39\axi_dmac_burst_memory...
Checking module $paramod$7b69f83a2900dc1fcf81fb1fed977ce24b991b42\axi_register_slice...
Checking module $paramod$4f6dc395be3c3604eb10b08b083b96d2ec972d8f\util_axis_fifo...
Checking module $paramod$83d09f0e74a4304d54a271ecff10511e78e32d78\util_axis_fifo...
Checking module $paramod$bcd9b23df7516666ebc299b907ab91e542f09a00\request_generator...
Checking module $paramod$d3875e1858f4ffe397651d6aac111ca353a91913\axi_dmac_response_manager...
Checking module $paramod$a88f49773dfdfd6a58e8411af64af2aabde9bc81\axi_dmac_ext_sync...
Checking module $paramod$f1a4a0376ec5b1cd544bc83756eb60eb1eb132ac\dest_axi_mm...
Checking module $paramod$1afe8ab17c8e13c231534502ea4d2d40af485178\util_axis_fifo...
Checking module $paramod$c73d97a04183e90b57fb702ee7fd8f2a25156d08\src_fifo_inf...
Checking module $paramod$01924709da0140cfdd64eb4a6092b021ce3e2f20\util_axis_fifo...
Checking module $paramod$e8d354e3749300844a280719bbc42e2d437f7dde\sync_bits...
Checking module $paramod$ef74037a4828f83e971864de197da12792059f44\ad_mem_asym...
Checking module $paramod$23ac77f1046f06f32557b49c4671eb40ed5df477\util_axis_fifo_address_generator...
Checking module $paramod$0573c57a527b1c3f127d8cea0e3678bdf02916ed\util_axis_fifo...
Checking module $paramod$a42d76110c04d060e9167c4f724e8ae3f9915f98\axi_dmac_resize_src...
Checking module $paramod$b07e28671be3e23be94c7c6e0f81842dcc69e542\axi_dmac_regmap_request...
Checking module $paramod$41ab36ca231a9b37846cc7e0f35a587c74c783b4\axi_dmac_resize_dest...
Checking module $paramod$6c352b980fb6ac9a4dc438bf4354d86f75530c37\address_generator...
Checking module $paramod$377a945232991b12a6e8c778b58c3f929857479a\axi_dmac_reset_manager...
Checking module $paramod$0ddd129b71ea7e3caf9a33fca8f56446f090786c\request_arb...
Checking module $paramod\response_handler\ID_WIDTH=s32'00000000000000000000000000000100...
Checking module $paramod\up_axi\AXI_ADDRESS_WIDTH=s32'00000000000000000000000000001011...
Checking module $paramod$42da77d14aa658d4baa5d7284757edced5bc7a84\axi_dmac_regmap...
Checking module $paramod$28f0d647c9f9e5c5b3c3bbb0ce76ef8e806fae87\axi_dmac_transfer...
Warning: Wire $paramod$28f0d647c9f9e5c5b3c3bbb0ce76ef8e806fae87\axi_dmac_transfer.\m_sg_axi_arvalid is used but has no driver.
Warning: Wire $paramod$28f0d647c9f9e5c5b3c3bbb0ce76ef8e806fae87\axi_dmac_transfer.\m_sg_axi_araddr [63] is used but has no driver.
Warning: Wire $paramod$28f0d647c9f9e5c5b3c3bbb0ce76ef8e806fae87\axi_dmac_transfer.\m_sg_axi_araddr [62] is used but has no driver.
Warning: Wire $paramod$28f0d647c9f9e5c5b3c3bbb0ce76ef8e806fae87\axi_dmac_transfer.\m_sg_axi_araddr [61] is used but has no driver.
Warning: Wire $paramod$28f0d647c9f9e5c5b3c3bbb0ce76ef8e806fae87\axi_dmac_transfer.\m_sg_axi_araddr [60] is used but has no driver.
Warning: Wire $paramod$28f0d647c9f9e5c5b3c3bbb0ce76ef8e806fae87\axi_dmac_transfer.\m_sg_axi_araddr [59] is used but has no driver.
Warning: Wire $paramod$28f0d647c9f9e5c5b3c3bbb0ce76ef8e806fae87\axi_dmac_transfer.\m_sg_axi_araddr [58] is used but has no driver.
Warning: Wire $paramod$28f0d647c9f9e5c5b3c3bbb0ce76ef8e806fae87\axi_dmac_transfer.\m_sg_axi_araddr [57] is used but has no driver.
Warning: Wire $paramod$28f0d647c9f9e5c5b3c3bbb0ce76ef8e806fae87\axi_dmac_transfer.\m_sg_axi_araddr [56] is used but has no driver.
Warning: Wire $paramod$28f0d647c9f9e5c5b3c3bbb0ce76ef8e806fae87\axi_dmac_transfer.\m_sg_axi_araddr [55] is used but has no driver.
Warning: Wire $paramod$28f0d647c9f9e5c5b3c3bbb0ce76ef8e806fae87\axi_dmac_transfer.\m_sg_axi_araddr [54] is used but has no driver.
Warning: Wire $paramod$28f0d647c9f9e5c5b3c3bbb0ce76ef8e806fae87\axi_dmac_transfer.\m_sg_axi_araddr [53] is used but has no driver.
Warning: Wire $paramod$28f0d647c9f9e5c5b3c3bbb0ce76ef8e806fae87\axi_dmac_transfer.\m_sg_axi_araddr [52] is used but has no driver.
Warning: Wire $paramod$28f0d647c9f9e5c5b3c3bbb0ce76ef8e806fae87\axi_dmac_transfer.\m_sg_axi_araddr [51] is used but has no driver.
Warning: Wire $paramod$28f0d647c9f9e5c5b3c3bbb0ce76ef8e806fae87\axi_dmac_transfer.\m_sg_axi_araddr [50] is used but has no driver.
Warning: Wire $paramod$28f0d647c9f9e5c5b3c3bbb0ce76ef8e806fae87\axi_dmac_transfer.\m_sg_axi_araddr [49] is used but has no driver.
Warning: Wire $paramod$28f0d647c9f9e5c5b3c3bbb0ce76ef8e806fae87\axi_dmac_transfer.\m_sg_axi_araddr [48] is used but has no driver.
Warning: Wire $paramod$28f0d647c9f9e5c5b3c3bbb0ce76ef8e806fae87\axi_dmac_transfer.\m_sg_axi_araddr [47] is used but has no driver.
Warning: Wire $paramod$28f0d647c9f9e5c5b3c3bbb0ce76ef8e806fae87\axi_dmac_transfer.\m_sg_axi_araddr [46] is used but has no driver.
Warning: Wire $paramod$28f0d647c9f9e5c5b3c3bbb0ce76ef8e806fae87\axi_dmac_transfer.\m_sg_axi_araddr [45] is used but has no driver.
Warning: Wire $paramod$28f0d647c9f9e5c5b3c3bbb0ce76ef8e806fae87\axi_dmac_transfer.\m_sg_axi_araddr [44] is used but has no driver.
Warning: Wire $paramod$28f0d647c9f9e5c5b3c3bbb0ce76ef8e806fae87\axi_dmac_transfer.\m_sg_axi_araddr [43] is used but has no driver.
Warning: Wire $paramod$28f0d647c9f9e5c5b3c3bbb0ce76ef8e806fae87\axi_dmac_transfer.\m_sg_axi_araddr [42] is used but has no driver.
Warning: Wire $paramod$28f0d647c9f9e5c5b3c3bbb0ce76ef8e806fae87\axi_dmac_transfer.\m_sg_axi_araddr [41] is used but has no driver.
Warning: Wire $paramod$28f0d647c9f9e5c5b3c3bbb0ce76ef8e806fae87\axi_dmac_transfer.\m_sg_axi_araddr [40] is used but has no driver.
Warning: Wire $paramod$28f0d647c9f9e5c5b3c3bbb0ce76ef8e806fae87\axi_dmac_transfer.\m_sg_axi_araddr [39] is used but has no driver.
Warning: Wire $paramod$28f0d647c9f9e5c5b3c3bbb0ce76ef8e806fae87\axi_dmac_transfer.\m_sg_axi_araddr [38] is used but has no driver.
Warning: Wire $paramod$28f0d647c9f9e5c5b3c3bbb0ce76ef8e806fae87\axi_dmac_transfer.\m_sg_axi_araddr [37] is used but has no driver.
Warning: Wire $paramod$28f0d647c9f9e5c5b3c3bbb0ce76ef8e806fae87\axi_dmac_transfer.\m_sg_axi_araddr [36] is used but has no driver.
Warning: Wire $paramod$28f0d647c9f9e5c5b3c3bbb0ce76ef8e806fae87\axi_dmac_transfer.\m_sg_axi_araddr [35] is used but has no driver.
Warning: Wire $paramod$28f0d647c9f9e5c5b3c3bbb0ce76ef8e806fae87\axi_dmac_transfer.\m_sg_axi_araddr [34] is used but has no driver.
Warning: Wire $paramod$28f0d647c9f9e5c5b3c3bbb0ce76ef8e806fae87\axi_dmac_transfer.\m_sg_axi_araddr [33] is used but has no driver.
Warning: Wire $paramod$28f0d647c9f9e5c5b3c3bbb0ce76ef8e806fae87\axi_dmac_transfer.\m_sg_axi_araddr [32] is used but has no driver.
Warning: Wire $paramod$28f0d647c9f9e5c5b3c3bbb0ce76ef8e806fae87\axi_dmac_transfer.\m_sg_axi_araddr [31] is used but has no driver.
Warning: Wire $paramod$28f0d647c9f9e5c5b3c3bbb0ce76ef8e806fae87\axi_dmac_transfer.\m_sg_axi_araddr [30] is used but has no driver.
Warning: Wire $paramod$28f0d647c9f9e5c5b3c3bbb0ce76ef8e806fae87\axi_dmac_transfer.\m_sg_axi_araddr [29] is used but has no driver.
Warning: Wire $paramod$28f0d647c9f9e5c5b3c3bbb0ce76ef8e806fae87\axi_dmac_transfer.\m_sg_axi_araddr [28] is used but has no driver.
Warning: Wire $paramod$28f0d647c9f9e5c5b3c3bbb0ce76ef8e806fae87\axi_dmac_transfer.\m_sg_axi_araddr [27] is used but has no driver.
Warning: Wire $paramod$28f0d647c9f9e5c5b3c3bbb0ce76ef8e806fae87\axi_dmac_transfer.\m_sg_axi_araddr [26] is used but has no driver.
Warning: Wire $paramod$28f0d647c9f9e5c5b3c3bbb0ce76ef8e806fae87\axi_dmac_transfer.\m_sg_axi_araddr [25] is used but has no driver.
Warning: Wire $paramod$28f0d647c9f9e5c5b3c3bbb0ce76ef8e806fae87\axi_dmac_transfer.\m_sg_axi_araddr [24] is used but has no driver.
Warning: Wire $paramod$28f0d647c9f9e5c5b3c3bbb0ce76ef8e806fae87\axi_dmac_transfer.\m_sg_axi_araddr [23] is used but has no driver.
Warning: Wire $paramod$28f0d647c9f9e5c5b3c3bbb0ce76ef8e806fae87\axi_dmac_transfer.\m_sg_axi_araddr [22] is used but has no driver.
Warning: Wire $paramod$28f0d647c9f9e5c5b3c3bbb0ce76ef8e806fae87\axi_dmac_transfer.\m_sg_axi_araddr [21] is used but has no driver.
Warning: Wire $paramod$28f0d647c9f9e5c5b3c3bbb0ce76ef8e806fae87\axi_dmac_transfer.\m_sg_axi_araddr [20] is used but has no driver.
Warning: Wire $paramod$28f0d647c9f9e5c5b3c3bbb0ce76ef8e806fae87\axi_dmac_transfer.\m_sg_axi_araddr [19] is used but has no driver.
Warning: Wire $paramod$28f0d647c9f9e5c5b3c3bbb0ce76ef8e806fae87\axi_dmac_transfer.\m_sg_axi_araddr [18] is used but has no driver.
Warning: Wire $paramod$28f0d647c9f9e5c5b3c3bbb0ce76ef8e806fae87\axi_dmac_transfer.\m_sg_axi_araddr [17] is used but has no driver.
Warning: Wire $paramod$28f0d647c9f9e5c5b3c3bbb0ce76ef8e806fae87\axi_dmac_transfer.\m_sg_axi_araddr [16] is used but has no driver.
Warning: Wire $paramod$28f0d647c9f9e5c5b3c3bbb0ce76ef8e806fae87\axi_dmac_transfer.\m_sg_axi_araddr [15] is used but has no driver.
Warning: Wire $paramod$28f0d647c9f9e5c5b3c3bbb0ce76ef8e806fae87\axi_dmac_transfer.\m_sg_axi_araddr [14] is used but has no driver.
Warning: Wire $paramod$28f0d647c9f9e5c5b3c3bbb0ce76ef8e806fae87\axi_dmac_transfer.\m_sg_axi_araddr [13] is used but has no driver.
Warning: Wire $paramod$28f0d647c9f9e5c5b3c3bbb0ce76ef8e806fae87\axi_dmac_transfer.\m_sg_axi_araddr [12] is used but has no driver.
Warning: Wire $paramod$28f0d647c9f9e5c5b3c3bbb0ce76ef8e806fae87\axi_dmac_transfer.\m_sg_axi_araddr [11] is used but has no driver.
Warning: Wire $paramod$28f0d647c9f9e5c5b3c3bbb0ce76ef8e806fae87\axi_dmac_transfer.\m_sg_axi_araddr [10] is used but has no driver.
Warning: Wire $paramod$28f0d647c9f9e5c5b3c3bbb0ce76ef8e806fae87\axi_dmac_transfer.\m_sg_axi_araddr [9] is used but has no driver.
Warning: Wire $paramod$28f0d647c9f9e5c5b3c3bbb0ce76ef8e806fae87\axi_dmac_transfer.\m_sg_axi_araddr [8] is used but has no driver.
Warning: Wire $paramod$28f0d647c9f9e5c5b3c3bbb0ce76ef8e806fae87\axi_dmac_transfer.\m_sg_axi_araddr [7] is used but has no driver.
Warning: Wire $paramod$28f0d647c9f9e5c5b3c3bbb0ce76ef8e806fae87\axi_dmac_transfer.\m_sg_axi_araddr [6] is used but has no driver.
Warning: Wire $paramod$28f0d647c9f9e5c5b3c3bbb0ce76ef8e806fae87\axi_dmac_transfer.\m_sg_axi_araddr [5] is used but has no driver.
Warning: Wire $paramod$28f0d647c9f9e5c5b3c3bbb0ce76ef8e806fae87\axi_dmac_transfer.\m_sg_axi_araddr [4] is used but has no driver.
Warning: Wire $paramod$28f0d647c9f9e5c5b3c3bbb0ce76ef8e806fae87\axi_dmac_transfer.\m_sg_axi_araddr [3] is used but has no driver.
Warning: Wire $paramod$28f0d647c9f9e5c5b3c3bbb0ce76ef8e806fae87\axi_dmac_transfer.\m_sg_axi_araddr [2] is used but has no driver.
Warning: Wire $paramod$28f0d647c9f9e5c5b3c3bbb0ce76ef8e806fae87\axi_dmac_transfer.\m_sg_axi_araddr [1] is used but has no driver.
Warning: Wire $paramod$28f0d647c9f9e5c5b3c3bbb0ce76ef8e806fae87\axi_dmac_transfer.\m_sg_axi_araddr [0] is used but has no driver.
Warning: Wire $paramod$28f0d647c9f9e5c5b3c3bbb0ce76ef8e806fae87\axi_dmac_transfer.\m_sg_axi_arlen [7] is used but has no driver.
Warning: Wire $paramod$28f0d647c9f9e5c5b3c3bbb0ce76ef8e806fae87\axi_dmac_transfer.\m_sg_axi_arlen [6] is used but has no driver.
Warning: Wire $paramod$28f0d647c9f9e5c5b3c3bbb0ce76ef8e806fae87\axi_dmac_transfer.\m_sg_axi_arlen [5] is used but has no driver.
Warning: Wire $paramod$28f0d647c9f9e5c5b3c3bbb0ce76ef8e806fae87\axi_dmac_transfer.\m_sg_axi_arlen [4] is used but has no driver.
Warning: Wire $paramod$28f0d647c9f9e5c5b3c3bbb0ce76ef8e806fae87\axi_dmac_transfer.\m_sg_axi_arlen [3] is used but has no driver.
Warning: Wire $paramod$28f0d647c9f9e5c5b3c3bbb0ce76ef8e806fae87\axi_dmac_transfer.\m_sg_axi_arlen [2] is used but has no driver.
Warning: Wire $paramod$28f0d647c9f9e5c5b3c3bbb0ce76ef8e806fae87\axi_dmac_transfer.\m_sg_axi_arlen [1] is used but has no driver.
Warning: Wire $paramod$28f0d647c9f9e5c5b3c3bbb0ce76ef8e806fae87\axi_dmac_transfer.\m_sg_axi_arlen [0] is used but has no driver.
Warning: Wire $paramod$28f0d647c9f9e5c5b3c3bbb0ce76ef8e806fae87\axi_dmac_transfer.\m_sg_axi_arsize [2] is used but has no driver.
Warning: Wire $paramod$28f0d647c9f9e5c5b3c3bbb0ce76ef8e806fae87\axi_dmac_transfer.\m_sg_axi_arsize [1] is used but has no driver.
Warning: Wire $paramod$28f0d647c9f9e5c5b3c3bbb0ce76ef8e806fae87\axi_dmac_transfer.\m_sg_axi_arsize [0] is used but has no driver.
Warning: Wire $paramod$28f0d647c9f9e5c5b3c3bbb0ce76ef8e806fae87\axi_dmac_transfer.\m_sg_axi_arburst [1] is used but has no driver.
Warning: Wire $paramod$28f0d647c9f9e5c5b3c3bbb0ce76ef8e806fae87\axi_dmac_transfer.\m_sg_axi_arburst [0] is used but has no driver.
Warning: Wire $paramod$28f0d647c9f9e5c5b3c3bbb0ce76ef8e806fae87\axi_dmac_transfer.\m_sg_axi_arprot [2] is used but has no driver.
Warning: Wire $paramod$28f0d647c9f9e5c5b3c3bbb0ce76ef8e806fae87\axi_dmac_transfer.\m_sg_axi_arprot [1] is used but has no driver.
Warning: Wire $paramod$28f0d647c9f9e5c5b3c3bbb0ce76ef8e806fae87\axi_dmac_transfer.\m_sg_axi_arprot [0] is used but has no driver.
Warning: Wire $paramod$28f0d647c9f9e5c5b3c3bbb0ce76ef8e806fae87\axi_dmac_transfer.\m_sg_axi_arcache [3] is used but has no driver.
Warning: Wire $paramod$28f0d647c9f9e5c5b3c3bbb0ce76ef8e806fae87\axi_dmac_transfer.\m_sg_axi_arcache [2] is used but has no driver.
Warning: Wire $paramod$28f0d647c9f9e5c5b3c3bbb0ce76ef8e806fae87\axi_dmac_transfer.\m_sg_axi_arcache [1] is used but has no driver.
Warning: Wire $paramod$28f0d647c9f9e5c5b3c3bbb0ce76ef8e806fae87\axi_dmac_transfer.\m_sg_axi_arcache [0] is used but has no driver.
Warning: Wire $paramod$28f0d647c9f9e5c5b3c3bbb0ce76ef8e806fae87\axi_dmac_transfer.\m_sg_axi_rready is used but has no driver.
Warning: Wire $paramod$28f0d647c9f9e5c5b3c3bbb0ce76ef8e806fae87\axi_dmac_transfer.\m_frame_out [2] is used but has no driver.
Warning: Wire $paramod$28f0d647c9f9e5c5b3c3bbb0ce76ef8e806fae87\axi_dmac_transfer.\m_frame_out [1] is used but has no driver.
Warning: Wire $paramod$28f0d647c9f9e5c5b3c3bbb0ce76ef8e806fae87\axi_dmac_transfer.\m_frame_out [0] is used but has no driver.
Warning: Wire $paramod$28f0d647c9f9e5c5b3c3bbb0ce76ef8e806fae87\axi_dmac_transfer.\m_frame_out_valid is used but has no driver.
Warning: Wire $paramod$28f0d647c9f9e5c5b3c3bbb0ce76ef8e806fae87\axi_dmac_transfer.\s_frame_out [2] is used but has no driver.
Warning: Wire $paramod$28f0d647c9f9e5c5b3c3bbb0ce76ef8e806fae87\axi_dmac_transfer.\s_frame_out [1] is used but has no driver.
Warning: Wire $paramod$28f0d647c9f9e5c5b3c3bbb0ce76ef8e806fae87\axi_dmac_transfer.\s_frame_out [0] is used but has no driver.
Warning: Wire $paramod$28f0d647c9f9e5c5b3c3bbb0ce76ef8e806fae87\axi_dmac_transfer.\s_frame_out_valid is used but has no driver.
Warning: Wire $paramod$28f0d647c9f9e5c5b3c3bbb0ce76ef8e806fae87\axi_dmac_transfer.\dma_req_islast is used but has no driver.
Checking module axi_dmac...
Found and reported 95 problems.

91.6. Executing FLATTEN pass (flatten design).
Deleting now unused module $paramod$c73d97a04183e90b57fb702ee7fd8f2a25156d08\data_mover.
Deleting now unused module $paramod$5acb469efc81823004da6ca1328d8e1fb85ceb93\sync_bits.
Deleting now unused module $paramod$db14d8e08b9da1baf7d5e24ade11f7bc9f65f77f\axi_register_slice.
Deleting now unused module $paramod$88d936154720f81d31a09e530dba3fef38790d39\axi_dmac_burst_memory.
Deleting now unused module $paramod$7b69f83a2900dc1fcf81fb1fed977ce24b991b42\axi_register_slice.
Deleting now unused module $paramod$4f6dc395be3c3604eb10b08b083b96d2ec972d8f\util_axis_fifo.
Deleting now unused module $paramod$83d09f0e74a4304d54a271ecff10511e78e32d78\util_axis_fifo.
Deleting now unused module $paramod$bcd9b23df7516666ebc299b907ab91e542f09a00\request_generator.
Deleting now unused module $paramod$d3875e1858f4ffe397651d6aac111ca353a91913\axi_dmac_response_manager.
Deleting now unused module $paramod$a88f49773dfdfd6a58e8411af64af2aabde9bc81\axi_dmac_ext_sync.
Deleting now unused module $paramod$f1a4a0376ec5b1cd544bc83756eb60eb1eb132ac\dest_axi_mm.
Deleting now unused module $paramod$1afe8ab17c8e13c231534502ea4d2d40af485178\util_axis_fifo.
Deleting now unused module $paramod$c73d97a04183e90b57fb702ee7fd8f2a25156d08\src_fifo_inf.
Deleting now unused module $paramod$01924709da0140cfdd64eb4a6092b021ce3e2f20\util_axis_fifo.
Deleting now unused module $paramod$e8d354e3749300844a280719bbc42e2d437f7dde\sync_bits.
Deleting now unused module $paramod$ef74037a4828f83e971864de197da12792059f44\ad_mem_asym.
Deleting now unused module $paramod$23ac77f1046f06f32557b49c4671eb40ed5df477\util_axis_fifo_address_generator.
Deleting now unused module $paramod$0573c57a527b1c3f127d8cea0e3678bdf02916ed\util_axis_fifo.
Deleting now unused module $paramod$a42d76110c04d060e9167c4f724e8ae3f9915f98\axi_dmac_resize_src.
Deleting now unused module $paramod$b07e28671be3e23be94c7c6e0f81842dcc69e542\axi_dmac_regmap_request.
Deleting now unused module $paramod$41ab36ca231a9b37846cc7e0f35a587c74c783b4\axi_dmac_resize_dest.
Deleting now unused module $paramod$6c352b980fb6ac9a4dc438bf4354d86f75530c37\address_generator.
Deleting now unused module $paramod$377a945232991b12a6e8c778b58c3f929857479a\axi_dmac_reset_manager.
Deleting now unused module $paramod$0ddd129b71ea7e3caf9a33fca8f56446f090786c\request_arb.
Deleting now unused module $paramod\response_handler\ID_WIDTH=s32'00000000000000000000000000000100.
Deleting now unused module $paramod\up_axi\AXI_ADDRESS_WIDTH=s32'00000000000000000000000000001011.
Deleting now unused module $paramod$42da77d14aa658d4baa5d7284757edced5bc7a84\axi_dmac_regmap.
Deleting now unused module $paramod$28f0d647c9f9e5c5b3c3bbb0ce76ef8e806fae87\axi_dmac_transfer.
<suppressed ~42 debug messages>

91.7. Executing TRIBUF pass.

91.8. Executing DEMINOUT pass (demote inout ports to input or output).

91.9. Executing OPT_EXPR pass (perform const folding).
Optimizing module axi_dmac.
<suppressed ~236 debug messages>

91.10. Executing OPT_CLEAN pass (remove unused cells and wires).
Finding unused cells or wires in module \axi_dmac..
Removed 270 unused cells and 1860 unused wires.
<suppressed ~345 debug messages>

91.11. Executing CHECK pass (checking for obvious problems).
Checking module axi_dmac...
Warning: Wire axi_dmac.\m_sg_axi_arvalid is used but has no driver.
Warning: Wire axi_dmac.\m_sg_axi_araddr [63] is used but has no driver.
Warning: Wire axi_dmac.\m_sg_axi_araddr [62] is used but has no driver.
Warning: Wire axi_dmac.\m_sg_axi_araddr [61] is used but has no driver.
Warning: Wire axi_dmac.\m_sg_axi_araddr [60] is used but has no driver.
Warning: Wire axi_dmac.\m_sg_axi_araddr [59] is used but has no driver.
Warning: Wire axi_dmac.\m_sg_axi_araddr [58] is used but has no driver.
Warning: Wire axi_dmac.\m_sg_axi_araddr [57] is used but has no driver.
Warning: Wire axi_dmac.\m_sg_axi_araddr [56] is used but has no driver.
Warning: Wire axi_dmac.\m_sg_axi_araddr [55] is used but has no driver.
Warning: Wire axi_dmac.\m_sg_axi_araddr [54] is used but has no driver.
Warning: Wire axi_dmac.\m_sg_axi_araddr [53] is used but has no driver.
Warning: Wire axi_dmac.\m_sg_axi_araddr [52] is used but has no driver.
Warning: Wire axi_dmac.\m_sg_axi_araddr [51] is used but has no driver.
Warning: Wire axi_dmac.\m_sg_axi_araddr [50] is used but has no driver.
Warning: Wire axi_dmac.\m_sg_axi_araddr [49] is used but has no driver.
Warning: Wire axi_dmac.\m_sg_axi_araddr [48] is used but has no driver.
Warning: Wire axi_dmac.\m_sg_axi_araddr [47] is used but has no driver.
Warning: Wire axi_dmac.\m_sg_axi_araddr [46] is used but has no driver.
Warning: Wire axi_dmac.\m_sg_axi_araddr [45] is used but has no driver.
Warning: Wire axi_dmac.\m_sg_axi_araddr [44] is used but has no driver.
Warning: Wire axi_dmac.\m_sg_axi_araddr [43] is used but has no driver.
Warning: Wire axi_dmac.\m_sg_axi_araddr [42] is used but has no driver.
Warning: Wire axi_dmac.\m_sg_axi_araddr [41] is used but has no driver.
Warning: Wire axi_dmac.\m_sg_axi_araddr [40] is used but has no driver.
Warning: Wire axi_dmac.\m_sg_axi_araddr [39] is used but has no driver.
Warning: Wire axi_dmac.\m_sg_axi_araddr [38] is used but has no driver.
Warning: Wire axi_dmac.\m_sg_axi_araddr [37] is used but has no driver.
Warning: Wire axi_dmac.\m_sg_axi_araddr [36] is used but has no driver.
Warning: Wire axi_dmac.\m_sg_axi_araddr [35] is used but has no driver.
Warning: Wire axi_dmac.\m_sg_axi_araddr [34] is used but has no driver.
Warning: Wire axi_dmac.\m_sg_axi_araddr [33] is used but has no driver.
Warning: Wire axi_dmac.\m_sg_axi_araddr [32] is used but has no driver.
Warning: Wire axi_dmac.\m_sg_axi_araddr [31] is used but has no driver.
Warning: Wire axi_dmac.\m_sg_axi_araddr [30] is used but has no driver.
Warning: Wire axi_dmac.\m_sg_axi_araddr [29] is used but has no driver.
Warning: Wire axi_dmac.\m_sg_axi_araddr [28] is used but has no driver.
Warning: Wire axi_dmac.\m_sg_axi_araddr [27] is used but has no driver.
Warning: Wire axi_dmac.\m_sg_axi_araddr [26] is used but has no driver.
Warning: Wire axi_dmac.\m_sg_axi_araddr [25] is used but has no driver.
Warning: Wire axi_dmac.\m_sg_axi_araddr [24] is used but has no driver.
Warning: Wire axi_dmac.\m_sg_axi_araddr [23] is used but has no driver.
Warning: Wire axi_dmac.\m_sg_axi_araddr [22] is used but has no driver.
Warning: Wire axi_dmac.\m_sg_axi_araddr [21] is used but has no driver.
Warning: Wire axi_dmac.\m_sg_axi_araddr [20] is used but has no driver.
Warning: Wire axi_dmac.\m_sg_axi_araddr [19] is used but has no driver.
Warning: Wire axi_dmac.\m_sg_axi_araddr [18] is used but has no driver.
Warning: Wire axi_dmac.\m_sg_axi_araddr [17] is used but has no driver.
Warning: Wire axi_dmac.\m_sg_axi_araddr [16] is used but has no driver.
Warning: Wire axi_dmac.\m_sg_axi_araddr [15] is used but has no driver.
Warning: Wire axi_dmac.\m_sg_axi_araddr [14] is used but has no driver.
Warning: Wire axi_dmac.\m_sg_axi_araddr [13] is used but has no driver.
Warning: Wire axi_dmac.\m_sg_axi_araddr [12] is used but has no driver.
Warning: Wire axi_dmac.\m_sg_axi_araddr [11] is used but has no driver.
Warning: Wire axi_dmac.\m_sg_axi_araddr [10] is used but has no driver.
Warning: Wire axi_dmac.\m_sg_axi_araddr [9] is used but has no driver.
Warning: Wire axi_dmac.\m_sg_axi_araddr [8] is used but has no driver.
Warning: Wire axi_dmac.\m_sg_axi_araddr [7] is used but has no driver.
Warning: Wire axi_dmac.\m_sg_axi_araddr [6] is used but has no driver.
Warning: Wire axi_dmac.\m_sg_axi_araddr [5] is used but has no driver.
Warning: Wire axi_dmac.\m_sg_axi_araddr [4] is used but has no driver.
Warning: Wire axi_dmac.\m_sg_axi_araddr [3] is used but has no driver.
Warning: Wire axi_dmac.\m_sg_axi_araddr [2] is used but has no driver.
Warning: Wire axi_dmac.\m_sg_axi_araddr [1] is used but has no driver.
Warning: Wire axi_dmac.\m_sg_axi_araddr [0] is used but has no driver.
Warning: Wire axi_dmac.\m_sg_axi_arlen [7] is used but has no driver.
Warning: Wire axi_dmac.\m_sg_axi_arlen [6] is used but has no driver.
Warning: Wire axi_dmac.\m_sg_axi_arlen [5] is used but has no driver.
Warning: Wire axi_dmac.\m_sg_axi_arlen [4] is used but has no driver.
Warning: Wire axi_dmac.\m_sg_axi_arlen [3] is used but has no driver.
Warning: Wire axi_dmac.\m_sg_axi_arlen [2] is used but has no driver.
Warning: Wire axi_dmac.\m_sg_axi_arlen [1] is used but has no driver.
Warning: Wire axi_dmac.\m_sg_axi_arlen [0] is used but has no driver.
Warning: Wire axi_dmac.\m_sg_axi_arsize [2] is used but has no driver.
Warning: Wire axi_dmac.\m_sg_axi_arsize [1] is used but has no driver.
Warning: Wire axi_dmac.\m_sg_axi_arsize [0] is used but has no driver.
Warning: Wire axi_dmac.\m_sg_axi_arburst [1] is used but has no driver.
Warning: Wire axi_dmac.\m_sg_axi_arburst [0] is used but has no driver.
Warning: Wire axi_dmac.\m_sg_axi_arprot [2] is used but has no driver.
Warning: Wire axi_dmac.\m_sg_axi_arprot [1] is used but has no driver.
Warning: Wire axi_dmac.\m_sg_axi_arprot [0] is used but has no driver.
Warning: Wire axi_dmac.\m_sg_axi_arcache [3] is used but has no driver.
Warning: Wire axi_dmac.\m_sg_axi_arcache [2] is used but has no driver.
Warning: Wire axi_dmac.\m_sg_axi_arcache [1] is used but has no driver.
Warning: Wire axi_dmac.\m_sg_axi_arcache [0] is used but has no driver.
Warning: Wire axi_dmac.\m_sg_axi_rready is used but has no driver.
Warning: Wire axi_dmac.\m_frame_out [2] is used but has no driver.
Warning: Wire axi_dmac.\m_frame_out [1] is used but has no driver.
Warning: Wire axi_dmac.\m_frame_out [0] is used but has no driver.
Warning: Wire axi_dmac.\m_frame_out_valid is used but has no driver.
Warning: Wire axi_dmac.\s_frame_out [2] is used but has no driver.
Warning: Wire axi_dmac.\s_frame_out [1] is used but has no driver.
Warning: Wire axi_dmac.\s_frame_out [0] is used but has no driver.
Warning: Wire axi_dmac.\s_frame_out_valid is used but has no driver.
Warning: Wire axi_dmac.\i_transfer.i_request_arb.i_src_req_fifo.s_axis_data [0] is used but has no driver.
Found and reported 95 problems.

91.12. Executing OPT pass (performing simple optimizations).

91.12.1. Executing OPT_EXPR pass (perform const folding).
Optimizing module axi_dmac.

91.12.2. Executing OPT_MERGE pass (detect identical cells).
Finding identical cells in module `\axi_dmac'.
Computing hashes of 1037 cells of `\axi_dmac'.
Finding duplicate cells in `\axi_dmac'.
Computing hashes of 925 cells of `\axi_dmac'.
Finding duplicate cells in `\axi_dmac'.
Computing hashes of 921 cells of `\axi_dmac'.
Finding duplicate cells in `\axi_dmac'.
Computing hashes of 920 cells of `\axi_dmac'.
Finding duplicate cells in `\axi_dmac'.
<suppressed ~351 debug messages>
Removed a total of 117 cells.

91.12.3. Executing OPT_MUXTREE pass (detect dead branches in mux trees).
Running muxtree optimizer on module \axi_dmac..
  Creating internal representation of mux trees.
  Evaluating internal representation of mux trees.
      Replacing known input bits on port A of cell $flatten\i_transfer.\i_request_arb.\genblk1.i_dest_dma_mm.\i_addr_gen.$procmux$7471: \i_transfer.i_request_arb.genblk1.i_dest_dma_mm.i_addr_gen.bl_ready -> 1'0
      Replacing known input bits on port A of cell $flatten\i_transfer.\i_request_arb.\genblk1.i_dest_dma_mm.\i_addr_gen.$procmux$7469: \i_transfer.i_request_arb.genblk1.i_dest_dma_mm.i_addr_gen.bl_ready -> 1'0
      Replacing known input bits on port A of cell $flatten\i_transfer.\i_request_arb.\genblk1.i_dest_dma_mm.\i_addr_gen.$procmux$7461: \i_transfer.i_request_arb.genblk1.i_dest_dma_mm.i_addr_gen.req_ready -> 1'0
      Replacing known input bits on port B of cell $flatten\i_regmap.\i_regmap_request.$procmux$7067: \i_regmap.i_regmap_request.response_ready -> 1'0
      Replacing known input bits on port A of cell $flatten\i_regmap.\i_up_axi.$procmux$8085: \i_regmap.i_up_axi.up_wsel -> 1'1
      Replacing known input bits on port A of cell $flatten\i_regmap.\i_up_axi.$procmux$8061: \i_regmap.i_up_axi.up_wcount -> { 1'0 \i_regmap.i_up_axi.up_wcount [3:0] }
      Replacing known input bits on port A of cell $flatten\i_regmap.\i_up_axi.$procmux$8044: \i_regmap.i_up_axi.up_axi_arready_int -> 1'0
      Replacing known input bits on port A of cell $flatten\i_regmap.\i_up_axi.$procmux$8021: \i_regmap.i_up_axi.up_rsel -> 1'1
      Replacing known input bits on port A of cell $flatten\i_regmap.\i_up_axi.$procmux$8003: \i_regmap.i_up_axi.up_rcount -> { 1'0 \i_regmap.i_up_axi.up_rcount [3:0] }
      Replacing known input bits on port A of cell $flatten\i_regmap.\i_up_axi.$procmux$8100: \i_regmap.i_up_axi.up_axi_wready_int -> 1'0
      Replacing known input bits on port A of cell $flatten\i_regmap.\i_up_axi.$procmux$8108: \i_regmap.i_up_axi.up_axi_awready_int -> 1'0
  Analyzing evaluation results.
    dead port 2/2 on $mux $flatten\i_transfer.\i_request_arb.\i_response_manager.$procmux$6890.
    dead port 2/2 on $mux $flatten\i_transfer.\i_request_arb.\i_response_manager.$procmux$6898.
    dead port 2/2 on $mux $flatten\i_transfer.\i_request_arb.\i_response_manager.$procmux$6909.
    dead port 1/2 on $mux $flatten\i_transfer.\i_request_arb.\i_response_manager.$procmux$6912.
    dead port 2/2 on $mux $flatten\i_transfer.\i_request_arb.\i_response_manager.$procmux$6914.
    dead port 1/2 on $mux $flatten\i_transfer.\i_request_arb.\i_response_manager.$procmux$6925.
    dead port 2/2 on $mux $flatten\i_transfer.\i_request_arb.\i_response_manager.$procmux$6927.
    dead port 2/2 on $mux $flatten\i_transfer.\i_request_arb.\i_response_manager.$procmux$6937.
    dead port 2/2 on $mux $flatten\i_transfer.\i_request_arb.\i_req_gen.$procmux$6650.
    dead port 2/2 on $mux $flatten\i_transfer.\i_request_arb.\i_req_gen.$procmux$6657.
    dead port 2/2 on $mux $flatten\i_transfer.\i_request_arb.\i_req_gen.$procmux$6664.
    dead port 1/2 on $mux $flatten\i_transfer.\i_request_arb.\i_req_gen.$procmux$6672.
    dead port 1/2 on $mux $flatten\i_transfer.\i_request_arb.\i_req_gen.$procmux$6675.
    dead port 2/2 on $mux $flatten\i_transfer.\i_request_arb.\i_req_gen.$procmux$6677.
    dead port 1/2 on $mux $flatten\i_transfer.\i_request_arb.\i_req_gen.$procmux$6686.
    dead port 1/2 on $mux $flatten\i_transfer.\i_request_arb.\i_req_gen.$procmux$6689.
    dead port 2/2 on $mux $flatten\i_transfer.\i_request_arb.\i_req_gen.$procmux$6691.
    dead port 1/2 on $mux $flatten\i_transfer.\i_request_arb.\i_req_gen.$procmux$6700.
    dead port 2/2 on $mux $flatten\i_transfer.\i_request_arb.\i_req_gen.$procmux$6702.
    dead port 1/2 on $mux $flatten\i_transfer.\i_request_arb.\i_req_gen.$procmux$6711.
    dead port 2/2 on $mux $flatten\i_transfer.\i_request_arb.\i_req_gen.$procmux$6713.
    dead port 2/2 on $mux $flatten\i_transfer.\i_request_arb.\i_req_gen.$procmux$6722.
    dead port 2/2 on $mux $flatten\i_transfer.\i_request_arb.\i_req_gen.$procmux$6724.
    dead port 2/2 on $mux $flatten\i_transfer.\i_request_arb.\i_req_gen.$procmux$6732.
    dead port 2/2 on $mux $flatten\i_transfer.\i_request_arb.\i_req_gen.$procmux$6740.
    dead port 2/2 on $mux $flatten\i_transfer.\i_request_arb.\i_req_gen.$procmux$6752.
    dead port 2/2 on $mux $flatten\i_transfer.\i_request_arb.\i_req_gen.$procmux$6761.
    dead port 2/2 on $mux $flatten\i_transfer.\i_request_arb.\i_req_gen.$procmux$6774.
    dead port 2/2 on $mux $flatten\i_transfer.\i_request_arb.\i_req_gen.$procmux$6784.
    dead port 1/2 on $mux $flatten\i_transfer.\i_request_arb.$procmux$7723.
    dead port 1/2 on $mux $flatten\i_transfer.\i_request_arb.$procmux$7717.
    dead port 1/2 on $mux $flatten\i_transfer.\i_request_arb.$procmux$7701.
    dead port 2/2 on $mux $flatten\i_transfer.\i_request_arb.\i_response_manager.$procmux$6888.
    dead port 2/2 on $mux $flatten\i_regmap.\i_regmap_request.$procmux$7100.
    dead port 2/2 on $mux $flatten\i_transfer.\i_request_arb.\i_response_manager.$procmux$6879.
    dead port 2/2 on $mux $flatten\i_transfer.\i_request_arb.\i_response_manager.$procmux$6862.
    dead port 1/2 on $mux $flatten\i_transfer.\i_request_arb.\i_response_manager.$procmux$6870.
    dead port 2/2 on $mux $flatten\i_transfer.\i_request_arb.\i_response_manager.$procmux$6872.
Removed 38 multiplexer ports.
<suppressed ~565 debug messages>

91.12.4. Executing OPT_REDUCE pass (consolidate $*mux and $reduce_* inputs).
  Optimizing cells in module \axi_dmac.
    Consolidated identical input bits for $mux cell $flatten\i_transfer.\i_request_arb.\genblk1.i_dest_dma_mm.$procmux$6978:
      Old ports: A=8'00000000, B=8'11111111, Y=$flatten\i_transfer.\i_request_arb.\genblk1.i_dest_dma_mm.$0$memwr$\bl_mem$library/axi_dmac/dest_axi_mm.v:187$5404_EN[7:0]$5409
      New ports: A=1'0, B=1'1, Y=$flatten\i_transfer.\i_request_arb.\genblk1.i_dest_dma_mm.$0$memwr$\bl_mem$library/axi_dmac/dest_axi_mm.v:187$5404_EN[7:0]$5409 [0]
      New connections: $flatten\i_transfer.\i_request_arb.\genblk1.i_dest_dma_mm.$0$memwr$\bl_mem$library/axi_dmac/dest_axi_mm.v:187$5404_EN[7:0]$5409 [7:1] = { $flatten\i_transfer.\i_request_arb.\genblk1.i_dest_dma_mm.$0$memwr$\bl_mem$library/axi_dmac/dest_axi_mm.v:187$5404_EN[7:0]$5409 [0] $flatten\i_transfer.\i_request_arb.\genblk1.i_dest_dma_mm.$0$memwr$\bl_mem$library/axi_dmac/dest_axi_mm.v:187$5404_EN[7:0]$5409 [0] $flatten\i_transfer.\i_request_arb.\genblk1.i_dest_dma_mm.$0$memwr$\bl_mem$library/axi_dmac/dest_axi_mm.v:187$5404_EN[7:0]$5409 [0] $flatten\i_transfer.\i_request_arb.\genblk1.i_dest_dma_mm.$0$memwr$\bl_mem$library/axi_dmac/dest_axi_mm.v:187$5404_EN[7:0]$5409 [0] $flatten\i_transfer.\i_request_arb.\genblk1.i_dest_dma_mm.$0$memwr$\bl_mem$library/axi_dmac/dest_axi_mm.v:187$5404_EN[7:0]$5409 [0] $flatten\i_transfer.\i_request_arb.\genblk1.i_dest_dma_mm.$0$memwr$\bl_mem$library/axi_dmac/dest_axi_mm.v:187$5404_EN[7:0]$5409 [0] $flatten\i_transfer.\i_request_arb.\genblk1.i_dest_dma_mm.$0$memwr$\bl_mem$library/axi_dmac/dest_axi_mm.v:187$5404_EN[7:0]$5409 [0] }
    Consolidated identical input bits for $mux cell $flatten\i_transfer.\i_request_arb.\i_store_and_forward.$procmux$6540:
      Old ports: A=5'00000, B=5'11111, Y=$flatten\i_transfer.\i_request_arb.\i_store_and_forward.$0$memwr$\burst_len_mem$library/axi_dmac/axi_dmac_burst_memory.v:236$5613_EN[4:0]$5656
      New ports: A=1'0, B=1'1, Y=$flatten\i_transfer.\i_request_arb.\i_store_and_forward.$0$memwr$\burst_len_mem$library/axi_dmac/axi_dmac_burst_memory.v:236$5613_EN[4:0]$5656 [0]
      New connections: $flatten\i_transfer.\i_request_arb.\i_store_and_forward.$0$memwr$\burst_len_mem$library/axi_dmac/axi_dmac_burst_memory.v:236$5613_EN[4:0]$5656 [4:1] = { $flatten\i_transfer.\i_request_arb.\i_store_and_forward.$0$memwr$\burst_len_mem$library/axi_dmac/axi_dmac_burst_memory.v:236$5613_EN[4:0]$5656 [0] $flatten\i_transfer.\i_request_arb.\i_store_and_forward.$0$memwr$\burst_len_mem$library/axi_dmac/axi_dmac_burst_memory.v:236$5613_EN[4:0]$5656 [0] $flatten\i_transfer.\i_request_arb.\i_store_and_forward.$0$memwr$\burst_len_mem$library/axi_dmac/axi_dmac_burst_memory.v:236$5613_EN[4:0]$5656 [0] $flatten\i_transfer.\i_request_arb.\i_store_and_forward.$0$memwr$\burst_len_mem$library/axi_dmac/axi_dmac_burst_memory.v:236$5613_EN[4:0]$5656 [0] }
    Consolidated identical input bits for $mux cell $flatten\i_transfer.\i_request_arb.\i_store_and_forward.\i_mem.$procmux$7022:
      Old ports: A=64'0000000000000000000000000000000000000000000000000000000000000000, B=64'1111111111111111111111111111111111111111111111111111111111111111, Y=$flatten\i_transfer.\i_request_arb.\i_store_and_forward.\i_mem.$0$memwr$\m_ram$library/common/ad_mem_asym.v:97$6374_EN[63:0]$6378
      New ports: A=1'0, B=1'1, Y=$flatten\i_transfer.\i_request_arb.\i_store_and_forward.\i_mem.$0$memwr$\m_ram$library/common/ad_mem_asym.v:97$6374_EN[63:0]$6378 [0]
      New connections: $flatten\i_transfer.\i_request_arb.\i_store_and_forward.\i_mem.$0$memwr$\m_ram$library/common/ad_mem_asym.v:97$6374_EN[63:0]$6378 [63:1] = { $flatten\i_transfer.\i_request_arb.\i_store_and_forward.\i_mem.$0$memwr$\m_ram$library/common/ad_mem_asym.v:97$6374_EN[63:0]$6378 [0] $flatten\i_transfer.\i_request_arb.\i_store_and_forward.\i_mem.$0$memwr$\m_ram$library/common/ad_mem_asym.v:97$6374_EN[63:0]$6378 [0] $flatten\i_transfer.\i_request_arb.\i_store_and_forward.\i_mem.$0$memwr$\m_ram$library/common/ad_mem_asym.v:97$6374_EN[63:0]$6378 [0] $flatten\i_transfer.\i_request_arb.\i_store_and_forward.\i_mem.$0$memwr$\m_ram$library/common/ad_mem_asym.v:97$6374_EN[63:0]$6378 [0] $flatten\i_transfer.\i_request_arb.\i_store_and_forward.\i_mem.$0$memwr$\m_ram$library/common/ad_mem_asym.v:97$6374_EN[63:0]$6378 [0] $flatten\i_transfer.\i_request_arb.\i_store_and_forward.\i_mem.$0$memwr$\m_ram$library/common/ad_mem_asym.v:97$6374_EN[63:0]$6378 [0] $flatten\i_transfer.\i_request_arb.\i_store_and_forward.\i_mem.$0$memwr$\m_ram$library/common/ad_mem_asym.v:97$6374_EN[63:0]$6378 [0] $flatten\i_transfer.\i_request_arb.\i_store_and_forward.\i_mem.$0$memwr$\m_ram$library/common/ad_mem_asym.v:97$6374_EN[63:0]$6378 [0] $flatten\i_transfer.\i_request_arb.\i_store_and_forward.\i_mem.$0$memwr$\m_ram$library/common/ad_mem_asym.v:97$6374_EN[63:0]$6378 [0] $flatten\i_transfer.\i_request_arb.\i_store_and_forward.\i_mem.$0$memwr$\m_ram$library/common/ad_mem_asym.v:97$6374_EN[63:0]$6378 [0] $flatten\i_transfer.\i_request_arb.\i_store_and_forward.\i_mem.$0$memwr$\m_ram$library/common/ad_mem_asym.v:97$6374_EN[63:0]$6378 [0] $flatten\i_transfer.\i_request_arb.\i_store_and_forward.\i_mem.$0$memwr$\m_ram$library/common/ad_mem_asym.v:97$6374_EN[63:0]$6378 [0] $flatten\i_transfer.\i_request_arb.\i_store_and_forward.\i_mem.$0$memwr$\m_ram$library/common/ad_mem_asym.v:97$6374_EN[63:0]$6378 [0] $flatten\i_transfer.\i_request_arb.\i_store_and_forward.\i_mem.$0$memwr$\m_ram$library/common/ad_mem_asym.v:97$6374_EN[63:0]$6378 [0] $flatten\i_transfer.\i_request_arb.\i_store_and_forward.\i_mem.$0$memwr$\m_ram$library/common/ad_mem_asym.v:97$6374_EN[63:0]$6378 [0] $flatten\i_transfer.\i_request_arb.\i_store_and_forward.\i_mem.$0$memwr$\m_ram$library/common/ad_mem_asym.v:97$6374_EN[63:0]$6378 [0] $flatten\i_transfer.\i_request_arb.\i_store_and_forward.\i_mem.$0$memwr$\m_ram$library/common/ad_mem_asym.v:97$6374_EN[63:0]$6378 [0] $flatten\i_transfer.\i_request_arb.\i_store_and_forward.\i_mem.$0$memwr$\m_ram$library/common/ad_mem_asym.v:97$6374_EN[63:0]$6378 [0] $flatten\i_transfer.\i_request_arb.\i_store_and_forward.\i_mem.$0$memwr$\m_ram$library/common/ad_mem_asym.v:97$6374_EN[63:0]$6378 [0] $flatten\i_transfer.\i_request_arb.\i_store_and_forward.\i_mem.$0$memwr$\m_ram$library/common/ad_mem_asym.v:97$6374_EN[63:0]$6378 [0] $flatten\i_transfer.\i_request_arb.\i_store_and_forward.\i_mem.$0$memwr$\m_ram$library/common/ad_mem_asym.v:97$6374_EN[63:0]$6378 [0] $flatten\i_transfer.\i_request_arb.\i_store_and_forward.\i_mem.$0$memwr$\m_ram$library/common/ad_mem_asym.v:97$6374_EN[63:0]$6378 [0] $flatten\i_transfer.\i_request_arb.\i_store_and_forward.\i_mem.$0$memwr$\m_ram$library/common/ad_mem_asym.v:97$6374_EN[63:0]$6378 [0] $flatten\i_transfer.\i_request_arb.\i_store_and_forward.\i_mem.$0$memwr$\m_ram$library/common/ad_mem_asym.v:97$6374_EN[63:0]$6378 [0] $flatten\i_transfer.\i_request_arb.\i_store_and_forward.\i_mem.$0$memwr$\m_ram$library/common/ad_mem_asym.v:97$6374_EN[63:0]$6378 [0] $flatten\i_transfer.\i_request_arb.\i_store_and_forward.\i_mem.$0$memwr$\m_ram$library/common/ad_mem_asym.v:97$6374_EN[63:0]$6378 [0] $flatten\i_transfer.\i_request_arb.\i_store_and_forward.\i_mem.$0$memwr$\m_ram$library/common/ad_mem_asym.v:97$6374_EN[63:0]$6378 [0] $flatten\i_transfer.\i_request_arb.\i_store_and_forward.\i_mem.$0$memwr$\m_ram$library/common/ad_mem_asym.v:97$6374_EN[63:0]$6378 [0] $flatten\i_transfer.\i_request_arb.\i_store_and_forward.\i_mem.$0$memwr$\m_ram$library/common/ad_mem_asym.v:97$6374_EN[63:0]$6378 [0] $flatten\i_transfer.\i_request_arb.\i_store_and_forward.\i_mem.$0$memwr$\m_ram$library/common/ad_mem_asym.v:97$6374_EN[63:0]$6378 [0] $flatten\i_transfer.\i_request_arb.\i_store_and_forward.\i_mem.$0$memwr$\m_ram$library/common/ad_mem_asym.v:97$6374_EN[63:0]$6378 [0] $flatten\i_transfer.\i_request_arb.\i_store_and_forward.\i_mem.$0$memwr$\m_ram$library/common/ad_mem_asym.v:97$6374_EN[63:0]$6378 [0] $flatten\i_transfer.\i_request_arb.\i_store_and_forward.\i_mem.$0$memwr$\m_ram$library/common/ad_mem_asym.v:97$6374_EN[63:0]$6378 [0] $flatten\i_transfer.\i_request_arb.\i_store_and_forward.\i_mem.$0$memwr$\m_ram$library/common/ad_mem_asym.v:97$6374_EN[63:0]$6378 [0] $flatten\i_transfer.\i_request_arb.\i_store_and_forward.\i_mem.$0$memwr$\m_ram$library/common/ad_mem_asym.v:97$6374_EN[63:0]$6378 [0] $flatten\i_transfer.\i_request_arb.\i_store_and_forward.\i_mem.$0$memwr$\m_ram$library/common/ad_mem_asym.v:97$6374_EN[63:0]$6378 [0] $flatten\i_transfer.\i_request_arb.\i_store_and_forward.\i_mem.$0$memwr$\m_ram$library/common/ad_mem_asym.v:97$6374_EN[63:0]$6378 [0] $flatten\i_transfer.\i_request_arb.\i_store_and_forward.\i_mem.$0$memwr$\m_ram$library/common/ad_mem_asym.v:97$6374_EN[63:0]$6378 [0] $flatten\i_transfer.\i_request_arb.\i_store_and_forward.\i_mem.$0$memwr$\m_ram$library/common/ad_mem_asym.v:97$6374_EN[63:0]$6378 [0] $flatten\i_transfer.\i_request_arb.\i_store_and_forward.\i_mem.$0$memwr$\m_ram$library/common/ad_mem_asym.v:97$6374_EN[63:0]$6378 [0] $flatten\i_transfer.\i_request_arb.\i_store_and_forward.\i_mem.$0$memwr$\m_ram$library/common/ad_mem_asym.v:97$6374_EN[63:0]$6378 [0] $flatten\i_transfer.\i_request_arb.\i_store_and_forward.\i_mem.$0$memwr$\m_ram$library/common/ad_mem_asym.v:97$6374_EN[63:0]$6378 [0] $flatten\i_transfer.\i_request_arb.\i_store_and_forward.\i_mem.$0$memwr$\m_ram$library/common/ad_mem_asym.v:97$6374_EN[63:0]$6378 [0] $flatten\i_transfer.\i_request_arb.\i_store_and_forward.\i_mem.$0$memwr$\m_ram$library/common/ad_mem_asym.v:97$6374_EN[63:0]$6378 [0] $flatten\i_transfer.\i_request_arb.\i_store_and_forward.\i_mem.$0$memwr$\m_ram$library/common/ad_mem_asym.v:97$6374_EN[63:0]$6378 [0] $flatten\i_transfer.\i_request_arb.\i_store_and_forward.\i_mem.$0$memwr$\m_ram$library/common/ad_mem_asym.v:97$6374_EN[63:0]$6378 [0] $flatten\i_transfer.\i_request_arb.\i_store_and_forward.\i_mem.$0$memwr$\m_ram$library/common/ad_mem_asym.v:97$6374_EN[63:0]$6378 [0] $flatten\i_transfer.\i_request_arb.\i_store_and_forward.\i_mem.$0$memwr$\m_ram$library/common/ad_mem_asym.v:97$6374_EN[63:0]$6378 [0] $flatten\i_transfer.\i_request_arb.\i_store_and_forward.\i_mem.$0$memwr$\m_ram$library/common/ad_mem_asym.v:97$6374_EN[63:0]$6378 [0] $flatten\i_transfer.\i_request_arb.\i_store_and_forward.\i_mem.$0$memwr$\m_ram$library/common/ad_mem_asym.v:97$6374_EN[63:0]$6378 [0] $flatten\i_transfer.\i_request_arb.\i_store_and_forward.\i_mem.$0$memwr$\m_ram$library/common/ad_mem_asym.v:97$6374_EN[63:0]$6378 [0] $flatten\i_transfer.\i_request_arb.\i_store_and_forward.\i_mem.$0$memwr$\m_ram$library/common/ad_mem_asym.v:97$6374_EN[63:0]$6378 [0] $flatten\i_transfer.\i_request_arb.\i_store_and_forward.\i_mem.$0$memwr$\m_ram$library/common/ad_mem_asym.v:97$6374_EN[63:0]$6378 [0] $flatten\i_transfer.\i_request_arb.\i_store_and_forward.\i_mem.$0$memwr$\m_ram$library/common/ad_mem_asym.v:97$6374_EN[63:0]$6378 [0] $flatten\i_transfer.\i_request_arb.\i_store_and_forward.\i_mem.$0$memwr$\m_ram$library/common/ad_mem_asym.v:97$6374_EN[63:0]$6378 [0] $flatten\i_transfer.\i_request_arb.\i_store_and_forward.\i_mem.$0$memwr$\m_ram$library/common/ad_mem_asym.v:97$6374_EN[63:0]$6378 [0] $flatten\i_transfer.\i_request_arb.\i_store_and_forward.\i_mem.$0$memwr$\m_ram$library/common/ad_mem_asym.v:97$6374_EN[63:0]$6378 [0] $flatten\i_transfer.\i_request_arb.\i_store_and_forward.\i_mem.$0$memwr$\m_ram$library/common/ad_mem_asym.v:97$6374_EN[63:0]$6378 [0] $flatten\i_transfer.\i_request_arb.\i_store_and_forward.\i_mem.$0$memwr$\m_ram$library/common/ad_mem_asym.v:97$6374_EN[63:0]$6378 [0] $flatten\i_transfer.\i_request_arb.\i_store_and_forward.\i_mem.$0$memwr$\m_ram$library/common/ad_mem_asym.v:97$6374_EN[63:0]$6378 [0] $flatten\i_transfer.\i_request_arb.\i_store_and_forward.\i_mem.$0$memwr$\m_ram$library/common/ad_mem_asym.v:97$6374_EN[63:0]$6378 [0] $flatten\i_transfer.\i_request_arb.\i_store_and_forward.\i_mem.$0$memwr$\m_ram$library/common/ad_mem_asym.v:97$6374_EN[63:0]$6378 [0] $flatten\i_transfer.\i_request_arb.\i_store_and_forward.\i_mem.$0$memwr$\m_ram$library/common/ad_mem_asym.v:97$6374_EN[63:0]$6378 [0] }
    New ctrl vector for $pmux cell $flatten\i_regmap.$procmux$8117: { $auto$opt_reduce.cc:137:opt_pmux$8453 $flatten\i_regmap.$procmux$8119_CMP $flatten\i_regmap.$procmux$8120_CMP $flatten\i_regmap.$procmux$8121_CMP $flatten\i_regmap.$procmux$8122_CMP $flatten\i_regmap.$procmux$8124_CMP $flatten\i_regmap.$procmux$8125_CMP $flatten\i_regmap.$procmux$8126_CMP $flatten\i_regmap.$procmux$8127_CMP $flatten\i_regmap.$procmux$8128_CMP $flatten\i_regmap.$procmux$8130_CMP $flatten\i_regmap.$procmux$8131_CMP $flatten\i_regmap.$procmux$8132_CMP $flatten\i_regmap.$procmux$8134_CMP }
    Consolidated identical input bits for $mux cell $flatten\i_regmap.\i_regmap_request.\i_transfer_lenghts_fifo.$procmux$7043:
      Old ports: A=26'00000000000000000000000000, B=26'11111111111111111111111111, Y=$flatten\i_regmap.\i_regmap_request.\i_transfer_lenghts_fifo.$0$memwr$\fifo.sync_clocks.ram$library/util_axis_fifo/util_axis_fifo.v:336$5177_EN[25:0]$5187
      New ports: A=1'0, B=1'1, Y=$flatten\i_regmap.\i_regmap_request.\i_transfer_lenghts_fifo.$0$memwr$\fifo.sync_clocks.ram$library/util_axis_fifo/util_axis_fifo.v:336$5177_EN[25:0]$5187 [0]
      New connections: $flatten\i_regmap.\i_regmap_request.\i_transfer_lenghts_fifo.$0$memwr$\fifo.sync_clocks.ram$library/util_axis_fifo/util_axis_fifo.v:336$5177_EN[25:0]$5187 [25:1] = { $flatten\i_regmap.\i_regmap_request.\i_transfer_lenghts_fifo.$0$memwr$\fifo.sync_clocks.ram$library/util_axis_fifo/util_axis_fifo.v:336$5177_EN[25:0]$5187 [0] $flatten\i_regmap.\i_regmap_request.\i_transfer_lenghts_fifo.$0$memwr$\fifo.sync_clocks.ram$library/util_axis_fifo/util_axis_fifo.v:336$5177_EN[25:0]$5187 [0] $flatten\i_regmap.\i_regmap_request.\i_transfer_lenghts_fifo.$0$memwr$\fifo.sync_clocks.ram$library/util_axis_fifo/util_axis_fifo.v:336$5177_EN[25:0]$5187 [0] $flatten\i_regmap.\i_regmap_request.\i_transfer_lenghts_fifo.$0$memwr$\fifo.sync_clocks.ram$library/util_axis_fifo/util_axis_fifo.v:336$5177_EN[25:0]$5187 [0] $flatten\i_regmap.\i_regmap_request.\i_transfer_lenghts_fifo.$0$memwr$\fifo.sync_clocks.ram$library/util_axis_fifo/util_axis_fifo.v:336$5177_EN[25:0]$5187 [0] $flatten\i_regmap.\i_regmap_request.\i_transfer_lenghts_fifo.$0$memwr$\fifo.sync_clocks.ram$library/util_axis_fifo/util_axis_fifo.v:336$5177_EN[25:0]$5187 [0] $flatten\i_regmap.\i_regmap_request.\i_transfer_lenghts_fifo.$0$memwr$\fifo.sync_clocks.ram$library/util_axis_fifo/util_axis_fifo.v:336$5177_EN[25:0]$5187 [0] $flatten\i_regmap.\i_regmap_request.\i_transfer_lenghts_fifo.$0$memwr$\fifo.sync_clocks.ram$library/util_axis_fifo/util_axis_fifo.v:336$5177_EN[25:0]$5187 [0] $flatten\i_regmap.\i_regmap_request.\i_transfer_lenghts_fifo.$0$memwr$\fifo.sync_clocks.ram$library/util_axis_fifo/util_axis_fifo.v:336$5177_EN[25:0]$5187 [0] $flatten\i_regmap.\i_regmap_request.\i_transfer_lenghts_fifo.$0$memwr$\fifo.sync_clocks.ram$library/util_axis_fifo/util_axis_fifo.v:336$5177_EN[25:0]$5187 [0] $flatten\i_regmap.\i_regmap_request.\i_transfer_lenghts_fifo.$0$memwr$\fifo.sync_clocks.ram$library/util_axis_fifo/util_axis_fifo.v:336$5177_EN[25:0]$5187 [0] $flatten\i_regmap.\i_regmap_request.\i_transfer_lenghts_fifo.$0$memwr$\fifo.sync_clocks.ram$library/util_axis_fifo/util_axis_fifo.v:336$5177_EN[25:0]$5187 [0] $flatten\i_regmap.\i_regmap_request.\i_transfer_lenghts_fifo.$0$memwr$\fifo.sync_clocks.ram$library/util_axis_fifo/util_axis_fifo.v:336$5177_EN[25:0]$5187 [0] $flatten\i_regmap.\i_regmap_request.\i_transfer_lenghts_fifo.$0$memwr$\fifo.sync_clocks.ram$library/util_axis_fifo/util_axis_fifo.v:336$5177_EN[25:0]$5187 [0] $flatten\i_regmap.\i_regmap_request.\i_transfer_lenghts_fifo.$0$memwr$\fifo.sync_clocks.ram$library/util_axis_fifo/util_axis_fifo.v:336$5177_EN[25:0]$5187 [0] $flatten\i_regmap.\i_regmap_request.\i_transfer_lenghts_fifo.$0$memwr$\fifo.sync_clocks.ram$library/util_axis_fifo/util_axis_fifo.v:336$5177_EN[25:0]$5187 [0] $flatten\i_regmap.\i_regmap_request.\i_transfer_lenghts_fifo.$0$memwr$\fifo.sync_clocks.ram$library/util_axis_fifo/util_axis_fifo.v:336$5177_EN[25:0]$5187 [0] $flatten\i_regmap.\i_regmap_request.\i_transfer_lenghts_fifo.$0$memwr$\fifo.sync_clocks.ram$library/util_axis_fifo/util_axis_fifo.v:336$5177_EN[25:0]$5187 [0] $flatten\i_regmap.\i_regmap_request.\i_transfer_lenghts_fifo.$0$memwr$\fifo.sync_clocks.ram$library/util_axis_fifo/util_axis_fifo.v:336$5177_EN[25:0]$5187 [0] $flatten\i_regmap.\i_regmap_request.\i_transfer_lenghts_fifo.$0$memwr$\fifo.sync_clocks.ram$library/util_axis_fifo/util_axis_fifo.v:336$5177_EN[25:0]$5187 [0] $flatten\i_regmap.\i_regmap_request.\i_transfer_lenghts_fifo.$0$memwr$\fifo.sync_clocks.ram$library/util_axis_fifo/util_axis_fifo.v:336$5177_EN[25:0]$5187 [0] $flatten\i_regmap.\i_regmap_request.\i_transfer_lenghts_fifo.$0$memwr$\fifo.sync_clocks.ram$library/util_axis_fifo/util_axis_fifo.v:336$5177_EN[25:0]$5187 [0] $flatten\i_regmap.\i_regmap_request.\i_transfer_lenghts_fifo.$0$memwr$\fifo.sync_clocks.ram$library/util_axis_fifo/util_axis_fifo.v:336$5177_EN[25:0]$5187 [0] $flatten\i_regmap.\i_regmap_request.\i_transfer_lenghts_fifo.$0$memwr$\fifo.sync_clocks.ram$library/util_axis_fifo/util_axis_fifo.v:336$5177_EN[25:0]$5187 [0] $flatten\i_regmap.\i_regmap_request.\i_transfer_lenghts_fifo.$0$memwr$\fifo.sync_clocks.ram$library/util_axis_fifo/util_axis_fifo.v:336$5177_EN[25:0]$5187 [0] }
    New ctrl vector for $pmux cell $flatten\i_regmap.\i_regmap_request.$procmux$7211: { $flatten\i_regmap.\i_regmap_request.$procmux$7212_CMP $flatten\i_regmap.\i_regmap_request.$procmux$7214_CMP $flatten\i_regmap.\i_regmap_request.$procmux$7215_CMP $flatten\i_regmap.\i_regmap_request.$procmux$7216_CMP $flatten\i_regmap.\i_regmap_request.$procmux$7217_CMP $flatten\i_regmap.\i_regmap_request.$procmux$7218_CMP $flatten\i_regmap.\i_regmap_request.$procmux$7219_CMP $flatten\i_regmap.\i_regmap_request.$procmux$7220_CMP $flatten\i_regmap.\i_regmap_request.$procmux$7221_CMP $flatten\i_regmap.\i_regmap_request.$procmux$7222_CMP }
    New ctrl vector for $pmux cell $flatten\i_regmap.\i_regmap_request.$procmux$7199: { $flatten\i_regmap.\i_regmap_request.$procmux$7212_CMP $flatten\i_regmap.\i_regmap_request.$procmux$7215_CMP $flatten\i_regmap.\i_regmap_request.$procmux$7216_CMP $flatten\i_regmap.\i_regmap_request.$procmux$7218_CMP $flatten\i_regmap.\i_regmap_request.$procmux$7219_CMP $flatten\i_regmap.\i_regmap_request.$procmux$7206_CMP $flatten\i_regmap.\i_regmap_request.$procmux$7220_CMP }
    New ctrl vector for $pmux cell $flatten\i_regmap.\i_regmap_request.$procmux$7189: { $flatten\i_regmap.\i_regmap_request.$procmux$7212_CMP $flatten\i_regmap.\i_regmap_request.$procmux$7215_CMP $flatten\i_regmap.\i_regmap_request.$procmux$7216_CMP $flatten\i_regmap.\i_regmap_request.$procmux$7219_CMP $flatten\i_regmap.\i_regmap_request.$procmux$7206_CMP }
    New ctrl vector for $pmux cell $flatten\i_regmap.\i_regmap_request.$procmux$7179: { $flatten\i_regmap.\i_regmap_request.$procmux$7212_CMP $flatten\i_regmap.\i_regmap_request.$procmux$7215_CMP $flatten\i_regmap.\i_regmap_request.$procmux$7216_CMP $flatten\i_regmap.\i_regmap_request.$procmux$7219_CMP $flatten\i_regmap.\i_regmap_request.$procmux$7206_CMP }
    New ctrl vector for $pmux cell $flatten\i_regmap.\i_regmap_request.$procmux$7169: { $flatten\i_regmap.\i_regmap_request.$procmux$7212_CMP $flatten\i_regmap.\i_regmap_request.$procmux$7215_CMP $flatten\i_regmap.\i_regmap_request.$procmux$7216_CMP $flatten\i_regmap.\i_regmap_request.$procmux$7219_CMP $flatten\i_regmap.\i_regmap_request.$procmux$7206_CMP }
    New ctrl vector for $pmux cell $flatten\i_regmap.\i_regmap_request.$procmux$7155: { $flatten\i_regmap.\i_regmap_request.$procmux$7212_CMP $flatten\i_regmap.\i_regmap_request.$procmux$7214_CMP $flatten\i_regmap.\i_regmap_request.$procmux$7215_CMP $flatten\i_regmap.\i_regmap_request.$procmux$7216_CMP $flatten\i_regmap.\i_regmap_request.$procmux$7217_CMP $flatten\i_regmap.\i_regmap_request.$procmux$7218_CMP $flatten\i_regmap.\i_regmap_request.$procmux$7219_CMP $flatten\i_regmap.\i_regmap_request.$procmux$7220_CMP $flatten\i_regmap.\i_regmap_request.$procmux$7222_CMP }
    New ctrl vector for $pmux cell $flatten\i_regmap.\i_regmap_request.$procmux$7144: { $flatten\i_regmap.\i_regmap_request.$procmux$7212_CMP $flatten\i_regmap.\i_regmap_request.$procmux$7215_CMP $flatten\i_regmap.\i_regmap_request.$procmux$7216_CMP $flatten\i_regmap.\i_regmap_request.$procmux$7218_CMP $flatten\i_regmap.\i_regmap_request.$procmux$7219_CMP $flatten\i_regmap.\i_regmap_request.$procmux$7206_CMP }
  Optimizing cells in module \axi_dmac.
Performed a total of 12 changes.

91.12.5. Executing OPT_MERGE pass (detect identical cells).
Finding identical cells in module `\axi_dmac'.
Computing hashes of 883 cells of `\axi_dmac'.
Finding duplicate cells in `\axi_dmac'.
Computing hashes of 881 cells of `\axi_dmac'.
Finding duplicate cells in `\axi_dmac'.
<suppressed ~6 debug messages>
Removed a total of 2 cells.

91.12.6. Executing OPT_DFF pass (perform DFF optimizations).
Handling D = Q on $flatten\i_transfer.\i_request_arb.\i_req_gen.$procdff$8231 ($dff) from module axi_dmac (removing D path).
Handling D = Q on $flatten\i_transfer.\i_request_arb.\i_req_gen.$procdff$8232 ($dff) from module axi_dmac (removing D path).
Handling D = Q on $flatten\i_transfer.\i_request_arb.\i_req_gen.$procdff$8233 ($dff) from module axi_dmac (removing D path).

91.12.7. Executing OPT_CLEAN pass (remove unused cells and wires).
Finding unused cells or wires in module \axi_dmac..
Removed 1 unused cells and 156 unused wires.
<suppressed ~2 debug messages>

91.12.8. Executing OPT_EXPR pass (perform const folding).
Optimizing module axi_dmac.
<suppressed ~7 debug messages>

91.12.9. Rerunning OPT passes. (Maybe there is more to do..)

91.12.10. Executing OPT_MUXTREE pass (detect dead branches in mux trees).
Running muxtree optimizer on module \axi_dmac..
  Creating internal representation of mux trees.
  Evaluating internal representation of mux trees.
  Analyzing evaluation results.
Removed 0 multiplexer ports.
<suppressed ~528 debug messages>

91.12.11. Executing OPT_REDUCE pass (consolidate $*mux and $reduce_* inputs).
  Optimizing cells in module \axi_dmac.
Performed a total of 0 changes.

91.12.12. Executing OPT_MERGE pass (detect identical cells).
Finding identical cells in module `\axi_dmac'.
Computing hashes of 874 cells of `\axi_dmac'.
Finding duplicate cells in `\axi_dmac'.
Computing hashes of 873 cells of `\axi_dmac'.
Finding duplicate cells in `\axi_dmac'.
<suppressed ~3 debug messages>
Removed a total of 1 cells.

91.12.13. Executing OPT_DFF pass (perform DFF optimizations).

91.12.14. Executing OPT_CLEAN pass (remove unused cells and wires).
Finding unused cells or wires in module \axi_dmac..
Removed 0 unused cells and 4 unused wires.
<suppressed ~1 debug messages>

91.12.15. Executing OPT_EXPR pass (perform const folding).
Optimizing module axi_dmac.

91.12.16. Rerunning OPT passes. (Maybe there is more to do..)

91.12.17. Executing OPT_MUXTREE pass (detect dead branches in mux trees).
Running muxtree optimizer on module \axi_dmac..
  Creating internal representation of mux trees.
  Evaluating internal representation of mux trees.
  Analyzing evaluation results.
Removed 0 multiplexer ports.
<suppressed ~528 debug messages>

91.12.18. Executing OPT_REDUCE pass (consolidate $*mux and $reduce_* inputs).
  Optimizing cells in module \axi_dmac.
Performed a total of 0 changes.

91.12.19. Executing OPT_MERGE pass (detect identical cells).
Finding identical cells in module `\axi_dmac'.
Computing hashes of 873 cells of `\axi_dmac'.
Finding duplicate cells in `\axi_dmac'.
Removed a total of 0 cells.

91.12.20. Executing OPT_DFF pass (perform DFF optimizations).

91.12.21. Executing OPT_CLEAN pass (remove unused cells and wires).
Finding unused cells or wires in module \axi_dmac..

91.12.22. Executing OPT_EXPR pass (perform const folding).
Optimizing module axi_dmac.

91.12.23. Finished fast OPT passes. (There is nothing left to do.)

91.13. Executing FSM pass (extract and optimize FSM).

91.13.1. Executing FSM_DETECT pass (finding FSMs in design).
Not marking axi_dmac.i_transfer.i_request_arb.i_req_gen.state as FSM state register:
    Register has an initialization value.
Not marking axi_dmac.i_transfer.i_request_arb.i_store_and_forward.dest_mem_data_strb as FSM state register:
    Register is connected to module port.
    Users of register don't seem to benefit from recoding.
    Register has an initialization value.
Not marking axi_dmac.i_transfer.i_reset_manager.state as FSM state register:
    Users of register don't seem to benefit from recoding.
    Register has an initialization value.
Not marking axi_dmac.i_transfer.i_request_arb.i_response_manager.state as FSM state register:
    Register has an initialization value.

91.13.2. Executing FSM_EXTRACT pass (extracting FSM from design).

91.13.3. Executing FSM_OPT pass (simple optimizations of FSMs).

91.13.4. Executing OPT_CLEAN pass (remove unused cells and wires).
Finding unused cells or wires in module \axi_dmac..

91.13.5. Executing FSM_OPT pass (simple optimizations of FSMs).

91.13.6. Executing FSM_RECODE pass (re-assigning FSM state encoding).

91.13.7. Executing FSM_INFO pass (dumping all available information on FSM cells).

91.13.8. Executing FSM_MAP pass (mapping FSMs to basic logic).

91.14. Executing OPT pass (performing simple optimizations).

91.14.1. Executing OPT_EXPR pass (perform const folding).
Optimizing module axi_dmac.

91.14.2. Executing OPT_MERGE pass (detect identical cells).
Finding identical cells in module `\axi_dmac'.
Computing hashes of 873 cells of `\axi_dmac'.
Finding duplicate cells in `\axi_dmac'.
Removed a total of 0 cells.

91.14.3. Executing OPT_MUXTREE pass (detect dead branches in mux trees).
Running muxtree optimizer on module \axi_dmac..
  Creating internal representation of mux trees.
  Evaluating internal representation of mux trees.
  Analyzing evaluation results.
Removed 0 multiplexer ports.
<suppressed ~528 debug messages>

91.14.4. Executing OPT_REDUCE pass (consolidate $*mux and $reduce_* inputs).
  Optimizing cells in module \axi_dmac.
Performed a total of 0 changes.

91.14.5. Executing OPT_MERGE pass (detect identical cells).
Finding identical cells in module `\axi_dmac'.
Computing hashes of 873 cells of `\axi_dmac'.
Finding duplicate cells in `\axi_dmac'.
Removed a total of 0 cells.

91.14.6. Executing OPT_DFF pass (perform DFF optimizations).
Adding SRST signal on $flatten\i_transfer.\i_request_arb.\i_response_manager.$procdff$8243 ($dff) from module axi_dmac (D = $flatten\i_transfer.\i_request_arb.\i_response_manager.$procmux$6842_Y, Q = \i_transfer.i_request_arb.i_response_manager.completion_req_ready, rval = 1'1).
Adding EN signal on $auto$ff.cc:337:slice$8454 ($sdff) from module axi_dmac (D = $flatten\i_transfer.\i_request_arb.\i_response_manager.$procmux$6842_Y, Q = \i_transfer.i_request_arb.i_response_manager.completion_req_ready).
Adding SRST signal on $flatten\i_regmap.\i_up_axi.$procdff$8392 ($dff) from module axi_dmac (D = $flatten\i_regmap.\i_up_axi.$procmux$8092_Y, Q = \i_regmap.i_up_axi.up_axi_bvalid_int, rval = 1'0).
Adding EN signal on $auto$ff.cc:337:slice$8458 ($sdff) from module axi_dmac (D = 1'1, Q = \i_regmap.i_up_axi.up_axi_bvalid_int).
Adding SRST signal on $flatten\i_regmap.\i_up_axi.$procdff$8391 ($dff) from module axi_dmac (D = $flatten\i_regmap.\i_up_axi.$procmux$8100_Y, Q = \i_regmap.i_up_axi.up_axi_wready_int, rval = 1'0).
Adding SRST signal on $flatten\i_regmap.\i_up_axi.$procdff$8390 ($dff) from module axi_dmac (D = $flatten\i_regmap.\i_up_axi.$procmux$8100_Y, Q = \i_regmap.i_up_axi.up_axi_awready_int, rval = 1'0).
Adding SRST signal on $flatten\i_regmap.\i_up_axi.$procdff$8389 ($dff) from module axi_dmac (D = $flatten\i_regmap.\i_up_axi.$procmux$8064_Y, Q = \i_regmap.i_up_axi.up_wcount, rval = 5'00000).
Adding EN signal on $auto$ff.cc:337:slice$8474 ($sdff) from module axi_dmac (D = $flatten\i_regmap.\i_up_axi.$procmux$8064_Y [3:0], Q = \i_regmap.i_up_axi.up_wcount [3:0]).
Adding SRST signal on $flatten\i_regmap.\i_up_axi.$procdff$8388 ($dff) from module axi_dmac (D = $flatten\i_regmap.\i_up_axi.$procmux$8073_Y, Q = \i_regmap.i_up_axi.up_wdata_int, rval = 0).
Adding EN signal on $auto$ff.cc:337:slice$8483 ($sdff) from module axi_dmac (D = \s_axi_wdata, Q = \i_regmap.i_up_axi.up_wdata_int).
Adding SRST signal on $flatten\i_regmap.\i_up_axi.$procdff$8387 ($dff) from module axi_dmac (D = $flatten\i_regmap.\i_up_axi.$procmux$8079_Y, Q = \i_regmap.i_up_axi.up_waddr_int, rval = 9'000000000).
Adding EN signal on $auto$ff.cc:337:slice$8485 ($sdff) from module axi_dmac (D = \s_axi_awaddr [10:2], Q = \i_regmap.i_up_axi.up_waddr_int).
Adding SRST signal on $flatten\i_regmap.\i_up_axi.$procdff$8386 ($dff) from module axi_dmac (D = $flatten\i_regmap.\i_up_axi.$and$library/common/up_axi.v:159$4844_Y, Q = \i_regmap.i_up_axi.up_wreq_int, rval = 1'0).
Adding SRST signal on $flatten\i_transfer.\i_request_arb.\i_response_manager.$procdff$8242 ($dff) from module axi_dmac (D = $flatten\i_transfer.\i_request_arb.\i_response_manager.$procmux$6834_Y, Q = \i_transfer.i_request_arb.i_response_manager.transfer_id, rval = 2'00).
Adding EN signal on $auto$ff.cc:337:slice$8492 ($sdff) from module axi_dmac (D = $flatten\i_transfer.\i_request_arb.\i_response_manager.$add$library/axi_dmac/axi_dmac_response_manager.v:271$5463_Y [1:0], Q = \i_transfer.i_request_arb.i_response_manager.transfer_id).
Adding SRST signal on $flatten\i_regmap.\i_up_axi.$procdff$8385 ($dff) from module axi_dmac (D = $flatten\i_regmap.\i_up_axi.$procmux$8087_Y, Q = \i_regmap.i_up_axi.up_wsel, rval = 1'0).
Adding SRST signal on $flatten\i_regmap.\i_up_axi.$procdff$8384 ($dff) from module axi_dmac (D = \i_regmap.i_up_axi.up_wack_s, Q = \i_regmap.i_up_axi.up_wack_d, rval = 1'0).
Adding SRST signal on $flatten\i_regmap.\i_up_axi.$procdff$8383 ($dff) from module axi_dmac (D = $flatten\i_regmap.\i_up_axi.$procmux$8028_Y, Q = \i_regmap.i_up_axi.up_axi_rdata_int, rval = 0).
Adding EN signal on $auto$ff.cc:337:slice$8496 ($sdff) from module axi_dmac (D = \i_regmap.i_up_axi.up_rdata_d, Q = \i_regmap.i_up_axi.up_axi_rdata_int).
Adding SRST signal on $flatten\i_regmap.\i_up_axi.$procdff$8382 ($dff) from module axi_dmac (D = $flatten\i_regmap.\i_up_axi.$procmux$8036_Y, Q = \i_regmap.i_up_axi.up_axi_rvalid_int, rval = 1'0).
Adding EN signal on $auto$ff.cc:337:slice$8502 ($sdff) from module axi_dmac (D = 1'1, Q = \i_regmap.i_up_axi.up_axi_rvalid_int).
Adding SRST signal on $flatten\i_regmap.\i_up_axi.$procdff$8381 ($dff) from module axi_dmac (D = $flatten\i_regmap.\i_up_axi.$procmux$8044_Y, Q = \i_regmap.i_up_axi.up_axi_arready_int, rval = 1'0).
Adding SRST signal on $flatten\i_regmap.\i_up_axi.$procdff$8380 ($dff) from module axi_dmac (D = $flatten\i_regmap.\i_up_axi.$procmux$8006_Y, Q = \i_regmap.i_up_axi.up_rcount, rval = 5'00000).
Adding EN signal on $auto$ff.cc:337:slice$8513 ($sdff) from module axi_dmac (D = $flatten\i_regmap.\i_up_axi.$procmux$8006_Y [3:0], Q = \i_regmap.i_up_axi.up_rcount [3:0]).
Adding SRST signal on $flatten\i_regmap.\i_up_axi.$procdff$8379 ($dff) from module axi_dmac (D = $flatten\i_regmap.\i_up_axi.$procmux$8015_Y, Q = \i_regmap.i_up_axi.up_raddr_int, rval = 9'000000000).
Adding EN signal on $auto$ff.cc:337:slice$8522 ($sdff) from module axi_dmac (D = \s_axi_araddr [10:2], Q = \i_regmap.i_up_axi.up_raddr_int).
Adding SRST signal on $flatten\i_regmap.\i_up_axi.$procdff$8378 ($dff) from module axi_dmac (D = \s_axi_arvalid, Q = \i_regmap.i_up_axi.up_rreq_int, rval = 1'0).
Adding SRST signal on $flatten\i_regmap.\i_up_axi.$procdff$8377 ($dff) from module axi_dmac (D = $flatten\i_regmap.\i_up_axi.$procmux$8023_Y, Q = \i_regmap.i_up_axi.up_rsel, rval = 1'0).
Adding SRST signal on $flatten\i_regmap.\i_up_axi.$procdff$8376 ($dff) from module axi_dmac (D = { \i_regmap.i_up_axi.up_rdata_s [31:30] \i_regmap.i_up_axi.up_rdata_s [28:25] \i_regmap.i_up_axi.up_rdata_s [23] \i_regmap.i_up_axi.up_rdata_s [21] \i_regmap.i_up_axi.up_rdata_s [19:18] \i_regmap.i_up_axi.up_rdata_s [16:14] \i_regmap.i_up_axi.up_rdata_s [12:9] \i_regmap.i_up_axi.up_rdata_s [7] \i_regmap.i_up_axi.up_rdata_s [5] \i_regmap.i_up_axi.up_rdata_s [3:2] \i_regmap.i_up_axi.up_rdata_s [0] }, Q = { \i_regmap.i_up_axi.up_rdata_d [31:30] \i_regmap.i_up_axi.up_rdata_d [28:25] \i_regmap.i_up_axi.up_rdata_d [23] \i_regmap.i_up_axi.up_rdata_d [21] \i_regmap.i_up_axi.up_rdata_d [19:18] \i_regmap.i_up_axi.up_rdata_d [16:14] \i_regmap.i_up_axi.up_rdata_d [12:9] \i_regmap.i_up_axi.up_rdata_d [7] \i_regmap.i_up_axi.up_rdata_d [5] \i_regmap.i_up_axi.up_rdata_d [3:2] \i_regmap.i_up_axi.up_rdata_d [0] }, rval = 22'0000000000000000000000).
Adding SRST signal on $flatten\i_regmap.\i_up_axi.$procdff$8376 ($dff) from module axi_dmac (D = { \i_regmap.up_rdata [29] \i_regmap.up_rdata [24] \i_regmap.up_rdata [22] \i_regmap.up_rdata [20] \i_regmap.up_rdata [17] \i_regmap.up_rdata [13] \i_regmap.up_rdata [8] \i_regmap.up_rdata [6] \i_regmap.up_rdata [4] \i_regmap.up_rdata [1] }, Q = { \i_regmap.i_up_axi.up_rdata_d [29] \i_regmap.i_up_axi.up_rdata_d [24] \i_regmap.i_up_axi.up_rdata_d [22] \i_regmap.i_up_axi.up_rdata_d [20] \i_regmap.i_up_axi.up_rdata_d [17] \i_regmap.i_up_axi.up_rdata_d [13] \i_regmap.i_up_axi.up_rdata_d [8] \i_regmap.i_up_axi.up_rdata_d [6] \i_regmap.i_up_axi.up_rdata_d [4] \i_regmap.i_up_axi.up_rdata_d [1] }, rval = 10'0000000000).
Adding SRST signal on $flatten\i_transfer.\i_request_arb.\i_response_manager.$procdff$8241 ($dff) from module axi_dmac (D = $flatten\i_transfer.\i_request_arb.\i_response_manager.$procmux$6829_Y, Q = \i_transfer.i_request_arb.i_response_manager.to_complete_count, rval = 2'00).
Adding EN signal on $auto$ff.cc:337:slice$8536 ($sdff) from module axi_dmac (D = $flatten\i_transfer.\i_request_arb.\i_response_manager.$procmux$6829_Y, Q = \i_transfer.i_request_arb.i_response_manager.to_complete_count).
Adding SRST signal on $flatten\i_regmap.\i_up_axi.$procdff$8375 ($dff) from module axi_dmac (D = \i_regmap.i_up_axi.up_rack_s, Q = \i_regmap.i_up_axi.up_rack_d, rval = 1'0).
Adding SRST signal on $flatten\i_transfer.\i_request_arb.\i_response_manager.$procdff$8244 ($dff) from module axi_dmac (D = $flatten\i_transfer.\i_request_arb.\i_response_manager.$procmux$6850_Y, Q = \i_transfer.i_request_arb.i_response_manager.completion_req_last_found, rval = 1'0).
Adding EN signal on $auto$ff.cc:337:slice$8541 ($sdff) from module axi_dmac (D = $flatten\i_transfer.\i_request_arb.\i_response_manager.$procmux$6850_Y, Q = \i_transfer.i_request_arb.i_response_manager.completion_req_last_found).
Adding SRST signal on $flatten\i_regmap.\i_regmap_request.$procdff$8292 ($dff) from module axi_dmac (D = $flatten\i_regmap.\i_regmap_request.$procmux$7258_Y, Q = \i_regmap.i_regmap_request.up_dma_last, rval = 1'1).
Adding EN signal on $auto$ff.cc:337:slice$8545 ($sdff) from module axi_dmac (D = \i_regmap.i_up_axi.up_wdata_int [1], Q = \i_regmap.i_regmap_request.up_dma_last).
Adding SRST signal on $flatten\i_regmap.\i_regmap_request.$procdff$8291 ($dff) from module axi_dmac (D = $flatten\i_regmap.\i_regmap_request.$procmux$7270_Y, Q = \i_regmap.i_regmap_request.up_dma_cyclic, rval = 1'1).
Adding EN signal on $auto$ff.cc:337:slice$8549 ($sdff) from module axi_dmac (D = \i_regmap.i_up_axi.up_wdata_int [0], Q = \i_regmap.i_regmap_request.up_dma_cyclic).
Adding SRST signal on $flatten\i_regmap.\i_regmap_request.$procdff$8290 ($dff) from module axi_dmac (D = $flatten\i_regmap.\i_regmap_request.$procmux$7279_Y, Q = \i_regmap.i_regmap_request.up_dma_x_length [23:3], rval = 21'000000000000000000000).
Adding EN signal on $auto$ff.cc:337:slice$8553 ($sdff) from module axi_dmac (D = \i_regmap.i_up_axi.up_wdata_int [23:3], Q = \i_regmap.i_regmap_request.up_dma_x_length [23:3]).
Adding SRST signal on $flatten\i_regmap.\i_regmap_request.$procdff$8289 ($dff) from module axi_dmac (D = { $flatten\i_regmap.\i_regmap_request.$procmux$7225_Y $flatten\i_regmap.\i_regmap_request.$procmux$7235_Y }, Q = \i_regmap.i_regmap_request.up_dma_src_address, rval = 61'0000000000000000000000000000000000000000000000000000000000000).
Adding EN signal on $auto$ff.cc:337:slice$8557 ($sdff) from module axi_dmac (D = \i_regmap.i_up_axi.up_wdata_int, Q = \i_regmap.i_regmap_request.up_dma_src_address [60:29]).
Adding EN signal on $auto$ff.cc:337:slice$8557 ($sdff) from module axi_dmac (D = \i_regmap.i_up_axi.up_wdata_int [31:3], Q = \i_regmap.i_regmap_request.up_dma_src_address [28:0]).
Adding SRST signal on $flatten\i_regmap.\i_regmap_request.$procdff$8288 ($dff) from module axi_dmac (D = { $flatten\i_regmap.\i_regmap_request.$procmux$7287_Y $flatten\i_regmap.\i_regmap_request.$procmux$7246_Y }, Q = \i_regmap.i_regmap_request.up_dma_dest_address, rval = 61'0000000000000000000000000000000000000000000000000000000000000).
Adding EN signal on $auto$ff.cc:337:slice$8564 ($sdff) from module axi_dmac (D = \i_regmap.i_up_axi.up_wdata_int [31:3], Q = \i_regmap.i_regmap_request.up_dma_dest_address [28:0]).
Adding EN signal on $auto$ff.cc:337:slice$8564 ($sdff) from module axi_dmac (D = \i_regmap.i_up_axi.up_wdata_int, Q = \i_regmap.i_regmap_request.up_dma_dest_address [60:29]).
Adding SRST signal on $flatten\i_regmap.\i_regmap_request.$procdff$8287 ($dff) from module axi_dmac (D = $flatten\i_regmap.\i_regmap_request.$procmux$7308_Y, Q = \i_regmap.i_regmap_request.up_dma_req_valid, rval = 1'0).
Adding EN signal on $auto$ff.cc:337:slice$8571 ($sdff) from module axi_dmac (D = $flatten\i_regmap.\i_regmap_request.$procmux$7308_Y, Q = \i_regmap.i_regmap_request.up_dma_req_valid).
Adding EN signal on $flatten\i_transfer.\i_request_arb.\genblk6.i_src_dma_fifo.\i_data_mover.$procdff$8204 ($dff) from module axi_dmac (D = $flatten\i_transfer.\i_request_arb.\genblk6.i_src_dma_fifo.\i_data_mover.$0\needs_sync[0:0], Q = \i_transfer.i_request_arb.genblk6.i_src_dma_fifo.i_data_mover.needs_sync).
Adding SRST signal on $flatten\i_regmap.\i_regmap_request.$procdff$8283 ($dff) from module axi_dmac (D = $flatten\i_regmap.\i_regmap_request.$3$lookahead\up_transfer_done_bitmap$5998[3:0]$6020, Q = \i_regmap.i_regmap_request.up_transfer_done_bitmap, rval = 4'0000).
Adding SRST signal on $flatten\i_regmap.\i_regmap_request.$procdff$8282 ($dff) from module axi_dmac (D = $flatten\i_regmap.\i_regmap_request.$procmux$7130_Y, Q = \i_regmap.i_regmap_request.up_transfer_id_eot, rval = 2'00).
Adding EN signal on $auto$ff.cc:337:slice$8581 ($sdff) from module axi_dmac (D = $flatten\i_regmap.\i_regmap_request.$add$library/axi_dmac/axi_dmac_regmap_request.v:376$6021_Y, Q = \i_regmap.i_regmap_request.up_transfer_id_eot).
Adding SRST signal on $flatten\i_regmap.\i_regmap_request.$procdff$8281 ($dff) from module axi_dmac (D = $flatten\i_regmap.\i_regmap_request.$procmux$7136_Y, Q = \i_regmap.i_regmap_request.up_transfer_id, rval = 2'00).
Adding EN signal on $auto$ff.cc:337:slice$8583 ($sdff) from module axi_dmac (D = $flatten\i_regmap.\i_regmap_request.$add$library/axi_dmac/axi_dmac_regmap_request.v:371$6010_Y, Q = \i_regmap.i_regmap_request.up_transfer_id).
Adding SRST signal on $flatten\i_regmap.\i_regmap_request.$procdff$8280 ($dff) from module axi_dmac (D = $flatten\i_regmap.\i_regmap_request.$procmux$7091_Y, Q = \i_regmap.i_regmap_request.up_partial_length_valid, rval = 1'0).
Adding EN signal on $auto$ff.cc:337:slice$8585 ($sdff) from module axi_dmac (D = $flatten\i_regmap.\i_regmap_request.$procmux$7091_Y, Q = \i_regmap.i_regmap_request.up_partial_length_valid).
Adding SRST signal on $flatten\i_regmap.\i_regmap_request.$procdff$8279 ($dff) from module axi_dmac (D = $flatten\i_regmap.\i_regmap_request.$procmux$7080_Y, Q = \i_regmap.i_regmap_request.up_measured_transfer_length, rval = 24'000000000000000000000000).
Adding EN signal on $auto$ff.cc:337:slice$8589 ($sdff) from module axi_dmac (D = $flatten\i_regmap.\i_regmap_request.$procmux$7080_Y, Q = \i_regmap.i_regmap_request.up_measured_transfer_length).
Adding EN signal on $flatten\i_regmap.\i_regmap_request.$procdff$8278 ($dff) from module axi_dmac (D = \i_regmap.i_regmap_request.up_transfer_id_eot, Q = \i_regmap.i_regmap_request.up_transfer_id_eot_d).
Adding SRST signal on $flatten\i_regmap.\i_regmap_request.$procdff$8277 ($dff) from module axi_dmac (D = $flatten\i_regmap.\i_regmap_request.$procmux$7070_Y, Q = \i_regmap.i_regmap_request.response_ready, rval = 1'1).
Adding EN signal on $flatten\i_regmap.\i_regmap_request.$procdff$8276 ($dff) from module axi_dmac (D = \i_regmap.i_regmap_request.response_eot, Q = \i_regmap.i_regmap_request.up_clear_tl).
Adding EN signal on $flatten\i_regmap.\i_regmap_request.$procdff$8275 ($dff) from module axi_dmac (D = $flatten\i_regmap.\i_regmap_request.$0\up_tlf_s_valid[0:0], Q = \i_regmap.i_regmap_request.up_tlf_s_valid).
Adding EN signal on $flatten\i_transfer.\i_request_arb.\genblk1.i_dest_dma_mm.\i_addr_gen.$procdff$8310 ($dff) from module axi_dmac (D = $flatten\i_transfer.\i_request_arb.\genblk1.i_dest_dma_mm.\i_addr_gen.$procmux$7487_Y, Q = \i_transfer.i_request_arb.genblk1.i_dest_dma_mm.i_addr_gen.length).
Adding SRST signal on $auto$ff.cc:337:slice$8599 ($dffe) from module axi_dmac (D = \i_transfer.i_request_arb.genblk1.i_dest_dma_mm.i_addr_gen.last_burst_len, Q = \i_transfer.i_request_arb.genblk1.i_dest_dma_mm.i_addr_gen.length [3:0], rval = 4'1111).
Adding EN signal on $flatten\i_transfer.\i_request_arb.\genblk1.i_dest_dma_mm.\i_addr_gen.$procdff$8309 ($dff) from module axi_dmac (D = $flatten\i_transfer.\i_request_arb.\genblk1.i_dest_dma_mm.\i_addr_gen.$0\address[60:0], Q = \i_transfer.i_request_arb.genblk1.i_dest_dma_mm.i_addr_gen.address).
Adding SRST signal on $flatten\i_transfer.\i_request_arb.\genblk1.i_dest_dma_mm.\i_addr_gen.$procdff$8308 ($dff) from module axi_dmac (D = $flatten\i_transfer.\i_request_arb.\genblk1.i_dest_dma_mm.\i_addr_gen.$procmux$7474_Y, Q = \i_transfer.i_request_arb.genblk1.i_dest_dma_mm.i_addr_gen.bl_ready, rval = 1'1).
Adding SRST signal on $flatten\i_transfer.\i_request_arb.\i_response_manager.$procdff$8251 ($dff) from module axi_dmac (D = $flatten\i_transfer.\i_request_arb.\i_response_manager.$procmux$6962_Y, Q = \i_transfer.i_request_arb.i_response_manager.req_response_dest_data_burst_length, rval = 7'0000000).
Adding EN signal on $auto$ff.cc:337:slice$8606 ($sdff) from module axi_dmac (D = \i_transfer.i_request_arb.i_response_manager.i_dest_response_fifo.zerodeep.genblk1.cdc_sync_fifo_ram [8:2], Q = \i_transfer.i_request_arb.i_response_manager.req_response_dest_data_burst_length).
Adding SRST signal on $flatten\i_transfer.\i_request_arb.\i_response_manager.$procdff$8250 ($dff) from module axi_dmac (D = $flatten\i_transfer.\i_request_arb.\i_response_manager.$procmux$6967_Y, Q = \i_transfer.i_request_arb.i_response_manager.req_response_partial, rval = 1'0).
Adding EN signal on $auto$ff.cc:337:slice$8608 ($sdff) from module axi_dmac (D = \i_transfer.i_request_arb.i_response_manager.i_dest_response_fifo.zerodeep.genblk1.cdc_sync_fifo_ram [1], Q = \i_transfer.i_request_arb.i_response_manager.req_response_partial).
Adding SRST signal on $flatten\i_transfer.\i_request_arb.\genblk1.i_dest_dma_mm.\i_addr_gen.$procdff$8307 ($dff) from module axi_dmac (D = $flatten\i_transfer.\i_request_arb.\genblk1.i_dest_dma_mm.\i_addr_gen.$procmux$7455_Y, Q = \i_transfer.i_request_arb.genblk1.i_dest_dma_mm.i_addr_gen.addr_valid, rval = 1'0).
Adding EN signal on $auto$ff.cc:337:slice$8610 ($sdff) from module axi_dmac (D = $flatten\i_transfer.\i_request_arb.\genblk1.i_dest_dma_mm.\i_addr_gen.$procmux$7452_Y, Q = \i_transfer.i_request_arb.genblk1.i_dest_dma_mm.i_addr_gen.addr_valid).
Adding SRST signal on $flatten\i_transfer.\i_request_arb.\i_response_manager.$procdff$8249 ($dff) from module axi_dmac (D = $flatten\i_transfer.\i_request_arb.\i_response_manager.$procmux$6972_Y, Q = \i_transfer.i_request_arb.i_response_manager.req_eot, rval = 1'0).
Adding EN signal on $auto$ff.cc:337:slice$8620 ($sdff) from module axi_dmac (D = \i_transfer.i_request_arb.i_response_manager.i_dest_response_fifo.zerodeep.genblk1.cdc_sync_fifo_ram [0], Q = \i_transfer.i_request_arb.i_response_manager.req_eot).
Adding SRST signal on $flatten\i_transfer.\i_request_arb.\i_response_manager.$procdff$8248 ($dff) from module axi_dmac (D = $flatten\i_transfer.\i_request_arb.\i_response_manager.$eq$library/axi_dmac/axi_dmac_response_manager.v:158$5418_Y, Q = \i_transfer.i_request_arb.i_response_manager.response_dest_ready, rval = 1'1).
Adding SRST signal on $flatten\i_transfer.\i_request_arb.\i_response_manager.$procdff$8247 ($dff) from module axi_dmac (D = $flatten\i_transfer.\i_request_arb.\i_response_manager.$procmux$6954_Y, Q = \i_transfer.i_request_arb.i_response_manager.response_valid, rval = 1'0).
Adding EN signal on $auto$ff.cc:337:slice$8623 ($sdff) from module axi_dmac (D = $flatten\i_transfer.\i_request_arb.\i_response_manager.$procmux$6954_Y, Q = \i_transfer.i_request_arb.i_response_manager.response_valid).
Adding EN signal on $flatten\i_transfer.\i_request_arb.\genblk1.i_dest_dma_mm.\i_addr_gen.$procdff$8311 ($dff) from module axi_dmac (D = \i_transfer.i_request_arb.genblk1.i_dest_dma_mm.i_addr_gen.eot, Q = \i_transfer.i_request_arb.genblk1.i_dest_dma_mm.i_addr_gen.last).
Adding SRST signal on $flatten\i_regmap.\i_regmap_request.\i_transfer_lenghts_fifo.\fifo.i_address_gray.$procdff$8268 ($dff) from module axi_dmac (D = $flatten\i_regmap.\i_regmap_request.\i_transfer_lenghts_fifo.\fifo.i_address_gray.$procmux$7030_Y, Q = \i_regmap.i_regmap_request.i_transfer_lenghts_fifo.fifo.i_address_gray.m_axis_raddr_reg, rval = 3'000).
Adding EN signal on $auto$ff.cc:337:slice$8628 ($sdff) from module axi_dmac (D = $flatten\i_regmap.\i_regmap_request.\i_transfer_lenghts_fifo.\fifo.i_address_gray.$add$library/util_axis_fifo/util_axis_fifo_address_generator.v:106$6089_Y, Q = \i_regmap.i_regmap_request.i_transfer_lenghts_fifo.fifo.i_address_gray.m_axis_raddr_reg).
Adding SRST signal on $flatten\i_regmap.\i_regmap_request.\i_transfer_lenghts_fifo.\fifo.i_address_gray.$procdff$8269 ($dff) from module axi_dmac (D = $flatten\i_regmap.\i_regmap_request.\i_transfer_lenghts_fifo.\fifo.i_address_gray.$procmux$7035_Y, Q = \i_regmap.i_regmap_request.i_transfer_lenghts_fifo.fifo.i_address_gray.s_axis_waddr_reg, rval = 3'000).
Adding EN signal on $auto$ff.cc:337:slice$8630 ($sdff) from module axi_dmac (D = $flatten\i_regmap.\i_regmap_request.\i_transfer_lenghts_fifo.\fifo.i_address_gray.$add$library/util_axis_fifo/util_axis_fifo_address_generator.v:94$6083_Y, Q = \i_regmap.i_regmap_request.i_transfer_lenghts_fifo.fifo.i_address_gray.s_axis_waddr_reg).
Adding SRST signal on $flatten\i_regmap.\i_regmap_request.\i_transfer_lenghts_fifo.$procdff$8274 ($dff) from module axi_dmac (D = $flatten\i_regmap.\i_regmap_request.\i_transfer_lenghts_fifo.$procmux$7054_Y, Q = \i_regmap.i_regmap_request.i_transfer_lenghts_fifo.fifo.valid, rval = 1'0).
Adding EN signal on $auto$ff.cc:337:slice$8632 ($sdff) from module axi_dmac (D = $flatten\i_regmap.\i_regmap_request.\i_transfer_lenghts_fifo.$procmux$7054_Y, Q = \i_regmap.i_regmap_request.i_transfer_lenghts_fifo.fifo.valid).
Adding EN signal on $flatten\i_regmap.\i_regmap_request.\i_transfer_lenghts_fifo.$procdff$8270 ($dff) from module axi_dmac (D = $flatten\i_regmap.\i_regmap_request.\i_transfer_lenghts_fifo.$memrd$\fifo.sync_clocks.ram$library/util_axis_fifo/util_axis_fifo.v:345$5192_DATA, Q = \i_regmap.i_regmap_request.i_transfer_lenghts_fifo.fifo.sync_clocks.genblk1.data).
Adding SRST signal on $flatten\i_regmap.$procdff$8398 ($dff) from module axi_dmac (D = $flatten\i_regmap.$procmux$8162_Y, Q = \i_regmap.ctrl_flock, rval = 1'0).
Adding EN signal on $auto$ff.cc:337:slice$8637 ($sdff) from module axi_dmac (D = 1'0, Q = \i_regmap.ctrl_flock).
Adding SRST signal on $flatten\i_regmap.$procdff$8397 ($dff) from module axi_dmac (D = $flatten\i_regmap.$procmux$8169_Y, Q = \i_regmap.ctrl_hwdesc, rval = 1'0).
Adding EN signal on $auto$ff.cc:337:slice$8641 ($sdff) from module axi_dmac (D = 1'0, Q = \i_regmap.ctrl_hwdesc).
Adding SRST signal on $flatten\i_regmap.$procdff$8396 ($dff) from module axi_dmac (D = $flatten\i_regmap.$procmux$8176_Y, Q = \i_regmap.ctrl_pause, rval = 1'0).
Adding EN signal on $auto$ff.cc:337:slice$8645 ($sdff) from module axi_dmac (D = \i_regmap.i_up_axi.up_wdata_int [1], Q = \i_regmap.ctrl_pause).
Adding SRST signal on $flatten\i_regmap.$procdff$8395 ($dff) from module axi_dmac (D = $flatten\i_regmap.$procmux$8183_Y, Q = \i_regmap.ctrl_enable, rval = 1'0).
Adding EN signal on $auto$ff.cc:337:slice$8649 ($sdff) from module axi_dmac (D = \i_regmap.i_up_axi.up_wdata_int [0], Q = \i_regmap.ctrl_enable).
Adding SRST signal on $flatten\i_regmap.$procdff$8394 ($dff) from module axi_dmac (D = \i_regmap.i_up_axi.up_rreq_int, Q = \i_regmap.up_rack, rval = 1'0).
Adding EN signal on $flatten\i_regmap.$procdff$8393 ($dff) from module axi_dmac (D = $flatten\i_regmap.$procmux$8117_Y, Q = \i_regmap.up_rdata).
Adding SRST signal on $flatten\i_regmap.\i_regmap_request.$procdff$8293 ($dff) from module axi_dmac (D = $flatten\i_regmap.\i_regmap_request.$procmux$7299_Y, Q = \i_regmap.i_regmap_request.up_dma_enable_tlen_reporting, rval = 1'0).
Adding EN signal on $auto$ff.cc:337:slice$8655 ($sdff) from module axi_dmac (D = \i_regmap.i_up_axi.up_wdata_int [2], Q = \i_regmap.i_regmap_request.up_dma_enable_tlen_reporting).
Adding SRST signal on $flatten\i_regmap.$procdff$8399 ($dff) from module axi_dmac (D = \i_regmap.i_up_axi.up_wreq_int, Q = \i_regmap.up_wack, rval = 1'0).
Adding SRST signal on $flatten\i_regmap.$procdff$8400 ($dff) from module axi_dmac (D = $flatten\i_regmap.$procmux$8155_Y, Q = \i_regmap.up_scratch, rval = 0).
Adding EN signal on $auto$ff.cc:337:slice$8660 ($sdff) from module axi_dmac (D = \i_regmap.i_up_axi.up_wdata_int, Q = \i_regmap.up_scratch).
Adding SRST signal on $flatten\i_regmap.$procdff$8401 ($dff) from module axi_dmac (D = $flatten\i_regmap.$procmux$8146_Y, Q = \i_regmap.up_irq_mask, rval = 2'11).
Adding EN signal on $auto$ff.cc:337:slice$8664 ($sdff) from module axi_dmac (D = \i_regmap.i_up_axi.up_wdata_int [1:0], Q = \i_regmap.up_irq_mask).
Adding SRST signal on $flatten\i_regmap.$procdff$8402 ($dff) from module axi_dmac (D = $flatten\i_regmap.$or$library/axi_dmac/axi_dmac_regmap.v:200$4804_Y, Q = \i_regmap.up_irq_source, rval = 2'00).
Adding SRST signal on $flatten\i_regmap.$procdff$8403 ($dff) from module axi_dmac (D = $flatten\i_regmap.$reduce_or$library/axi_dmac/axi_dmac_regmap.v:192$4799_Y, Q = \i_regmap.irq, rval = 1'0).
Adding SRST signal on $flatten\i_transfer.\i_request_arb.\genblk1.i_dest_dma_mm.\i_addr_gen.$procdff$8306 ($dff) from module axi_dmac (D = $flatten\i_transfer.\i_request_arb.\genblk1.i_dest_dma_mm.\i_addr_gen.$procmux$7464_Y, Q = \i_transfer.i_request_arb.genblk1.i_dest_dma_mm.i_addr_gen.req_ready, rval = 1'1).
Adding SRST signal on $flatten\i_transfer.\i_request_arb.\genblk6.i_src_dma_fifo.\i_data_mover.$procdff$8195 ($dff) from module axi_dmac (D = \i_transfer.i_request_arb.genblk6.i_src_dma_fifo.i_data_mover.id_next, Q = \i_transfer.i_request_arb.genblk6.i_src_dma_fifo.i_data_mover.id, rval = 4'0000).
Adding SRST signal on $flatten\i_transfer.\i_request_arb.\genblk6.i_src_dma_fifo.\i_data_mover.$procdff$8196 ($dff) from module axi_dmac (D = $flatten\i_transfer.\i_request_arb.\genblk6.i_src_dma_fifo.\i_data_mover.$procmux$6443_Y, Q = \i_transfer.i_request_arb.genblk6.i_src_dma_fifo.i_data_mover.active, rval = 1'0).
Adding EN signal on $auto$ff.cc:337:slice$8672 ($sdff) from module axi_dmac (D = $flatten\i_transfer.\i_request_arb.\genblk6.i_src_dma_fifo.\i_data_mover.$procmux$6443_Y, Q = \i_transfer.i_request_arb.genblk6.i_src_dma_fifo.i_data_mover.active).
Adding SRST signal on $flatten\i_transfer.\i_request_arb.\genblk6.i_src_dma_fifo.\i_data_mover.$procdff$8197 ($dff) from module axi_dmac (D = $flatten\i_transfer.\i_request_arb.\genblk6.i_src_dma_fifo.\i_data_mover.$procmux$6451_Y, Q = \i_transfer.i_request_arb.genblk6.i_src_dma_fifo.i_data_mover.bl_valid, rval = 1'1).
Adding EN signal on $auto$ff.cc:337:slice$8676 ($sdff) from module axi_dmac (D = 1'0, Q = \i_transfer.i_request_arb.genblk6.i_src_dma_fifo.i_data_mover.bl_valid).
Adding EN signal on $flatten\i_transfer.\i_request_arb.\genblk6.i_src_dma_fifo.\i_data_mover.$procdff$8198 ($dff) from module axi_dmac (D = \i_transfer.i_request_arb.genblk6.i_src_dma_fifo.i_data_mover.beat_counter_minus_one, Q = \i_transfer.i_request_arb.genblk6.i_src_dma_fifo.i_data_mover.measured_last_burst_length).
Adding SRST signal on $flatten\i_transfer.\i_request_arb.\genblk6.i_src_dma_fifo.\i_data_mover.$procdff$8199 ($dff) from module axi_dmac (D = $flatten\i_transfer.\i_request_arb.\genblk6.i_src_dma_fifo.\i_data_mover.$procmux$6456_Y, Q = \i_transfer.i_request_arb.genblk6.i_src_dma_fifo.i_data_mover.beat_counter_minus_one, rval = 4'0000).
Adding EN signal on $auto$ff.cc:337:slice$8679 ($sdff) from module axi_dmac (D = \i_transfer.i_request_arb.genblk6.i_src_dma_fifo.i_data_mover.beat_counter, Q = \i_transfer.i_request_arb.genblk6.i_src_dma_fifo.i_data_mover.beat_counter_minus_one).
Adding EN signal on $flatten\i_transfer.\i_request_arb.\genblk6.i_src_dma_fifo.\i_data_mover.$procdff$8200 ($dff) from module axi_dmac (D = \i_transfer.i_request_arb.i_src_req_fifo.zerodeep.genblk1.cdc_sync_fifo_ram [9:6], Q = \i_transfer.i_request_arb.genblk6.i_src_dma_fifo.i_data_mover.last_burst_length).
Adding SRST signal on $flatten\i_transfer.\i_request_arb.$procdff$8343 ($dff) from module axi_dmac (D = $flatten\i_transfer.\i_request_arb.$procmux$7843_Y, Q = \i_transfer.i_request_arb.src_throttled_request_id, rval = 4'0000).
Adding EN signal on $auto$ff.cc:337:slice$8682 ($sdff) from module axi_dmac (D = { $flatten\i_transfer.\i_request_arb.$add$library/axi_dmac/inc_id.vh:65$5071_Y [3] $flatten\i_transfer.\i_request_arb.$xor$library/axi_dmac/inc_id.vh:57$5072_Y $flatten\i_transfer.\i_request_arb.$xor$library/axi_dmac/inc_id.vh:57$5073_Y $flatten\i_transfer.\i_request_arb.$xor$library/axi_dmac/inc_id.vh:57$5074_Y }, Q = \i_transfer.i_request_arb.src_throttled_request_id).
Adding EN signal on $flatten\i_transfer.\i_request_arb.$procdff$8342 ($dff) from module axi_dmac (D = \i_transfer.i_request_arb.i_src_req_fifo.zerodeep.genblk1.cdc_sync_fifo_ram [0], Q = \i_transfer.i_request_arb.src_req_islast_cur).
Adding SRST signal on $flatten\i_transfer.\i_request_arb.\genblk6.i_src_dma_fifo.\i_data_mover.$procdff$8201 ($dff) from module axi_dmac (D = $flatten\i_transfer.\i_request_arb.\genblk6.i_src_dma_fifo.\i_data_mover.$procmux$6473_Y, Q = \i_transfer.i_request_arb.genblk6.i_src_dma_fifo.i_data_mover.beat_counter, rval = 4'0001).
Adding EN signal on $auto$ff.cc:337:slice$8685 ($sdff) from module axi_dmac (D = $flatten\i_transfer.\i_request_arb.\genblk6.i_src_dma_fifo.\i_data_mover.$add$library/axi_dmac/data_mover.v:213$6169_Y, Q = \i_transfer.i_request_arb.genblk6.i_src_dma_fifo.i_data_mover.beat_counter).
Adding EN signal on $flatten\i_transfer.\i_request_arb.$procdff$8341 ($dff) from module axi_dmac (D = \i_transfer.i_request_arb.i_src_req_fifo.zerodeep.genblk1.cdc_sync_fifo_ram [1], Q = \i_transfer.i_request_arb.src_req_xlast_cur).
Adding EN signal on $flatten\i_transfer.\i_request_arb.\genblk6.i_src_dma_fifo.\i_data_mover.$procdff$8202 ($dff) from module axi_dmac (D = $flatten\i_transfer.\i_request_arb.\genblk6.i_src_dma_fifo.\i_data_mover.$0\last_eot[0:0], Q = \i_transfer.i_request_arb.genblk6.i_src_dma_fifo.i_data_mover.last_eot).
Adding EN signal on $flatten\i_transfer.\i_request_arb.$procdff$8340 ($dff) from module axi_dmac (D = \i_transfer.i_request_arb.i_src_req_fifo.zerodeep.genblk1.cdc_sync_fifo_ram [131:71], Q = \i_transfer.i_request_arb.src_req_dest_address_cur).
Adding SRST signal on $flatten\i_transfer.\i_request_arb.\genblk6.i_src_dma_fifo.\i_data_mover.$procdff$8203 ($dff) from module axi_dmac (D = $flatten\i_transfer.\i_request_arb.\genblk6.i_src_dma_fifo.\i_data_mover.$procmux$6463_Y, Q = \i_transfer.i_request_arb.genblk6.i_src_dma_fifo.i_data_mover.last_non_eot, rval = 1'0).
Adding EN signal on $auto$ff.cc:337:slice$8692 ($sdff) from module axi_dmac (D = $flatten\i_transfer.\i_request_arb.\genblk6.i_src_dma_fifo.\i_data_mover.$eq$library/axi_dmac/data_mover.v:212$6168_Y, Q = \i_transfer.i_request_arb.genblk6.i_src_dma_fifo.i_data_mover.last_non_eot).
Adding SRST signal on $flatten\i_transfer.\i_request_arb.$procdff$8339 ($dff) from module axi_dmac (D = $flatten\i_transfer.\i_request_arb.$procmux$7538_Y, Q = \i_transfer.i_request_arb.src_dest_valid_hs, rval = 1'0).
Adding EN signal on $auto$ff.cc:337:slice$8694 ($sdff) from module axi_dmac (D = $flatten\i_transfer.\i_request_arb.$procmux$7538_Y, Q = \i_transfer.i_request_arb.src_dest_valid_hs).
Adding SRST signal on $flatten\i_transfer.\i_request_arb.\genblk1.i_dest_dma_mm.\i_response_handler.$procdff$8363 ($dff) from module axi_dmac (D = $flatten\i_transfer.\i_request_arb.\genblk1.i_dest_dma_mm.\i_response_handler.$procmux$7978_Y, Q = \i_transfer.i_request_arb.genblk1.i_dest_dma_mm.i_response_handler.id, rval = 4'0000).
Adding EN signal on $auto$ff.cc:337:slice$8698 ($sdff) from module axi_dmac (D = { $flatten\i_transfer.\i_request_arb.\genblk1.i_dest_dma_mm.\i_response_handler.$add$library/axi_dmac/inc_id.vh:65$6277_Y [3] $flatten\i_transfer.\i_request_arb.\genblk1.i_dest_dma_mm.\i_response_handler.$xor$library/axi_dmac/inc_id.vh:57$6278_Y $flatten\i_transfer.\i_request_arb.\genblk1.i_dest_dma_mm.\i_response_handler.$xor$library/axi_dmac/inc_id.vh:57$6279_Y $flatten\i_transfer.\i_request_arb.\genblk1.i_dest_dma_mm.\i_response_handler.$xor$library/axi_dmac/inc_id.vh:57$6280_Y }, Q = \i_transfer.i_request_arb.genblk1.i_dest_dma_mm.i_response_handler.id).
Adding EN signal on $flatten\i_transfer.\i_request_arb.\genblk1.i_src_dest_bl_fifo.$procdff$8257 ($dff) from module axi_dmac (D = \i_transfer.i_request_arb.genblk6.i_src_dma_fifo.i_data_mover.measured_last_burst_length, Q = \i_transfer.i_request_arb.genblk1.i_src_dest_bl_fifo.zerodeep.genblk1.cdc_sync_fifo_ram).
Adding SRST signal on $flatten\i_transfer.\i_request_arb.\genblk1.i_src_dest_bl_fifo.$procdff$8256 ($dff) from module axi_dmac (D = $flatten\i_transfer.\i_request_arb.\genblk1.i_src_dest_bl_fifo.$procmux$6991_Y, Q = \i_transfer.i_request_arb.genblk1.i_src_dest_bl_fifo.zerodeep.genblk1.s_axis_waddr, rval = 1'0).
Adding EN signal on $auto$ff.cc:337:slice$8701 ($sdff) from module axi_dmac (D = $flatten\i_transfer.\i_request_arb.\genblk1.i_src_dest_bl_fifo.$add$library/util_axis_fifo/util_axis_fifo.v:126$5397_Y, Q = \i_transfer.i_request_arb.genblk1.i_src_dest_bl_fifo.zerodeep.genblk1.s_axis_waddr).
Adding SRST signal on $flatten\i_transfer.\i_request_arb.\genblk1.i_src_dest_bl_fifo.$procdff$8255 ($dff) from module axi_dmac (D = $flatten\i_transfer.\i_request_arb.\genblk1.i_src_dest_bl_fifo.$procmux$6986_Y, Q = \i_transfer.i_request_arb.genblk1.i_src_dest_bl_fifo.zerodeep.genblk1.m_axis_raddr, rval = 1'0).
Adding EN signal on $auto$ff.cc:337:slice$8703 ($sdff) from module axi_dmac (D = $flatten\i_transfer.\i_request_arb.\genblk1.i_src_dest_bl_fifo.$add$library/util_axis_fifo/util_axis_fifo.v:135$5401_Y, Q = \i_transfer.i_request_arb.genblk1.i_src_dest_bl_fifo.zerodeep.genblk1.m_axis_raddr).
Adding SRST signal on $flatten\i_transfer.\i_request_arb.\genblk1.i_src_dest_bl_fifo.\zerodeep.genblk1.i_waddr_sync.$procdff$8263 ($dff) from module axi_dmac (D = \i_transfer.i_request_arb.genblk1.i_src_dest_bl_fifo.zerodeep.genblk1.i_waddr_sync.genblk1.cdc_sync_stage1, Q = \i_transfer.i_request_arb.genblk1.i_src_dest_bl_fifo.zerodeep.genblk1.i_waddr_sync.genblk1.cdc_sync_stage2, rval = 1'0).
Adding SRST signal on $flatten\i_transfer.\i_request_arb.\genblk1.i_src_dest_bl_fifo.\zerodeep.genblk1.i_waddr_sync.$procdff$8262 ($dff) from module axi_dmac (D = \i_transfer.i_request_arb.genblk1.i_src_dest_bl_fifo.zerodeep.genblk1.s_axis_waddr, Q = \i_transfer.i_request_arb.genblk1.i_src_dest_bl_fifo.zerodeep.genblk1.i_waddr_sync.genblk1.cdc_sync_stage1, rval = 1'0).
Adding EN signal on $flatten\i_transfer.\i_request_arb.\i_store_and_forward.\i_mem.$procdff$8264 ($dff) from module axi_dmac (D = $flatten\i_transfer.\i_request_arb.\i_store_and_forward.\i_mem.$memrd$\m_ram$library/common/ad_mem_asym.v:126$6385_DATA, Q = \i_transfer.i_request_arb.i_store_and_forward.i_mem.doutb).
Adding SRST signal on $flatten\i_transfer.\i_request_arb.\genblk1.i_src_dest_bl_fifo.\zerodeep.genblk1.i_raddr_sync.$procdff$8263 ($dff) from module axi_dmac (D = \i_transfer.i_request_arb.genblk1.i_src_dest_bl_fifo.zerodeep.genblk1.i_raddr_sync.genblk1.cdc_sync_stage1, Q = \i_transfer.i_request_arb.genblk1.i_src_dest_bl_fifo.zerodeep.genblk1.i_raddr_sync.genblk1.cdc_sync_stage2, rval = 1'0).
Adding SRST signal on $flatten\i_transfer.\i_request_arb.\genblk1.i_src_dest_bl_fifo.\zerodeep.genblk1.i_raddr_sync.$procdff$8262 ($dff) from module axi_dmac (D = \i_transfer.i_request_arb.genblk1.i_src_dest_bl_fifo.zerodeep.genblk1.m_axis_raddr, Q = \i_transfer.i_request_arb.genblk1.i_src_dest_bl_fifo.zerodeep.genblk1.i_raddr_sync.genblk1.cdc_sync_stage1, rval = 1'0).
Adding SRST signal on $flatten\i_transfer.\i_reset_manager.$procdff$8336 ($dff) from module axi_dmac (D = $flatten\i_transfer.\i_reset_manager.$procmux$7524_Y, Q = \i_transfer.i_reset_manager.needs_reset, rval = 1'0).
Adding EN signal on $auto$ff.cc:337:slice$8710 ($sdff) from module axi_dmac (D = 1'1, Q = \i_transfer.i_reset_manager.needs_reset).
Adding SRST signal on $flatten\i_transfer.\i_request_arb.\i_store_and_forward.$procdff$8208 ($dff) from module axi_dmac (D = $flatten\i_transfer.\i_request_arb.\i_store_and_forward.$procmux$6489_Y, Q = \i_transfer.i_request_arb.i_store_and_forward.dest_beat_counter, rval = 4'0000).
Adding EN signal on $auto$ff.cc:337:slice$8712 ($sdff) from module axi_dmac (D = $flatten\i_transfer.\i_request_arb.\i_store_and_forward.$add$library/axi_dmac/axi_dmac_burst_memory.v:339$5704_Y, Q = \i_transfer.i_request_arb.i_store_and_forward.dest_beat_counter).
Adding EN signal on $flatten\i_transfer.\i_request_arb.\i_store_and_forward.$procdff$8209 ($dff) from module axi_dmac (D = \i_transfer.i_request_arb.i_store_and_forward.dest_id_reduced_msb_next, Q = \i_transfer.i_request_arb.i_store_and_forward.dest_id_reduced_msb).
Adding EN signal on $flatten\i_transfer.\i_request_arb.\i_store_and_forward.$procdff$8210 ($dff) from module axi_dmac (D = \i_transfer.i_request_arb.i_store_and_forward.dest_id_next, Q = \i_transfer.i_request_arb.i_store_and_forward.dest_id).
Adding EN signal on $flatten\i_transfer.\i_request_arb.\i_store_and_forward.$procdff$8211 ($dff) from module axi_dmac (D = $flatten\i_transfer.\i_request_arb.\i_store_and_forward.$memrd$\burst_len_mem$library/axi_dmac/axi_dmac_burst_memory.v:324$5696_DATA, Q = \i_transfer.i_request_arb.i_store_and_forward.dest_burst_len_data [7:3]).
Adding SRST signal on $flatten\i_transfer.\i_request_arb.\i_store_and_forward.$procdff$8212 ($dff) from module axi_dmac (D = $flatten\i_transfer.\i_request_arb.\i_store_and_forward.$procmux$6505_Y, Q = \i_transfer.i_request_arb.i_store_and_forward.dest_id_next, rval = 4'0000).
Adding EN signal on $auto$ff.cc:337:slice$8717 ($sdff) from module axi_dmac (D = { \i_transfer.i_request_arb.i_store_and_forward.dest_id_next_inc [3:2] \i_transfer.i_request_arb.i_store_and_forward.inc_id$func$library/axi_dmac/axi_dmac_burst_memory.v:310$5609.$result [1:0] }, Q = \i_transfer.i_request_arb.i_store_and_forward.dest_id_next).
Adding SRST signal on $flatten\i_transfer.\i_request_arb.\i_store_and_forward.$procdff$8213 ($dff) from module axi_dmac (D = $flatten\i_transfer.\i_request_arb.\i_store_and_forward.$procmux$6500_Y, Q = \i_transfer.i_request_arb.i_store_and_forward.dest_id_reduced_msb_next, rval = 1'0).
Adding EN signal on $auto$ff.cc:337:slice$8719 ($sdff) from module axi_dmac (D = $flatten\i_transfer.\i_request_arb.\i_store_and_forward.$reduce_xor$library/axi_dmac/axi_dmac_burst_memory.v:318$5691_Y, Q = \i_transfer.i_request_arb.i_store_and_forward.dest_id_reduced_msb_next).
Adding EN signal on $flatten\i_transfer.\i_request_arb.\i_store_and_forward.$procdff$8214 ($dff) from module axi_dmac (D = 8'11111111, Q = \i_transfer.i_request_arb.i_store_and_forward.dest_mem_data_strb).
Adding SRST signal on $flatten\i_transfer.\i_request_arb.\i_store_and_forward.$procdff$8215 ($dff) from module axi_dmac (D = $flatten\i_transfer.\i_request_arb.\i_store_and_forward.$procmux$6518_Y, Q = \i_transfer.i_request_arb.i_store_and_forward.dest_mem_data_last, rval = 1'0).
Adding EN signal on $auto$ff.cc:337:slice$8722 ($sdff) from module axi_dmac (D = $flatten\i_transfer.\i_request_arb.\i_store_and_forward.$procmux$6518_Y, Q = \i_transfer.i_request_arb.i_store_and_forward.dest_mem_data_last).
Adding SRST signal on $flatten\i_transfer.\i_request_arb.\i_store_and_forward.$procdff$8216 ($dff) from module axi_dmac (D = $flatten\i_transfer.\i_request_arb.\i_store_and_forward.$procmux$6526_Y, Q = \i_transfer.i_request_arb.i_store_and_forward.dest_mem_data_valid, rval = 1'0).
Adding EN signal on $auto$ff.cc:337:slice$8726 ($sdff) from module axi_dmac (D = $flatten\i_transfer.\i_request_arb.\i_store_and_forward.$procmux$6526_Y, Q = \i_transfer.i_request_arb.i_store_and_forward.dest_mem_data_valid).
Adding SRST signal on $flatten\i_transfer.\i_request_arb.\i_store_and_forward.$procdff$8217 ($dff) from module axi_dmac (D = $flatten\i_transfer.\i_request_arb.\i_store_and_forward.$procmux$6534_Y, Q = \i_transfer.i_request_arb.i_store_and_forward.dest_valid, rval = 1'0).
Adding EN signal on $auto$ff.cc:337:slice$8730 ($sdff) from module axi_dmac (D = $flatten\i_transfer.\i_request_arb.\i_store_and_forward.$procmux$6534_Y, Q = \i_transfer.i_request_arb.i_store_and_forward.dest_valid).
Adding SRST signal on $flatten\i_transfer.\i_request_arb.\genblk1.i_dest_dma_mm.\i_addr_gen.$procdff$8294 ($dff) from module axi_dmac (D = $flatten\i_transfer.\i_request_arb.\genblk1.i_dest_dma_mm.\i_addr_gen.$procmux$7442_Y, Q = \i_transfer.i_request_arb.genblk1.i_dest_dma_mm.i_addr_gen.id, rval = 4'0000).
Adding EN signal on $auto$ff.cc:337:slice$8734 ($sdff) from module axi_dmac (D = { $flatten\i_transfer.\i_request_arb.\genblk1.i_dest_dma_mm.\i_addr_gen.$add$library/axi_dmac/inc_id.vh:65$6365_Y [3] $flatten\i_transfer.\i_request_arb.\genblk1.i_dest_dma_mm.\i_addr_gen.$xor$library/axi_dmac/inc_id.vh:57$6366_Y $flatten\i_transfer.\i_request_arb.\genblk1.i_dest_dma_mm.\i_addr_gen.$xor$library/axi_dmac/inc_id.vh:57$6367_Y $flatten\i_transfer.\i_request_arb.\genblk1.i_dest_dma_mm.\i_addr_gen.$xor$library/axi_dmac/inc_id.vh:57$6368_Y }, Q = \i_transfer.i_request_arb.genblk1.i_dest_dma_mm.i_addr_gen.id).
Adding SRST signal on $flatten\i_transfer.\i_request_arb.\i_store_and_forward.$procdff$8221 ($dff) from module axi_dmac (D = $flatten\i_transfer.\i_request_arb.\i_store_and_forward.$procmux$6548_Y, Q = \i_transfer.i_request_arb.i_store_and_forward.src_beat_counter, rval = 4'0000).
Adding EN signal on $auto$ff.cc:337:slice$8736 ($sdff) from module axi_dmac (D = $flatten\i_transfer.\i_request_arb.\i_store_and_forward.$add$library/axi_dmac/axi_dmac_burst_memory.v:230$5652_Y, Q = \i_transfer.i_request_arb.i_store_and_forward.src_beat_counter).
Adding SRST signal on $flatten\i_transfer.\i_request_arb.\i_store_and_forward.$procdff$8222 ($dff) from module axi_dmac (D = \i_transfer.i_request_arb.i_store_and_forward.src_id_next, Q = \i_transfer.i_request_arb.i_store_and_forward.src_id, rval = 4'0000).
Adding EN signal on $auto$ff.cc:337:slice$8738 ($sdff) from module axi_dmac (D = { $flatten\i_transfer.\i_request_arb.\i_store_and_forward.$xor$library/axi_dmac/inc_id.vh:57$5642_Y $flatten\i_transfer.\i_request_arb.\i_store_and_forward.$xor$library/axi_dmac/inc_id.vh:57$5643_Y }, Q = \i_transfer.i_request_arb.i_store_and_forward.src_id [1:0]).
Adding SRST signal on $flatten\i_transfer.\i_request_arb.\i_store_and_forward.$procdff$8223 ($dff) from module axi_dmac (D = $flatten\i_transfer.\i_request_arb.\i_store_and_forward.$reduce_xor$library/axi_dmac/axi_dmac_burst_memory.v:222$5646_Y, Q = \i_transfer.i_request_arb.i_store_and_forward.src_id_reduced_msb, rval = 1'0).
Adding SRST signal on $flatten\i_transfer.\i_request_arb.\i_dest_req_fifo.\zerodeep.genblk1.i_raddr_sync.$procdff$8262 ($dff) from module axi_dmac (D = \i_transfer.i_request_arb.i_dest_req_fifo.zerodeep.genblk1.m_axis_raddr, Q = \i_transfer.i_request_arb.i_dest_req_fifo.zerodeep.genblk1.i_raddr_sync.genblk1.cdc_sync_stage1, rval = 1'0).
Adding SRST signal on $flatten\i_transfer.\i_request_arb.\i_dest_req_fifo.\zerodeep.genblk1.i_raddr_sync.$procdff$8263 ($dff) from module axi_dmac (D = \i_transfer.i_request_arb.i_dest_req_fifo.zerodeep.genblk1.i_raddr_sync.genblk1.cdc_sync_stage1, Q = \i_transfer.i_request_arb.i_dest_req_fifo.zerodeep.genblk1.i_raddr_sync.genblk1.cdc_sync_stage2, rval = 1'0).
Adding SRST signal on $flatten\i_transfer.\i_request_arb.\i_dest_req_fifo.\zerodeep.genblk1.i_waddr_sync.$procdff$8262 ($dff) from module axi_dmac (D = \i_transfer.i_request_arb.i_dest_req_fifo.zerodeep.genblk1.s_axis_waddr, Q = \i_transfer.i_request_arb.i_dest_req_fifo.zerodeep.genblk1.i_waddr_sync.genblk1.cdc_sync_stage1, rval = 1'0).
Adding SRST signal on $flatten\i_transfer.\i_request_arb.\i_dest_req_fifo.\zerodeep.genblk1.i_waddr_sync.$procdff$8263 ($dff) from module axi_dmac (D = \i_transfer.i_request_arb.i_dest_req_fifo.zerodeep.genblk1.i_waddr_sync.genblk1.cdc_sync_stage1, Q = \i_transfer.i_request_arb.i_dest_req_fifo.zerodeep.genblk1.i_waddr_sync.genblk1.cdc_sync_stage2, rval = 1'0).
Adding SRST signal on $flatten\i_transfer.\i_request_arb.\i_dest_req_fifo.$procdff$8224 ($dff) from module axi_dmac (D = $flatten\i_transfer.\i_request_arb.\i_dest_req_fifo.$procmux$6610_Y, Q = \i_transfer.i_request_arb.i_dest_req_fifo.zerodeep.genblk1.m_axis_raddr, rval = 1'0).
Adding EN signal on $auto$ff.cc:337:slice$8746 ($sdff) from module axi_dmac (D = $flatten\i_transfer.\i_request_arb.\i_dest_req_fifo.$add$library/util_axis_fifo/util_axis_fifo.v:135$5603_Y, Q = \i_transfer.i_request_arb.i_dest_req_fifo.zerodeep.genblk1.m_axis_raddr).
Adding SRST signal on $flatten\i_transfer.\i_request_arb.\i_dest_req_fifo.$procdff$8225 ($dff) from module axi_dmac (D = $flatten\i_transfer.\i_request_arb.\i_dest_req_fifo.$procmux$6615_Y, Q = \i_transfer.i_request_arb.i_dest_req_fifo.zerodeep.genblk1.s_axis_waddr, rval = 1'0).
Adding EN signal on $auto$ff.cc:337:slice$8748 ($sdff) from module axi_dmac (D = $flatten\i_transfer.\i_request_arb.\i_dest_req_fifo.$add$library/util_axis_fifo/util_axis_fifo.v:126$5599_Y, Q = \i_transfer.i_request_arb.i_dest_req_fifo.zerodeep.genblk1.s_axis_waddr).
Adding EN signal on $flatten\i_transfer.\i_request_arb.\i_dest_req_fifo.$procdff$8226 ($dff) from module axi_dmac (D = { \i_transfer.i_request_arb.src_req_dest_address_cur \i_transfer.i_request_arb.src_req_xlast_cur \i_transfer.i_request_arb.src_req_islast_cur }, Q = \i_transfer.i_request_arb.i_dest_req_fifo.zerodeep.genblk1.cdc_sync_fifo_ram).
Adding SRST signal on $flatten\i_transfer.\i_request_arb.\i_src_req_fifo.\zerodeep.genblk1.i_raddr_sync.$procdff$8262 ($dff) from module axi_dmac (D = \i_transfer.i_request_arb.i_src_req_fifo.zerodeep.genblk1.m_axis_raddr, Q = \i_transfer.i_request_arb.i_src_req_fifo.zerodeep.genblk1.i_raddr_sync.genblk1.cdc_sync_stage1, rval = 1'0).
Adding SRST signal on $flatten\i_transfer.\i_request_arb.\i_src_req_fifo.\zerodeep.genblk1.i_raddr_sync.$procdff$8263 ($dff) from module axi_dmac (D = \i_transfer.i_request_arb.i_src_req_fifo.zerodeep.genblk1.i_raddr_sync.genblk1.cdc_sync_stage1, Q = \i_transfer.i_request_arb.i_src_req_fifo.zerodeep.genblk1.i_raddr_sync.genblk1.cdc_sync_stage2, rval = 1'0).
Adding SRST signal on $flatten\i_transfer.\i_request_arb.\i_src_req_fifo.\zerodeep.genblk1.i_waddr_sync.$procdff$8262 ($dff) from module axi_dmac (D = \i_transfer.i_request_arb.i_src_req_fifo.zerodeep.genblk1.s_axis_waddr, Q = \i_transfer.i_request_arb.i_src_req_fifo.zerodeep.genblk1.i_waddr_sync.genblk1.cdc_sync_stage1, rval = 1'0).
Adding SRST signal on $flatten\i_transfer.\i_request_arb.\i_src_req_fifo.\zerodeep.genblk1.i_waddr_sync.$procdff$8263 ($dff) from module axi_dmac (D = \i_transfer.i_request_arb.i_src_req_fifo.zerodeep.genblk1.i_waddr_sync.genblk1.cdc_sync_stage1, Q = \i_transfer.i_request_arb.i_src_req_fifo.zerodeep.genblk1.i_waddr_sync.genblk1.cdc_sync_stage2, rval = 1'0).
Adding SRST signal on $flatten\i_transfer.\i_request_arb.\i_src_req_fifo.$procdff$8227 ($dff) from module axi_dmac (D = $flatten\i_transfer.\i_request_arb.\i_src_req_fifo.$procmux$6622_Y, Q = \i_transfer.i_request_arb.i_src_req_fifo.zerodeep.genblk1.m_axis_raddr, rval = 1'0).
Adding EN signal on $auto$ff.cc:337:slice$8755 ($sdff) from module axi_dmac (D = $flatten\i_transfer.\i_request_arb.\i_src_req_fifo.$add$library/util_axis_fifo/util_axis_fifo.v:135$5585_Y, Q = \i_transfer.i_request_arb.i_src_req_fifo.zerodeep.genblk1.m_axis_raddr).
Adding SRST signal on $flatten\i_transfer.\i_reset_manager.$procdff$8335 ($dff) from module axi_dmac (D = $flatten\i_transfer.\i_reset_manager.$procmux$7503_Y, Q = \i_transfer.i_reset_manager.state, rval = 3'000).
Adding EN signal on $auto$ff.cc:337:slice$8757 ($sdff) from module axi_dmac (D = $flatten\i_transfer.\i_reset_manager.$procmux$7503_Y, Q = \i_transfer.i_reset_manager.state).
Adding SRST signal on $flatten\i_transfer.\i_request_arb.\i_src_req_fifo.$procdff$8228 ($dff) from module axi_dmac (D = $flatten\i_transfer.\i_request_arb.\i_src_req_fifo.$procmux$6627_Y, Q = \i_transfer.i_request_arb.i_src_req_fifo.zerodeep.genblk1.s_axis_waddr, rval = 1'0).
Adding EN signal on $auto$ff.cc:337:slice$8773 ($sdff) from module axi_dmac (D = $flatten\i_transfer.\i_request_arb.\i_src_req_fifo.$add$library/util_axis_fifo/util_axis_fifo.v:126$5581_Y, Q = \i_transfer.i_request_arb.i_src_req_fifo.zerodeep.genblk1.s_axis_waddr).
Adding EN signal on $flatten\i_transfer.\i_request_arb.\i_src_req_fifo.$procdff$8229 ($dff) from module axi_dmac (D = { \i_transfer.dma_req_dest_address \i_transfer.dma_req_src_address \i_transfer.dma_req_length [6:0] 1'0 \i_regmap.i_regmap_request.up_dma_last \i_transfer.i_request_arb.i_src_req_fifo.s_axis_data [0] }, Q = \i_transfer.i_request_arb.i_src_req_fifo.zerodeep.genblk1.cdc_sync_fifo_ram).
Adding SRST signal on $auto$ff.cc:337:slice$8775 ($dffe) from module axi_dmac (D = { \i_regmap.i_regmap_request.up_dma_dest_address \i_regmap.i_regmap_request.up_dma_src_address \i_regmap.i_regmap_request.up_dma_x_length [6:3] }, Q = \i_transfer.i_request_arb.i_src_req_fifo.zerodeep.genblk1.cdc_sync_fifo_ram [131:6], rval = 126'000000000000000000000000000000000000000000000000000000000000000000000000000000000000000000000000000000000000000000000000000000).
Adding SRST signal on $flatten\i_transfer.\i_request_arb.\genblk1.i_dest_dma_mm.\i_response_handler.$procdff$8374 ($dff) from module axi_dmac (D = $flatten\i_transfer.\i_request_arb.\genblk1.i_dest_dma_mm.\i_response_handler.$procmux$7986_Y, Q = \i_transfer.i_request_arb.genblk1.i_dest_dma_mm.i_response_handler.enabled, rval = 1'0).
Adding EN signal on $auto$ff.cc:337:slice$8778 ($sdff) from module axi_dmac (D = $flatten\i_transfer.\i_request_arb.\genblk1.i_dest_dma_mm.\i_response_handler.$procmux$7986_Y, Q = \i_transfer.i_request_arb.genblk1.i_dest_dma_mm.i_response_handler.enabled).
Adding SRST signal on $flatten\i_transfer.\i_request_arb.\i_response_manager.\i_dest_response_fifo.\zerodeep.genblk1.i_raddr_sync.$procdff$8263 ($dff) from module axi_dmac (D = \i_transfer.i_request_arb.i_response_manager.i_dest_response_fifo.zerodeep.genblk1.i_raddr_sync.genblk1.cdc_sync_stage1, Q = \i_transfer.i_request_arb.i_response_manager.i_dest_response_fifo.zerodeep.genblk1.i_raddr_sync.genblk1.cdc_sync_stage2, rval = 1'0).
Adding SRST signal on $flatten\i_transfer.\i_request_arb.\i_response_manager.\i_dest_response_fifo.\zerodeep.genblk1.i_raddr_sync.$procdff$8262 ($dff) from module axi_dmac (D = \i_transfer.i_request_arb.i_response_manager.i_dest_response_fifo.zerodeep.genblk1.m_axis_raddr, Q = \i_transfer.i_request_arb.i_response_manager.i_dest_response_fifo.zerodeep.genblk1.i_raddr_sync.genblk1.cdc_sync_stage1, rval = 1'0).
Adding SRST signal on $flatten\i_transfer.\i_request_arb.\genblk1.i_dest_dma_mm.\i_addr_gen.$procdff$8313 ($dff) from module axi_dmac (D = $flatten\i_transfer.\i_request_arb.\genblk1.i_dest_dma_mm.\i_addr_gen.$procmux$7496_Y, Q = \i_transfer.i_request_arb.genblk1.i_dest_dma_mm.i_addr_gen.enabled, rval = 1'0).
Adding EN signal on $auto$ff.cc:337:slice$8784 ($sdff) from module axi_dmac (D = $flatten\i_transfer.\i_request_arb.\genblk1.i_dest_dma_mm.\i_addr_gen.$procmux$7496_Y, Q = \i_transfer.i_request_arb.genblk1.i_dest_dma_mm.i_addr_gen.enabled).
Adding EN signal on $flatten\i_transfer.\i_request_arb.\genblk1.i_dest_dma_mm.\i_addr_gen.$procdff$8312 ($dff) from module axi_dmac (D = \i_transfer.i_request_arb.genblk1.i_src_dest_bl_fifo.zerodeep.genblk1.cdc_sync_fifo_ram, Q = \i_transfer.i_request_arb.genblk1.i_dest_dma_mm.i_addr_gen.last_burst_len).
Adding SRST signal on $flatten\i_transfer.\i_request_arb.\i_response_manager.$procdff$8245 ($dff) from module axi_dmac (D = \i_transfer.i_request_arb.i_response_manager.nx_state, Q = \i_transfer.i_request_arb.i_response_manager.state, rval = 3'000).
Adding SRST signal on $flatten\i_transfer.\i_request_arb.\i_response_manager.$procdff$8246 ($dff) from module axi_dmac (D = $flatten\i_transfer.\i_request_arb.\i_response_manager.$procmux$6946_Y, Q = \i_transfer.i_request_arb.i_response_manager.measured_burst_length, rval = 7'1111111).
Adding EN signal on $auto$ff.cc:337:slice$8790 ($sdff) from module axi_dmac (D = \i_transfer.i_request_arb.i_response_manager.req_response_dest_data_burst_length, Q = \i_transfer.i_request_arb.i_response_manager.measured_burst_length).
Adding SRST signal on $flatten\i_transfer.\i_request_arb.\i_req_gen.$procdff$8234 ($dff) from module axi_dmac (D = \i_transfer.i_request_arb.i_req_gen.nx_state, Q = \i_transfer.i_request_arb.i_req_gen.state, rval = 3'000).
Adding SRST signal on $flatten\i_transfer.\i_request_arb.\i_req_gen.$procdff$8230 ($dff) from module axi_dmac (D = \i_transfer.i_request_arb.i_req_gen.nx_completion_req_valid, Q = \i_transfer.i_request_arb.i_req_gen.completion_req_valid, rval = 1'0).
Adding SRST signal on $flatten\i_transfer.\i_request_arb.\i_req_gen.$procdff$8235 ($dff) from module axi_dmac (D = $flatten\i_transfer.\i_request_arb.\i_req_gen.$procmux$6798_Y, Q = \i_transfer.i_request_arb.i_req_gen.cur_transfer_id, rval = 1'0).
Adding EN signal on $auto$ff.cc:337:slice$8794 ($sdff) from module axi_dmac (D = \i_transfer.i_request_arb.i_req_gen.transfer_id_match, Q = \i_transfer.i_request_arb.i_req_gen.cur_transfer_id).
Adding SRST signal on $flatten\i_transfer.\i_request_arb.\i_req_gen.$procdff$8236 ($dff) from module axi_dmac (D = $flatten\i_transfer.\i_request_arb.\i_req_gen.$logic_or$library/axi_dmac/request_generator.v:142$5511_Y, Q = \i_transfer.i_request_arb.i_req_gen.req_ready, rval = 1'0).
Adding SRST signal on $flatten\i_transfer.\i_request_arb.\i_req_gen.$procdff$8237 ($dff) from module axi_dmac (D = $flatten\i_transfer.\i_request_arb.\i_req_gen.$procmux$6806_Y, Q = \i_transfer.i_request_arb.i_req_gen.id, rval = 4'0000).
Adding EN signal on $auto$ff.cc:337:slice$8797 ($sdff) from module axi_dmac (D = \i_transfer.i_request_arb.i_req_gen.id_next, Q = \i_transfer.i_request_arb.i_req_gen.id).
Adding EN signal on $flatten\i_transfer.\i_request_arb.\i_req_gen.$procdff$8238 ($dff) from module axi_dmac (D = \i_regmap.i_regmap_request.up_dma_last, Q = \i_transfer.i_request_arb.i_req_gen.cur_req_xlast).
Adding EN signal on $flatten\i_transfer.\i_request_arb.\i_req_gen.$procdff$8239 ($dff) from module axi_dmac (D = \i_transfer.dma_req_length [23:7], Q = \i_transfer.i_request_arb.i_req_gen.cur_burst_length).
Adding EN signal on $flatten\i_transfer.\i_request_arb.\i_req_gen.$procdff$8240 ($dff) from module axi_dmac (D = $flatten\i_transfer.\i_request_arb.\i_req_gen.$0\burst_count[16:0], Q = \i_transfer.i_request_arb.i_req_gen.burst_count).
Adding EN signal on $flatten\i_transfer.\i_request_arb.\i_response_manager.\i_dest_response_fifo.$procdff$8261 ($dff) from module axi_dmac (D = { \i_transfer.i_request_arb.i_response_manager.i_dest_response_fifo.s_axis_data [8:1] \i_transfer.i_request_arb.dest_response_resp_eot }, Q = \i_transfer.i_request_arb.i_response_manager.i_dest_response_fifo.zerodeep.genblk1.cdc_sync_fifo_ram).
Adding SRST signal on $flatten\i_transfer.\i_request_arb.\i_response_manager.\i_dest_response_fifo.$procdff$8260 ($dff) from module axi_dmac (D = $flatten\i_transfer.\i_request_arb.\i_response_manager.\i_dest_response_fifo.$procmux$7006_Y, Q = \i_transfer.i_request_arb.i_response_manager.i_dest_response_fifo.zerodeep.genblk1.s_axis_waddr, rval = 1'0).
Adding EN signal on $auto$ff.cc:337:slice$8807 ($sdff) from module axi_dmac (D = $flatten\i_transfer.\i_request_arb.\i_response_manager.\i_dest_response_fifo.$add$library/util_axis_fifo/util_axis_fifo.v:126$5376_Y, Q = \i_transfer.i_request_arb.i_response_manager.i_dest_response_fifo.zerodeep.genblk1.s_axis_waddr).
Adding SRST signal on $flatten\i_transfer.\i_request_arb.\i_response_manager.\i_dest_response_fifo.$procdff$8259 ($dff) from module axi_dmac (D = $flatten\i_transfer.\i_request_arb.\i_response_manager.\i_dest_response_fifo.$procmux$7001_Y, Q = \i_transfer.i_request_arb.i_response_manager.i_dest_response_fifo.zerodeep.genblk1.m_axis_raddr, rval = 1'0).
Adding EN signal on $auto$ff.cc:337:slice$8809 ($sdff) from module axi_dmac (D = $flatten\i_transfer.\i_request_arb.\i_response_manager.\i_dest_response_fifo.$add$library/util_axis_fifo/util_axis_fifo.v:135$5380_Y, Q = \i_transfer.i_request_arb.i_response_manager.i_dest_response_fifo.zerodeep.genblk1.m_axis_raddr).
Adding SRST signal on $flatten\i_transfer.\i_request_arb.\i_response_manager.\i_dest_response_fifo.\zerodeep.genblk1.i_waddr_sync.$procdff$8263 ($dff) from module axi_dmac (D = \i_transfer.i_request_arb.i_response_manager.i_dest_response_fifo.zerodeep.genblk1.i_waddr_sync.genblk1.cdc_sync_stage1, Q = \i_transfer.i_request_arb.i_response_manager.i_dest_response_fifo.zerodeep.genblk1.i_waddr_sync.genblk1.cdc_sync_stage2, rval = 1'0).
Adding SRST signal on $flatten\i_transfer.\i_request_arb.\i_response_manager.\i_dest_response_fifo.\zerodeep.genblk1.i_waddr_sync.$procdff$8262 ($dff) from module axi_dmac (D = \i_transfer.i_request_arb.i_response_manager.i_dest_response_fifo.zerodeep.genblk1.s_axis_waddr, Q = \i_transfer.i_request_arb.i_response_manager.i_dest_response_fifo.zerodeep.genblk1.i_waddr_sync.genblk1.cdc_sync_stage1, rval = 1'0).
Setting constant 0-bit at position 2 on $auto$ff.cc:337:slice$8777 ($dffe) from module axi_dmac.
Setting constant 1-bit at position 0 on $auto$ff.cc:337:slice$8721 ($dffe) from module axi_dmac.
Setting constant 1-bit at position 1 on $auto$ff.cc:337:slice$8721 ($dffe) from module axi_dmac.
Setting constant 1-bit at position 2 on $auto$ff.cc:337:slice$8721 ($dffe) from module axi_dmac.
Setting constant 1-bit at position 3 on $auto$ff.cc:337:slice$8721 ($dffe) from module axi_dmac.
Setting constant 1-bit at position 4 on $auto$ff.cc:337:slice$8721 ($dffe) from module axi_dmac.
Setting constant 1-bit at position 5 on $auto$ff.cc:337:slice$8721 ($dffe) from module axi_dmac.
Setting constant 1-bit at position 6 on $auto$ff.cc:337:slice$8721 ($dffe) from module axi_dmac.
Setting constant 1-bit at position 7 on $auto$ff.cc:337:slice$8721 ($dffe) from module axi_dmac.
Setting constant 0-bit at position 0 on $auto$ff.cc:337:slice$8642 ($sdffe) from module axi_dmac.
Setting constant 0-bit at position 0 on $auto$ff.cc:337:slice$8638 ($sdffe) from module axi_dmac.

91.14.7. Executing OPT_CLEAN pass (remove unused cells and wires).
Finding unused cells or wires in module \axi_dmac..
Removed 217 unused cells and 217 unused wires.
<suppressed ~222 debug messages>

91.14.8. Executing OPT_EXPR pass (perform const folding).
Optimizing module axi_dmac.
<suppressed ~28 debug messages>

91.14.9. Rerunning OPT passes. (Maybe there is more to do..)

91.14.10. Executing OPT_MUXTREE pass (detect dead branches in mux trees).
Running muxtree optimizer on module \axi_dmac..
  Creating internal representation of mux trees.
  Evaluating internal representation of mux trees.
  Analyzing evaluation results.
Removed 0 multiplexer ports.
<suppressed ~196 debug messages>

91.14.11. Executing OPT_REDUCE pass (consolidate $*mux and $reduce_* inputs).
  Optimizing cells in module \axi_dmac.
Performed a total of 0 changes.

91.14.12. Executing OPT_MERGE pass (detect identical cells).
Finding identical cells in module `\axi_dmac'.
Computing hashes of 726 cells of `\axi_dmac'.
Finding duplicate cells in `\axi_dmac'.
Computing hashes of 711 cells of `\axi_dmac'.
Finding duplicate cells in `\axi_dmac'.
Computing hashes of 710 cells of `\axi_dmac'.
Finding duplicate cells in `\axi_dmac'.
<suppressed ~48 debug messages>
Removed a total of 16 cells.

91.14.13. Executing OPT_DFF pass (perform DFF optimizations).
Adding SRST signal on $auto$ff.cc:337:slice$8577 ($dffe) from module axi_dmac (D = 1'x, Q = \i_transfer.i_request_arb.genblk6.i_src_dma_fifo.i_data_mover.needs_sync, rval = 1'0).
Removing never-active SRST on $auto$ff.cc:337:slice$8776 ($sdffce) from module axi_dmac.
Setting constant 0-bit at position 0 on $auto$ff.cc:337:slice$8814 ($sdffce) from module axi_dmac.

91.14.14. Executing OPT_CLEAN pass (remove unused cells and wires).
Finding unused cells or wires in module \axi_dmac..
Removed 3 unused cells and 21 unused wires.
<suppressed ~4 debug messages>

91.14.15. Executing OPT_EXPR pass (perform const folding).
Optimizing module axi_dmac.
<suppressed ~3 debug messages>

91.14.16. Rerunning OPT passes. (Maybe there is more to do..)

91.14.17. Executing OPT_MUXTREE pass (detect dead branches in mux trees).
Running muxtree optimizer on module \axi_dmac..
  Creating internal representation of mux trees.
  Evaluating internal representation of mux trees.
  Analyzing evaluation results.
Removed 0 multiplexer ports.
<suppressed ~195 debug messages>

91.14.18. Executing OPT_REDUCE pass (consolidate $*mux and $reduce_* inputs).
  Optimizing cells in module \axi_dmac.
Performed a total of 0 changes.

91.14.19. Executing OPT_MERGE pass (detect identical cells).
Finding identical cells in module `\axi_dmac'.
Computing hashes of 704 cells of `\axi_dmac'.
Finding duplicate cells in `\axi_dmac'.
Removed a total of 0 cells.

91.14.20. Executing OPT_DFF pass (perform DFF optimizations).
Setting constant 1-bit at position 2 on $auto$ff.cc:337:slice$8813 ($dffe) from module axi_dmac.
Setting constant 1-bit at position 3 on $auto$ff.cc:337:slice$8813 ($dffe) from module axi_dmac.
Setting constant 1-bit at position 4 on $auto$ff.cc:337:slice$8813 ($dffe) from module axi_dmac.

91.14.21. Executing OPT_CLEAN pass (remove unused cells and wires).
Finding unused cells or wires in module \axi_dmac..
Removed 0 unused cells and 2 unused wires.
<suppressed ~1 debug messages>

91.14.22. Executing OPT_EXPR pass (perform const folding).
Optimizing module axi_dmac.

91.14.23. Rerunning OPT passes. (Maybe there is more to do..)

91.14.24. Executing OPT_MUXTREE pass (detect dead branches in mux trees).
Running muxtree optimizer on module \axi_dmac..
  Creating internal representation of mux trees.
  Evaluating internal representation of mux trees.
  Analyzing evaluation results.
Removed 0 multiplexer ports.
<suppressed ~195 debug messages>

91.14.25. Executing OPT_REDUCE pass (consolidate $*mux and $reduce_* inputs).
  Optimizing cells in module \axi_dmac.
Performed a total of 0 changes.

91.14.26. Executing OPT_MERGE pass (detect identical cells).
Finding identical cells in module `\axi_dmac'.
Computing hashes of 704 cells of `\axi_dmac'.
Finding duplicate cells in `\axi_dmac'.
Removed a total of 0 cells.

91.14.27. Executing OPT_DFF pass (perform DFF optimizations).

91.14.28. Executing OPT_CLEAN pass (remove unused cells and wires).
Finding unused cells or wires in module \axi_dmac..

91.14.29. Executing OPT_EXPR pass (perform const folding).
Optimizing module axi_dmac.

91.14.30. Finished fast OPT passes. (There is nothing left to do.)

91.15. Executing WREDUCE pass (reducing word size of cells).
Removed top 1 bits (of 2) from port B of cell axi_dmac.$auto$opt_dff.cc:320:make_patterns_logic$8787 ($ne).
Removed top 1 bits (of 2) from port B of cell axi_dmac.$auto$opt_dff.cc:320:make_patterns_logic$8768 ($ne).
Removed top 1 bits (of 2) from port B of cell axi_dmac.$auto$opt_dff.cc:320:make_patterns_logic$8766 ($ne).
Removed top 1 bits (of 2) from port B of cell axi_dmac.$auto$opt_dff.cc:320:make_patterns_logic$8635 ($ne).
Converting cell axi_dmac.$flatten\i_regmap.\i_regmap_request.$neg$library/axi_dmac/axi_dmac_regmap_request.v:372$6015 ($neg) from signed to unsigned.
Removed top 1 bits (of 3) from port A of cell axi_dmac.$flatten\i_regmap.\i_regmap_request.$neg$library/axi_dmac/axi_dmac_regmap_request.v:372$6015 ($neg).
Converting cell axi_dmac.$flatten\i_regmap.\i_regmap_request.$neg$library/axi_dmac/axi_dmac_regmap_request.v:377$6026 ($neg) from signed to unsigned.
Removed top 1 bits (of 3) from port A of cell axi_dmac.$flatten\i_regmap.\i_regmap_request.$neg$library/axi_dmac/axi_dmac_regmap_request.v:377$6026 ($neg).
Removed top 7 bits (of 9) from port B of cell axi_dmac.$flatten\i_regmap.$procmux$8154_CMP0 ($eq).
Removed top 3 bits (of 9) from port B of cell axi_dmac.$flatten\i_regmap.$procmux$8145_CMP0 ($eq).
Removed top 8 bits (of 9) from port B of cell axi_dmac.$flatten\i_regmap.$procmux$8133_CMP0 ($eq).
Removed top 7 bits (of 9) from port B of cell axi_dmac.$flatten\i_regmap.$procmux$8132_CMP0 ($eq).
Removed top 7 bits (of 9) from port B of cell axi_dmac.$flatten\i_regmap.$procmux$8131_CMP0 ($eq).
Removed top 6 bits (of 9) from port B of cell axi_dmac.$flatten\i_regmap.$procmux$8130_CMP0 ($eq).
Removed top 6 bits (of 9) from port B of cell axi_dmac.$flatten\i_regmap.$procmux$8129_CMP0 ($eq).
Removed top 3 bits (of 9) from port B of cell axi_dmac.$flatten\i_regmap.$procmux$8128_CMP0 ($eq).
Removed top 3 bits (of 9) from port B of cell axi_dmac.$flatten\i_regmap.$procmux$8127_CMP0 ($eq).
Removed top 3 bits (of 9) from port B of cell axi_dmac.$flatten\i_regmap.$procmux$8126_CMP0 ($eq).
Removed top 3 bits (of 9) from port B of cell axi_dmac.$flatten\i_regmap.$eq$library/axi_dmac/axi_dmac_regmap.v:186$4794 ($eq).
Removed top 31 bits (of 32) from port B of cell axi_dmac.$flatten\i_transfer.\i_request_arb.$add$library/axi_dmac/inc_id.vh:65$5071 ($add).
Removed top 28 bits (of 32) from port Y of cell axi_dmac.$flatten\i_transfer.\i_request_arb.$add$library/axi_dmac/inc_id.vh:65$5071 ($add).
Removed top 31 bits (of 32) from port B of cell axi_dmac.$flatten\i_transfer.\i_request_arb.\i_store_and_forward.$add$library/axi_dmac/inc_id.vh:65$5724 ($add).
Removed top 28 bits (of 32) from port Y of cell axi_dmac.$flatten\i_transfer.\i_request_arb.\i_store_and_forward.$add$library/axi_dmac/inc_id.vh:65$5724 ($add).
Removed top 31 bits (of 32) from port B of cell axi_dmac.$flatten\i_transfer.\i_request_arb.\i_store_and_forward.$add$library/axi_dmac/inc_id.vh:65$5640 ($add).
Removed top 28 bits (of 32) from port Y of cell axi_dmac.$flatten\i_transfer.\i_request_arb.\i_store_and_forward.$add$library/axi_dmac/inc_id.vh:65$5640 ($add).
Removed top 1 bits (of 3) from port B of cell axi_dmac.$flatten\i_transfer.\i_request_arb.\i_req_gen.$procmux$6658_CMP0 ($eq).
Removed top 1 bits (of 3) from mux cell axi_dmac.$flatten\i_transfer.\i_request_arb.\i_req_gen.$procmux$6648 ($mux).
Removed top 31 bits (of 32) from port B of cell axi_dmac.$flatten\i_transfer.\i_request_arb.\i_req_gen.$add$library/axi_dmac/inc_id.vh:65$5559 ($add).
Removed top 28 bits (of 32) from port Y of cell axi_dmac.$flatten\i_transfer.\i_request_arb.\i_req_gen.$add$library/axi_dmac/inc_id.vh:65$5559 ($add).
Removed top 1 bits (of 3) from port B of cell axi_dmac.$flatten\i_transfer.\i_request_arb.\i_req_gen.$eq$library/axi_dmac/request_generator.v:142$5510 ($eq).
Removed top 1 bits (of 3) from port B of cell axi_dmac.$flatten\i_transfer.\i_request_arb.\i_req_gen.$eq$library/axi_dmac/request_generator.v:115$5496 ($eq).
Removed top 2 bits (of 3) from port B of cell axi_dmac.$flatten\i_transfer.\i_request_arb.\i_req_gen.$eq$library/axi_dmac/request_generator.v:110$5491 ($eq).
Removed top 1 bits (of 3) from mux cell axi_dmac.$flatten\i_transfer.\i_request_arb.\i_response_manager.$procmux$6886 ($mux).
Removed top 31 bits (of 32) from port B of cell axi_dmac.$flatten\i_transfer.\i_request_arb.\i_response_manager.$sub$library/axi_dmac/axi_dmac_response_manager.v:282$5471 ($sub).
Removed top 30 bits (of 32) from port Y of cell axi_dmac.$flatten\i_transfer.\i_request_arb.\i_response_manager.$sub$library/axi_dmac/axi_dmac_response_manager.v:282$5471 ($sub).
Removed top 31 bits (of 32) from port B of cell axi_dmac.$flatten\i_transfer.\i_request_arb.\i_response_manager.$add$library/axi_dmac/axi_dmac_response_manager.v:280$5468 ($add).
Removed top 30 bits (of 32) from port Y of cell axi_dmac.$flatten\i_transfer.\i_request_arb.\i_response_manager.$add$library/axi_dmac/axi_dmac_response_manager.v:280$5468 ($add).
Removed top 31 bits (of 32) from port B of cell axi_dmac.$flatten\i_transfer.\i_request_arb.\i_response_manager.$add$library/axi_dmac/axi_dmac_response_manager.v:271$5463 ($add).
Removed top 30 bits (of 32) from port Y of cell axi_dmac.$flatten\i_transfer.\i_request_arb.\i_response_manager.$add$library/axi_dmac/axi_dmac_response_manager.v:271$5463 ($add).
Removed top 2 bits (of 3) from port B of cell axi_dmac.$flatten\i_transfer.\i_request_arb.\i_response_manager.$eq$library/axi_dmac/axi_dmac_response_manager.v:182$5431 ($eq).
Removed top 1 bits (of 3) from port B of cell axi_dmac.$flatten\i_transfer.\i_request_arb.\i_response_manager.$eq$library/axi_dmac/axi_dmac_response_manager.v:180$5430 ($eq).
Removed top 1 bits (of 3) from port B of cell axi_dmac.$flatten\i_transfer.\i_request_arb.\i_response_manager.$eq$library/axi_dmac/axi_dmac_response_manager.v:170$5425 ($eq).
Removed top 1 bits (of 3) from port B of cell axi_dmac.$flatten\i_transfer.\i_request_arb.\i_response_manager.$eq$library/axi_dmac/axi_dmac_response_manager.v:162$5419 ($eq).
Removed top 31 bits (of 32) from port B of cell axi_dmac.$flatten\i_transfer.\i_request_arb.\genblk1.i_dest_dma_mm.\i_response_handler.$add$library/axi_dmac/inc_id.vh:65$6277 ($add).
Removed top 28 bits (of 32) from port Y of cell axi_dmac.$flatten\i_transfer.\i_request_arb.\genblk1.i_dest_dma_mm.\i_response_handler.$add$library/axi_dmac/inc_id.vh:65$6277 ($add).
Removed top 31 bits (of 32) from port B of cell axi_dmac.$flatten\i_transfer.\i_request_arb.\genblk1.i_dest_dma_mm.\i_addr_gen.$add$library/axi_dmac/inc_id.vh:65$6365 ($add).
Removed top 28 bits (of 32) from port Y of cell axi_dmac.$flatten\i_transfer.\i_request_arb.\genblk1.i_dest_dma_mm.\i_addr_gen.$add$library/axi_dmac/inc_id.vh:65$6365 ($add).
Removed cell axi_dmac.$flatten\i_transfer.\i_request_arb.\genblk1.i_dest_dma_mm.\i_addr_gen.$procmux$7487 ($mux).
Removed top 31 bits (of 32) from port B of cell axi_dmac.$flatten\i_transfer.\i_request_arb.\genblk6.i_src_dma_fifo.\i_data_mover.$add$library/axi_dmac/inc_id.vh:65$6210 ($add).
Removed top 28 bits (of 32) from port Y of cell axi_dmac.$flatten\i_transfer.\i_request_arb.\genblk6.i_src_dma_fifo.\i_data_mover.$add$library/axi_dmac/inc_id.vh:65$6210 ($add).
Removed top 1 bits (of 3) from port B of cell axi_dmac.$flatten\i_transfer.\i_reset_manager.$procmux$7510_CMP0 ($eq).
Removed top 1 bits (of 3) from port B of cell axi_dmac.$flatten\i_transfer.\i_reset_manager.$procmux$7516_CMP0 ($eq).
Removed top 2 bits (of 3) from port B of cell axi_dmac.$flatten\i_transfer.\i_reset_manager.$procmux$7519_CMP0 ($eq).
Removed top 30 bits (of 32) from wire axi_dmac.$flatten\i_transfer.\i_request_arb.\i_response_manager.$add$library/axi_dmac/axi_dmac_response_manager.v:271$5463_Y.
Removed top 30 bits (of 32) from wire axi_dmac.$flatten\i_transfer.\i_request_arb.\i_response_manager.$add$library/axi_dmac/axi_dmac_response_manager.v:280$5468_Y.
Removed top 30 bits (of 32) from wire axi_dmac.$flatten\i_transfer.\i_request_arb.\i_response_manager.$sub$library/axi_dmac/axi_dmac_response_manager.v:282$5471_Y.
Removed top 1 bits (of 3) from wire axi_dmac.$flatten\i_transfer.\i_request_arb.\i_response_manager.$6\nx_state[2:0].
Removed top 1 bits (of 3) from wire axi_dmac.$flatten\i_transfer.\i_request_arb.\i_req_gen.$11\nx_state[2:0].
Removed top 28 bits (of 32) from wire axi_dmac.$flatten\i_transfer.\i_request_arb.\genblk6.i_src_dma_fifo.\i_data_mover.$add$library/axi_dmac/inc_id.vh:65$6210_Y.
Removed top 28 bits (of 32) from wire axi_dmac.$flatten\i_transfer.\i_request_arb.$add$library/axi_dmac/inc_id.vh:65$5071_Y.
Removed top 28 bits (of 32) from wire axi_dmac.$flatten\i_transfer.\i_request_arb.\i_store_and_forward.$add$library/axi_dmac/inc_id.vh:65$5640_Y.
Removed top 28 bits (of 32) from wire axi_dmac.$flatten\i_transfer.\i_request_arb.\genblk1.i_dest_dma_mm.\i_response_handler.$add$library/axi_dmac/inc_id.vh:65$6277_Y.
Removed top 28 bits (of 32) from wire axi_dmac.$flatten\i_transfer.\i_request_arb.\genblk1.i_dest_dma_mm.\i_addr_gen.$add$library/axi_dmac/inc_id.vh:65$6365_Y.
Removed top 4 bits (of 32) from wire axi_dmac.dbg_ids1.
Removed top 4 bits (of 32) from wire axi_dmac.dbg_ids0.

91.16. Executing PEEPOPT pass (run peephole optimizers).

91.17. Executing OPT_CLEAN pass (remove unused cells and wires).
Finding unused cells or wires in module \axi_dmac..
Removed 0 unused cells and 15 unused wires.
<suppressed ~1 debug messages>

91.18. Executing PMUX2SHIFTX pass.
Inspecting $pmux cell axi_dmac/$flatten\i_transfer.\i_request_arb.\i_req_gen.$procmux$6787.
  data width: 3 (next power-of-2 = 4, log2 = 2)
  checking ctrl signal \i_transfer.i_request_arb.i_req_gen.state
    best permutation: \i_transfer.i_request_arb.i_req_gen.state
    best xor mask: 3'000
      0: 3'100 -> 3'100 -> 3'100: { 1'0 $auto$wreduce.cc:514:run$8822 [1:0] }
      1: 3'011 -> 3'011 -> 3'011: $flatten\i_transfer.\i_request_arb.\i_req_gen.$10\nx_state[2:0]
      2: 3'010 -> 3'010 -> 3'010: $flatten\i_transfer.\i_request_arb.\i_req_gen.$6\nx_state[2:0]
      3: 3'001 -> 3'001 -> 3'001: $flatten\i_transfer.\i_request_arb.\i_req_gen.$4\nx_state[2:0]
      4: 3'000 -> 3'000 -> 3'000: $flatten\i_transfer.\i_request_arb.\i_req_gen.$2\nx_state[2:0]
    choices: 5
    min choice: 0
    max choice: 4
    range density: 100%
    absolute density: 100%
    full density: 62%
    update to full case.
    new min choice: 0
    new max choice: 7
    full case: true
    created $shiftx cell $auto$pmux2shiftx.cc:714:execute$8831.
Inspecting $pmux cell axi_dmac/$flatten\i_transfer.\i_request_arb.\i_response_manager.$procmux$6940.
  data width: 3 (next power-of-2 = 4, log2 = 2)
  checking ctrl signal \i_transfer.i_request_arb.i_response_manager.state
    best permutation: \i_transfer.i_request_arb.i_response_manager.state
    best xor mask: 3'000
      0: 3'100 -> 3'100 -> 3'100: $flatten\i_transfer.\i_request_arb.\i_response_manager.$9\nx_state[2:0]
      1: 3'011 -> 3'011 -> 3'011: $flatten\i_transfer.\i_request_arb.\i_response_manager.$7\nx_state[2:0]
      2: 3'010 -> 3'010 -> 3'010: $flatten\i_transfer.\i_request_arb.\i_response_manager.$5\nx_state[2:0]
      3: 3'001 -> 3'001 -> 3'001: 3'010
      4: 3'000 -> 3'000 -> 3'000: $flatten\i_transfer.\i_request_arb.\i_response_manager.$2\nx_state[2:0]
    choices: 5
    min choice: 0
    max choice: 4
    range density: 100%
    absolute density: 100%
    full density: 62%
    update to full case.
    new min choice: 0
    new max choice: 7
    full case: true
    created $shiftx cell $auto$pmux2shiftx.cc:714:execute$8833.
Inspecting $pmux cell axi_dmac/$flatten\i_regmap.$procmux$8117.
  data width: 32 (next power-of-2 = 32, log2 = 5)
  checking ctrl signal \i_regmap.i_up_axi.up_raddr_int
    best permutation: { \i_regmap.i_up_axi.up_raddr_int [7:6] \i_regmap.i_up_axi.up_raddr_int [8] \i_regmap.i_up_axi.up_raddr_int [5:0] }
    best xor mask: 9'000000000
      0: 9'000000000 -> 9'000000000 -> 9'000000000: 263525
      1: 9'000000010 -> 9'000000010 -> 9'000000010: \i_regmap.up_scratch
      2: 9'000000011 -> 9'000000011 -> 9'000000011: 1145913667
      3: 9'000000100 -> 9'000000100 -> 9'000000100: 939991811
      4: 9'000100000 -> 9'000100000 -> 9'000100000: { 30'000000000000000000000000000000 \i_regmap.up_irq_mask }
      5: 9'000100001 -> 9'000100001 -> 9'000100001: { 30'000000000000000000000000000000 \i_regmap.up_irq_pending }
      6: 9'000100010 -> 9'000100010 -> 9'000100010: { 30'000000000000000000000000000000 \i_regmap.up_irq_source }
      7: 9'100000000 -> 9'001000000 -> 9'001000000: { 30'000000000000000000000000000000 \i_regmap.ctrl_pause \i_regmap.ctrl_enable }
      8: 9'100001101 -> 9'001001101 -> 9'001001101: { \i_transfer.i_request_arb.genblk1.i_dest_dma_mm.i_addr_gen.address [28:0] 3'000 }
      9: 9'100001111 -> 9'001001111 -> 9'001001111: { 20'00000000000000000000 \i_transfer.i_reset_manager.needs_reset \i_transfer.i_request_arb.i_ext_sync.req_resetn \i_transfer.i_request_arb.genblk1.i_src_dest_bl_fifo.s_axis_aresetn \i_transfer.dest_resetn 1'0 \i_transfer.i_reset_manager.do_enable \i_transfer.i_reset_manager.i_sync_status_src.genblk1.cdc_sync_stage2 \i_transfer.i_reset_manager.i_sync_status_dest.genblk1.cdc_sync_stage2 1'0 \i_transfer.i_reset_manager.state }
     10: 9'100010000 -> 9'001010000 -> 9'001010000: { 4'0000 \i_transfer.i_request_arb.genblk1.i_dest_dma_mm.i_response_handler.id 4'0000 \i_transfer.i_request_arb.i_store_and_forward.dest_id 4'0000 \i_transfer.i_request_arb.genblk1.i_dest_dma_mm.i_addr_gen.id 4'0000 \i_transfer.i_request_arb.i_store_and_forward.i_dest_sync_id.genblk1.cdc_sync_stage2 }
     11: 9'100010001 -> 9'001010001 -> 9'001010001: { 4'0000 \i_transfer.i_request_arb.genblk6.i_src_dma_fifo.i_data_mover.id 20'00000000000000000000 \i_transfer.i_request_arb.i_sync_src_request_id.genblk1.cdc_sync_stage2 }
     12: 9'100100110 -> 9'001100110 -> 9'001100110: \i_transfer.i_request_arb.genblk1.i_dest_dma_mm.i_addr_gen.address [60:29]
    choices: 13
    min choice: 0
    max choice: 102
    range density: 12%
    absolute density: 12%
    full case: false
    insufficient density.
Inspecting $pmux cell axi_dmac/$flatten\i_regmap.\i_regmap_request.$procmux$7211.
  data width: 1 (next power-of-2 = 1, log2 = 0)
  checking ctrl signal \i_regmap.i_up_axi.up_raddr_int
    best permutation: \i_regmap.i_up_axi.up_raddr_int
    best xor mask: 9'100000000
      0: 9'100000001 -> 9'100000001 -> 9'000000001: \i_regmap.i_regmap_request.up_transfer_id [0]
      1: 9'100000010 -> 9'100000010 -> 9'000000010: \i_regmap.i_regmap_request.up_dma_req_valid
      2: 9'100000011 -> 9'100000011 -> 9'000000011: \i_regmap.i_regmap_request.up_dma_cyclic
      3: 9'100000110 -> 9'100000110 -> 9'000000110: 1'1
      4: 9'100001010 -> 9'100001010 -> 9'000001010: \i_regmap.i_regmap_request.up_transfer_done_bitmap [0]
      5: 9'100001011 -> 9'100001011 -> 9'000001011: \i_regmap.i_regmap_request.up_transfer_id_eot [0]
      6: 9'100010010 -> 9'100010010 -> 9'000010010: \i_regmap.i_regmap_request.up_measured_transfer_length [0]
      7: 9'100010011 -> 9'100010011 -> 9'000010011: \i_regmap.i_regmap_request.i_transfer_lenghts_fifo.fifo.sync_clocks.genblk1.data [0]
      8: 9'100010100 -> 9'100010100 -> 9'000010100: \i_regmap.i_regmap_request.i_transfer_lenghts_fifo.fifo.sync_clocks.genblk1.data [24]
      9: 9'100100100 -> 9'100100100 -> 9'000100100: \i_regmap.i_regmap_request.up_dma_dest_address [29]
    choices: 10
    min choice: 1
    max choice: 36
    range density: 27%
    absolute density: 27%
    full density: 1%
    full case: false
    insufficient density.
Inspecting $pmux cell axi_dmac/$flatten\i_regmap.\i_regmap_request.$procmux$7199.
  data width: 6 (next power-of-2 = 8, log2 = 3)
  checking ctrl signal \i_regmap.i_up_axi.up_raddr_int
    best permutation: \i_regmap.i_up_axi.up_raddr_int
    best xor mask: 9'100000000
      0: 9'100000011 -> 9'100000011 -> 9'000000011: { 5'00000 \i_regmap.i_regmap_request.up_dma_enable_tlen_reporting }
      1: 9'100000100 -> 9'100000100 -> 9'000000100: { \i_regmap.i_regmap_request.up_dma_dest_address [4:0] 1'0 }
      2: 9'100000110 -> 9'100000110 -> 9'000000110: { \i_regmap.i_regmap_request.up_dma_x_length [7:3] 1'1 }
      3: 9'100001010 -> 9'100001010 -> 9'000001010: { 4'0000 \i_regmap.i_regmap_request.up_transfer_done_bitmap [3:2] }
      4: 9'100010010 -> 9'100010010 -> 9'000010010: \i_regmap.i_regmap_request.up_measured_transfer_length [7:2]
      5: 9'100010011 -> 9'100010011 -> 9'000010011: \i_regmap.i_regmap_request.i_transfer_lenghts_fifo.fifo.sync_clocks.genblk1.data [7:2]
      6: 9'100100100 -> 9'100100100 -> 9'000100100: \i_regmap.i_regmap_request.up_dma_dest_address [36:31]
    choices: 7
    min choice: 3
    max choice: 36
    range density: 20%
    absolute density: 18%
    full density: 1%
    full case: false
    insufficient density.
Inspecting $pmux cell axi_dmac/$flatten\i_regmap.\i_regmap_request.$procmux$7189.
  data width: 3 (next power-of-2 = 4, log2 = 2)
  checking ctrl signal \i_regmap.i_up_axi.up_raddr_int
    best permutation: { \i_regmap.i_up_axi.up_raddr_int [8:6] \i_regmap.i_up_axi.up_raddr_int [3] \i_regmap.i_up_axi.up_raddr_int [5:4] \i_regmap.i_up_axi.up_raddr_int [2:0] }
    best xor mask: 9'100000000
      0: 9'100000100 -> 9'100000100 -> 9'000000100: \i_regmap.i_regmap_request.up_dma_dest_address [7:5]
      1: 9'100000110 -> 9'100000110 -> 9'000000110: \i_regmap.i_regmap_request.up_dma_x_length [10:8]
      2: 9'100010010 -> 9'100001010 -> 9'000001010: \i_regmap.i_regmap_request.up_measured_transfer_length [10:8]
      3: 9'100010011 -> 9'100001011 -> 9'000001011: \i_regmap.i_regmap_request.i_transfer_lenghts_fifo.fifo.sync_clocks.genblk1.data [10:8]
      4: 9'100100100 -> 9'100010100 -> 9'000010100: \i_regmap.i_regmap_request.up_dma_dest_address [39:37]
    choices: 5
    min choice: 4
    max choice: 20
    range density: 29%
    absolute density: 23%
    full density: 0%
    full case: false
    insufficient density.
Inspecting $pmux cell axi_dmac/$flatten\i_transfer.\i_reset_manager.$procmux$7503.
  data width: 3 (next power-of-2 = 4, log2 = 2)
  checking ctrl signal \i_transfer.i_reset_manager.state
    best permutation: \i_transfer.i_reset_manager.state
    best xor mask: 3'000
      0: 3'101 -> 3'101 -> 3'101: $flatten\i_transfer.\i_reset_manager.$procmux$7501_Y
      1: 3'100 -> 3'100 -> 3'100: $flatten\i_transfer.\i_reset_manager.$procmux$7505_Y
      2: 3'011 -> 3'011 -> 3'011: $flatten\i_transfer.\i_reset_manager.$procmux$7508_Y
      3: 3'010 -> 3'010 -> 3'010: $flatten\i_transfer.\i_reset_manager.$procmux$7514_Y
      4: 3'001 -> 3'001 -> 3'001: $flatten\i_transfer.\i_reset_manager.$procmux$7517_Y
      5: 3'000 -> 3'000 -> 3'000: 3'001
    choices: 6
    min choice: 0
    max choice: 5
    range density: 100%
    absolute density: 100%
    full density: 75%
    update to full case.
    new min choice: 0
    new max choice: 7
    full case: true
    created $shiftx cell $auto$pmux2shiftx.cc:714:execute$8835.
Inspecting $pmux cell axi_dmac/$flatten\i_regmap.\i_regmap_request.$procmux$7179.
  data width: 5 (next power-of-2 = 8, log2 = 3)
  checking ctrl signal \i_regmap.i_up_axi.up_raddr_int
    best permutation: { \i_regmap.i_up_axi.up_raddr_int [8:6] \i_regmap.i_up_axi.up_raddr_int [3] \i_regmap.i_up_axi.up_raddr_int [5:4] \i_regmap.i_up_axi.up_raddr_int [2:0] }
    best xor mask: 9'100000000
      0: 9'100000100 -> 9'100000100 -> 9'000000100: \i_regmap.i_regmap_request.up_dma_dest_address [12:8]
      1: 9'100000110 -> 9'100000110 -> 9'000000110: \i_regmap.i_regmap_request.up_dma_x_length [15:11]
      2: 9'100010010 -> 9'100001010 -> 9'000001010: \i_regmap.i_regmap_request.up_measured_transfer_length [15:11]
      3: 9'100010011 -> 9'100001011 -> 9'000001011: \i_regmap.i_regmap_request.i_transfer_lenghts_fifo.fifo.sync_clocks.genblk1.data [15:11]
      4: 9'100100100 -> 9'100010100 -> 9'000010100: \i_regmap.i_regmap_request.up_dma_dest_address [44:40]
    choices: 5
    min choice: 4
    max choice: 20
    range density: 29%
    absolute density: 23%
    full density: 0%
    full case: false
    insufficient density.
Inspecting $pmux cell axi_dmac/$flatten\i_regmap.\i_regmap_request.$procmux$7169.
  data width: 3 (next power-of-2 = 4, log2 = 2)
  checking ctrl signal \i_regmap.i_up_axi.up_raddr_int
    best permutation: { \i_regmap.i_up_axi.up_raddr_int [8:6] \i_regmap.i_up_axi.up_raddr_int [3] \i_regmap.i_up_axi.up_raddr_int [5:4] \i_regmap.i_up_axi.up_raddr_int [2:0] }
    best xor mask: 9'100000000
      0: 9'100000100 -> 9'100000100 -> 9'000000100: \i_regmap.i_regmap_request.up_dma_dest_address [15:13]
      1: 9'100000110 -> 9'100000110 -> 9'000000110: \i_regmap.i_regmap_request.up_dma_x_length [18:16]
      2: 9'100010010 -> 9'100001010 -> 9'000001010: \i_regmap.i_regmap_request.up_measured_transfer_length [18:16]
      3: 9'100010011 -> 9'100001011 -> 9'000001011: \i_regmap.i_regmap_request.i_transfer_lenghts_fifo.fifo.sync_clocks.genblk1.data [18:16]
      4: 9'100100100 -> 9'100010100 -> 9'000010100: \i_regmap.i_regmap_request.up_dma_dest_address [47:45]
    choices: 5
    min choice: 4
    max choice: 20
    range density: 29%
    absolute density: 23%
    full density: 0%
    full case: false
    insufficient density.
Inspecting $pmux cell axi_dmac/$flatten\i_regmap.\i_regmap_request.$procmux$7155.
  data width: 1 (next power-of-2 = 1, log2 = 0)
  checking ctrl signal \i_regmap.i_up_axi.up_raddr_int
    best permutation: \i_regmap.i_up_axi.up_raddr_int
    best xor mask: 9'100000000
      0: 9'100000001 -> 9'100000001 -> 9'000000001: \i_regmap.i_regmap_request.up_transfer_id [1]
      1: 9'100000011 -> 9'100000011 -> 9'000000011: \i_regmap.i_regmap_request.up_dma_last
      2: 9'100000110 -> 9'100000110 -> 9'000000110: 1'1
      3: 9'100001010 -> 9'100001010 -> 9'000001010: \i_regmap.i_regmap_request.up_transfer_done_bitmap [1]
      4: 9'100001011 -> 9'100001011 -> 9'000001011: \i_regmap.i_regmap_request.up_transfer_id_eot [1]
      5: 9'100010010 -> 9'100010010 -> 9'000010010: \i_regmap.i_regmap_request.up_measured_transfer_length [1]
      6: 9'100010011 -> 9'100010011 -> 9'000010011: \i_regmap.i_regmap_request.i_transfer_lenghts_fifo.fifo.sync_clocks.genblk1.data [1]
      7: 9'100010100 -> 9'100010100 -> 9'000010100: \i_regmap.i_regmap_request.i_transfer_lenghts_fifo.fifo.sync_clocks.genblk1.data [25]
      8: 9'100100100 -> 9'100100100 -> 9'000100100: \i_regmap.i_regmap_request.up_dma_dest_address [30]
    choices: 9
    min choice: 1
    max choice: 36
    range density: 25%
    absolute density: 24%
    full density: 1%
    full case: false
    insufficient density.
Inspecting $pmux cell axi_dmac/$flatten\i_regmap.\i_regmap_request.$procmux$7144.
  data width: 13 (next power-of-2 = 16, log2 = 4)
  checking ctrl signal \i_regmap.i_up_axi.up_raddr_int
    best permutation: \i_regmap.i_up_axi.up_raddr_int
    best xor mask: 9'100000000
      0: 9'100000100 -> 9'100000100 -> 9'000000100: \i_regmap.i_regmap_request.up_dma_dest_address [28:16]
      1: 9'100000110 -> 9'100000110 -> 9'000000110: { 8'00000000 \i_regmap.i_regmap_request.up_dma_x_length [23:19] }
      2: 9'100001010 -> 9'100001010 -> 9'000001010: { \i_regmap.i_regmap_request.up_partial_length_valid 12'000000000000 }
      3: 9'100010010 -> 9'100010010 -> 9'000010010: { 8'00000000 \i_regmap.i_regmap_request.up_measured_transfer_length [23:19] }
      4: 9'100010011 -> 9'100010011 -> 9'000010011: { 8'00000000 \i_regmap.i_regmap_request.i_transfer_lenghts_fifo.fifo.sync_clocks.genblk1.data [23:19] }
      5: 9'100100100 -> 9'100100100 -> 9'000100100: \i_regmap.i_regmap_request.up_dma_dest_address [60:48]
    choices: 6
    min choice: 4
    max choice: 36
    range density: 18%
    absolute density: 16%
    full density: 1%
    full case: false
    insufficient density.
Removed 2 unused cells and 2 unused wires.

91.19. Executing SORT pass.

91.20. Executing MEMORY_DFF pass (merging $dff cells to $memrd).
Checking read port `\i_regmap.i_regmap_request.i_transfer_lenghts_fifo.fifo.sync_clocks.ram'[0] in module `\axi_dmac': merging output FF to cell.
    Write port 0: non-transparent.
Checking read port `\i_transfer.i_request_arb.eot_mem_dest'[0] in module `\axi_dmac': merging output FF to cell.
Checking read port `\i_transfer.i_request_arb.eot_mem_dest'[1] in module `\axi_dmac': no output FF found.
Checking read port `\i_transfer.i_request_arb.eot_mem_src'[0] in module `\axi_dmac': no output FF found.
Checking read port `\i_transfer.i_request_arb.genblk1.i_dest_dma_mm.bl_mem'[0] in module `\axi_dmac': merging output FF to cell.
    Write port 0: non-transparent.
Checking read port `\i_transfer.i_request_arb.i_store_and_forward.burst_len_mem'[0] in module `\axi_dmac': merging output FF to cell.
Checking read port `\i_transfer.i_request_arb.i_store_and_forward.i_mem.m_ram'[0] in module `\axi_dmac': merging output FF to cell.
Checking read port address `\i_transfer.i_request_arb.eot_mem_dest'[1] in module `\axi_dmac': address FF clock is not compatible with write clock.
Checking read port address `\i_transfer.i_request_arb.eot_mem_src'[0] in module `\axi_dmac': address FF has fully-defined init value, not supported.

91.21. Executing TECHMAP pass (map to technology primitives).

91.21.1. Executing Verilog-2005 frontend: /opt/homebrew/bin/../share/yosys/mul2dsp.v
Parsing Verilog input from `/opt/homebrew/bin/../share/yosys/mul2dsp.v' to AST representation.
Generating RTLIL representation for module `\_80_mul'.
Generating RTLIL representation for module `\_90_soft_mul'.
Successfully finished Verilog frontend.

91.21.2. Executing Verilog-2005 frontend: /opt/homebrew/bin/../share/yosys/xilinx/xc7_dsp_map.v
Parsing Verilog input from `/opt/homebrew/bin/../share/yosys/xilinx/xc7_dsp_map.v' to AST representation.
Generating RTLIL representation for module `$__MUL25X18'.
Successfully finished Verilog frontend.

91.21.3. Continuing TECHMAP pass.
No more expansions possible.
<suppressed ~5 debug messages>

91.22. Executing OPT_EXPR pass (perform const folding).

91.23. Executing WREDUCE pass (reducing word size of cells).

91.24. Executing XILINX_DSP pass (pack resources into DSPs).

91.25. Executing TECHMAP pass (map to technology primitives).

91.25.1. Executing Verilog-2005 frontend: /opt/homebrew/bin/../share/yosys/cmp2lut.v
Parsing Verilog input from `/opt/homebrew/bin/../share/yosys/cmp2lut.v' to AST representation.
Generating RTLIL representation for module `\_90_lut_cmp_'.
Successfully finished Verilog frontend.

91.25.2. Executing Verilog-2005 frontend: /opt/homebrew/bin/../share/yosys/cmp2lcu.v
Parsing Verilog input from `/opt/homebrew/bin/../share/yosys/cmp2lcu.v' to AST representation.
Generating RTLIL representation for module `\_80_lcu_cmp_'.
Generating RTLIL representation for module `$__CMP2LCU'.
Successfully finished Verilog frontend.

91.25.3. Continuing TECHMAP pass.
No more expansions possible.
<suppressed ~7 debug messages>

91.26. Executing ALUMACC pass (create $alu and $macc cells).
Extracting $alu and $macc cells in module axi_dmac:
  creating $macc model for $flatten\i_regmap.\i_regmap_request.$add$library/axi_dmac/axi_dmac_regmap_request.v:371$6010 ($add).
  creating $macc model for $flatten\i_regmap.\i_regmap_request.$add$library/axi_dmac/axi_dmac_regmap_request.v:376$6021 ($add).
  creating $macc model for $flatten\i_regmap.\i_regmap_request.$add$library/axi_dmac/axi_dmac_regmap_request.v:403$6044 ($add).
  creating $macc model for $flatten\i_regmap.\i_regmap_request.$add$library/axi_dmac/axi_dmac_regmap_request.v:403$6045 ($add).
  creating $macc model for $flatten\i_regmap.\i_regmap_request.$neg$library/axi_dmac/axi_dmac_regmap_request.v:372$6015 ($neg).
  creating $macc model for $flatten\i_regmap.\i_regmap_request.$neg$library/axi_dmac/axi_dmac_regmap_request.v:377$6026 ($neg).
  creating $macc model for $flatten\i_regmap.\i_regmap_request.\i_transfer_lenghts_fifo.\fifo.i_address_gray.$add$library/util_axis_fifo/util_axis_fifo_address_generator.v:106$6089 ($add).
  creating $macc model for $flatten\i_regmap.\i_regmap_request.\i_transfer_lenghts_fifo.\fifo.i_address_gray.$add$library/util_axis_fifo/util_axis_fifo_address_generator.v:94$6083 ($add).
  creating $macc model for $flatten\i_regmap.\i_regmap_request.\i_transfer_lenghts_fifo.\fifo.i_address_gray.$sub$library/util_axis_fifo/util_axis_fifo_address_generator.v:166$6095 ($sub).
  creating $macc model for $flatten\i_regmap.\i_up_axi.$add$library/common/up_axi.v:167$4848 ($add).
  creating $macc model for $flatten\i_regmap.\i_up_axi.$add$library/common/up_axi.v:231$4871 ($add).
  creating $macc model for $flatten\i_transfer.\i_request_arb.$add$library/axi_dmac/inc_id.vh:65$5071 ($add).
  creating $macc model for $flatten\i_transfer.\i_request_arb.\genblk1.i_dest_dma_mm.\i_addr_gen.$add$library/axi_dmac/address_generator.v:136$6300 ($add).
  creating $macc model for $flatten\i_transfer.\i_request_arb.\genblk1.i_dest_dma_mm.\i_addr_gen.$add$library/axi_dmac/inc_id.vh:65$6365 ($add).
  creating $macc model for $flatten\i_transfer.\i_request_arb.\genblk1.i_dest_dma_mm.\i_response_handler.$add$library/axi_dmac/inc_id.vh:65$6277 ($add).
  creating $macc model for $flatten\i_transfer.\i_request_arb.\genblk1.i_src_dest_bl_fifo.$add$library/util_axis_fifo/util_axis_fifo.v:126$5397 ($add).
  creating $macc model for $flatten\i_transfer.\i_request_arb.\genblk1.i_src_dest_bl_fifo.$add$library/util_axis_fifo/util_axis_fifo.v:135$5401 ($add).
  creating $macc model for $flatten\i_transfer.\i_request_arb.\genblk6.i_src_dma_fifo.\i_data_mover.$add$library/axi_dmac/data_mover.v:213$6169 ($add).
  creating $macc model for $flatten\i_transfer.\i_request_arb.\genblk6.i_src_dma_fifo.\i_data_mover.$add$library/axi_dmac/inc_id.vh:65$6210 ($add).
  creating $macc model for $flatten\i_transfer.\i_request_arb.\i_dest_req_fifo.$add$library/util_axis_fifo/util_axis_fifo.v:126$5599 ($add).
  creating $macc model for $flatten\i_transfer.\i_request_arb.\i_dest_req_fifo.$add$library/util_axis_fifo/util_axis_fifo.v:135$5603 ($add).
  creating $macc model for $flatten\i_transfer.\i_request_arb.\i_req_gen.$add$library/axi_dmac/inc_id.vh:65$5559 ($add).
  creating $macc model for $flatten\i_transfer.\i_request_arb.\i_req_gen.$sub$library/axi_dmac/request_generator.v:118$5498 ($sub).
  creating $macc model for $flatten\i_transfer.\i_request_arb.\i_response_manager.$add$library/axi_dmac/axi_dmac_response_manager.v:271$5463 ($add).
  creating $macc model for $flatten\i_transfer.\i_request_arb.\i_response_manager.$add$library/axi_dmac/axi_dmac_response_manager.v:280$5468 ($add).
  creating $macc model for $flatten\i_transfer.\i_request_arb.\i_response_manager.$sub$library/axi_dmac/axi_dmac_response_manager.v:282$5471 ($sub).
  creating $macc model for $flatten\i_transfer.\i_request_arb.\i_response_manager.\i_dest_response_fifo.$add$library/util_axis_fifo/util_axis_fifo.v:126$5376 ($add).
  creating $macc model for $flatten\i_transfer.\i_request_arb.\i_response_manager.\i_dest_response_fifo.$add$library/util_axis_fifo/util_axis_fifo.v:135$5380 ($add).
  creating $macc model for $flatten\i_transfer.\i_request_arb.\i_src_req_fifo.$add$library/util_axis_fifo/util_axis_fifo.v:126$5581 ($add).
  creating $macc model for $flatten\i_transfer.\i_request_arb.\i_src_req_fifo.$add$library/util_axis_fifo/util_axis_fifo.v:135$5585 ($add).
  creating $macc model for $flatten\i_transfer.\i_request_arb.\i_store_and_forward.$add$library/axi_dmac/axi_dmac_burst_memory.v:230$5652 ($add).
  creating $macc model for $flatten\i_transfer.\i_request_arb.\i_store_and_forward.$add$library/axi_dmac/axi_dmac_burst_memory.v:339$5704 ($add).
  creating $macc model for $flatten\i_transfer.\i_request_arb.\i_store_and_forward.$add$library/axi_dmac/inc_id.vh:65$5640 ($add).
  creating $macc model for $flatten\i_transfer.\i_request_arb.\i_store_and_forward.$add$library/axi_dmac/inc_id.vh:65$5724 ($add).
  merging $macc model for $flatten\i_regmap.\i_regmap_request.$add$library/axi_dmac/axi_dmac_regmap_request.v:403$6044 into $flatten\i_regmap.\i_regmap_request.$add$library/axi_dmac/axi_dmac_regmap_request.v:403$6045.
  creating $alu model for $macc $flatten\i_transfer.\i_request_arb.\i_store_and_forward.$add$library/axi_dmac/inc_id.vh:65$5640.
  creating $alu model for $macc $flatten\i_transfer.\i_request_arb.\i_store_and_forward.$add$library/axi_dmac/axi_dmac_burst_memory.v:339$5704.
  creating $alu model for $macc $flatten\i_transfer.\i_request_arb.\i_store_and_forward.$add$library/axi_dmac/axi_dmac_burst_memory.v:230$5652.
  creating $alu model for $macc $flatten\i_transfer.\i_request_arb.\i_src_req_fifo.$add$library/util_axis_fifo/util_axis_fifo.v:135$5585.
  creating $alu model for $macc $flatten\i_transfer.\i_request_arb.\i_src_req_fifo.$add$library/util_axis_fifo/util_axis_fifo.v:126$5581.
  creating $alu model for $macc $flatten\i_transfer.\i_request_arb.\i_response_manager.\i_dest_response_fifo.$add$library/util_axis_fifo/util_axis_fifo.v:135$5380.
  creating $alu model for $macc $flatten\i_transfer.\i_request_arb.\i_response_manager.\i_dest_response_fifo.$add$library/util_axis_fifo/util_axis_fifo.v:126$5376.
  creating $alu model for $macc $flatten\i_transfer.\i_request_arb.\i_response_manager.$sub$library/axi_dmac/axi_dmac_response_manager.v:282$5471.
  creating $alu model for $macc $flatten\i_transfer.\i_request_arb.\i_response_manager.$add$library/axi_dmac/axi_dmac_response_manager.v:280$5468.
  creating $alu model for $macc $flatten\i_transfer.\i_request_arb.\i_response_manager.$add$library/axi_dmac/axi_dmac_response_manager.v:271$5463.
  creating $alu model for $macc $flatten\i_transfer.\i_request_arb.\i_req_gen.$sub$library/axi_dmac/request_generator.v:118$5498.
  creating $alu model for $macc $flatten\i_transfer.\i_request_arb.\i_req_gen.$add$library/axi_dmac/inc_id.vh:65$5559.
  creating $alu model for $macc $flatten\i_transfer.\i_request_arb.\i_dest_req_fifo.$add$library/util_axis_fifo/util_axis_fifo.v:135$5603.
  creating $alu model for $macc $flatten\i_transfer.\i_request_arb.\i_dest_req_fifo.$add$library/util_axis_fifo/util_axis_fifo.v:126$5599.
  creating $alu model for $macc $flatten\i_transfer.\i_request_arb.\genblk6.i_src_dma_fifo.\i_data_mover.$add$library/axi_dmac/inc_id.vh:65$6210.
  creating $alu model for $macc $flatten\i_transfer.\i_request_arb.\genblk6.i_src_dma_fifo.\i_data_mover.$add$library/axi_dmac/data_mover.v:213$6169.
  creating $alu model for $macc $flatten\i_transfer.\i_request_arb.\genblk1.i_src_dest_bl_fifo.$add$library/util_axis_fifo/util_axis_fifo.v:135$5401.
  creating $alu model for $macc $flatten\i_transfer.\i_request_arb.\genblk1.i_src_dest_bl_fifo.$add$library/util_axis_fifo/util_axis_fifo.v:126$5397.
  creating $alu model for $macc $flatten\i_transfer.\i_request_arb.\genblk1.i_dest_dma_mm.\i_response_handler.$add$library/axi_dmac/inc_id.vh:65$6277.
  creating $alu model for $macc $flatten\i_transfer.\i_request_arb.\genblk1.i_dest_dma_mm.\i_addr_gen.$add$library/axi_dmac/inc_id.vh:65$6365.
  creating $alu model for $macc $flatten\i_transfer.\i_request_arb.\genblk1.i_dest_dma_mm.\i_addr_gen.$add$library/axi_dmac/address_generator.v:136$6300.
  creating $alu model for $macc $flatten\i_transfer.\i_request_arb.$add$library/axi_dmac/inc_id.vh:65$5071.
  creating $alu model for $macc $flatten\i_regmap.\i_up_axi.$add$library/common/up_axi.v:231$4871.
  creating $alu model for $macc $flatten\i_regmap.\i_up_axi.$add$library/common/up_axi.v:167$4848.
  creating $alu model for $macc $flatten\i_regmap.\i_regmap_request.\i_transfer_lenghts_fifo.\fifo.i_address_gray.$sub$library/util_axis_fifo/util_axis_fifo_address_generator.v:166$6095.
  creating $alu model for $macc $flatten\i_regmap.\i_regmap_request.\i_transfer_lenghts_fifo.\fifo.i_address_gray.$add$library/util_axis_fifo/util_axis_fifo_address_generator.v:94$6083.
  creating $alu model for $macc $flatten\i_regmap.\i_regmap_request.\i_transfer_lenghts_fifo.\fifo.i_address_gray.$add$library/util_axis_fifo/util_axis_fifo_address_generator.v:106$6089.
  creating $alu model for $macc $flatten\i_regmap.\i_regmap_request.$neg$library/axi_dmac/axi_dmac_regmap_request.v:377$6026.
  creating $alu model for $macc $flatten\i_regmap.\i_regmap_request.$neg$library/axi_dmac/axi_dmac_regmap_request.v:372$6015.
  creating $alu model for $macc $flatten\i_regmap.\i_regmap_request.$add$library/axi_dmac/axi_dmac_regmap_request.v:403$6045.
  creating $alu model for $macc $flatten\i_transfer.\i_request_arb.\i_store_and_forward.$add$library/axi_dmac/inc_id.vh:65$5724.
  creating $alu model for $macc $flatten\i_regmap.\i_regmap_request.$add$library/axi_dmac/axi_dmac_regmap_request.v:376$6021.
  creating $alu model for $macc $flatten\i_regmap.\i_regmap_request.$add$library/axi_dmac/axi_dmac_regmap_request.v:371$6010.
  creating $alu cell for $flatten\i_regmap.\i_regmap_request.$add$library/axi_dmac/axi_dmac_regmap_request.v:371$6010: $auto$alumacc.cc:512:replace_alu$8951
  creating $alu cell for $flatten\i_regmap.\i_regmap_request.$add$library/axi_dmac/axi_dmac_regmap_request.v:376$6021: $auto$alumacc.cc:512:replace_alu$8954
  creating $alu cell for $flatten\i_transfer.\i_request_arb.\i_store_and_forward.$add$library/axi_dmac/inc_id.vh:65$5724: $auto$alumacc.cc:512:replace_alu$8957
  creating $alu cell for $flatten\i_regmap.\i_regmap_request.$add$library/axi_dmac/axi_dmac_regmap_request.v:403$6045: $auto$alumacc.cc:512:replace_alu$8960
  creating $alu cell for $flatten\i_regmap.\i_regmap_request.$neg$library/axi_dmac/axi_dmac_regmap_request.v:372$6015: $auto$alumacc.cc:512:replace_alu$8963
  creating $alu cell for $flatten\i_regmap.\i_regmap_request.$neg$library/axi_dmac/axi_dmac_regmap_request.v:377$6026: $auto$alumacc.cc:512:replace_alu$8966
  creating $alu cell for $flatten\i_regmap.\i_regmap_request.\i_transfer_lenghts_fifo.\fifo.i_address_gray.$add$library/util_axis_fifo/util_axis_fifo_address_generator.v:106$6089: $auto$alumacc.cc:512:replace_alu$8969
  creating $alu cell for $flatten\i_regmap.\i_regmap_request.\i_transfer_lenghts_fifo.\fifo.i_address_gray.$add$library/util_axis_fifo/util_axis_fifo_address_generator.v:94$6083: $auto$alumacc.cc:512:replace_alu$8972
  creating $alu cell for $flatten\i_regmap.\i_regmap_request.\i_transfer_lenghts_fifo.\fifo.i_address_gray.$sub$library/util_axis_fifo/util_axis_fifo_address_generator.v:166$6095: $auto$alumacc.cc:512:replace_alu$8975
  creating $alu cell for $flatten\i_regmap.\i_up_axi.$add$library/common/up_axi.v:167$4848: $auto$alumacc.cc:512:replace_alu$8978
  creating $alu cell for $flatten\i_regmap.\i_up_axi.$add$library/common/up_axi.v:231$4871: $auto$alumacc.cc:512:replace_alu$8981
  creating $alu cell for $flatten\i_transfer.\i_request_arb.$add$library/axi_dmac/inc_id.vh:65$5071: $auto$alumacc.cc:512:replace_alu$8984
  creating $alu cell for $flatten\i_transfer.\i_request_arb.\genblk1.i_dest_dma_mm.\i_addr_gen.$add$library/axi_dmac/address_generator.v:136$6300: $auto$alumacc.cc:512:replace_alu$8987
  creating $alu cell for $flatten\i_transfer.\i_request_arb.\genblk1.i_dest_dma_mm.\i_addr_gen.$add$library/axi_dmac/inc_id.vh:65$6365: $auto$alumacc.cc:512:replace_alu$8990
  creating $alu cell for $flatten\i_transfer.\i_request_arb.\genblk1.i_dest_dma_mm.\i_response_handler.$add$library/axi_dmac/inc_id.vh:65$6277: $auto$alumacc.cc:512:replace_alu$8993
  creating $alu cell for $flatten\i_transfer.\i_request_arb.\genblk1.i_src_dest_bl_fifo.$add$library/util_axis_fifo/util_axis_fifo.v:126$5397: $auto$alumacc.cc:512:replace_alu$8996
  creating $alu cell for $flatten\i_transfer.\i_request_arb.\genblk1.i_src_dest_bl_fifo.$add$library/util_axis_fifo/util_axis_fifo.v:135$5401: $auto$alumacc.cc:512:replace_alu$8999
  creating $alu cell for $flatten\i_transfer.\i_request_arb.\genblk6.i_src_dma_fifo.\i_data_mover.$add$library/axi_dmac/data_mover.v:213$6169: $auto$alumacc.cc:512:replace_alu$9002
  creating $alu cell for $flatten\i_transfer.\i_request_arb.\genblk6.i_src_dma_fifo.\i_data_mover.$add$library/axi_dmac/inc_id.vh:65$6210: $auto$alumacc.cc:512:replace_alu$9005
  creating $alu cell for $flatten\i_transfer.\i_request_arb.\i_dest_req_fifo.$add$library/util_axis_fifo/util_axis_fifo.v:126$5599: $auto$alumacc.cc:512:replace_alu$9008
  creating $alu cell for $flatten\i_transfer.\i_request_arb.\i_dest_req_fifo.$add$library/util_axis_fifo/util_axis_fifo.v:135$5603: $auto$alumacc.cc:512:replace_alu$9011
  creating $alu cell for $flatten\i_transfer.\i_request_arb.\i_req_gen.$add$library/axi_dmac/inc_id.vh:65$5559: $auto$alumacc.cc:512:replace_alu$9014
  creating $alu cell for $flatten\i_transfer.\i_request_arb.\i_req_gen.$sub$library/axi_dmac/request_generator.v:118$5498: $auto$alumacc.cc:512:replace_alu$9017
  creating $alu cell for $flatten\i_transfer.\i_request_arb.\i_response_manager.$add$library/axi_dmac/axi_dmac_response_manager.v:271$5463: $auto$alumacc.cc:512:replace_alu$9020
  creating $alu cell for $flatten\i_transfer.\i_request_arb.\i_response_manager.$add$library/axi_dmac/axi_dmac_response_manager.v:280$5468: $auto$alumacc.cc:512:replace_alu$9023
  creating $alu cell for $flatten\i_transfer.\i_request_arb.\i_response_manager.$sub$library/axi_dmac/axi_dmac_response_manager.v:282$5471: $auto$alumacc.cc:512:replace_alu$9026
  creating $alu cell for $flatten\i_transfer.\i_request_arb.\i_response_manager.\i_dest_response_fifo.$add$library/util_axis_fifo/util_axis_fifo.v:126$5376: $auto$alumacc.cc:512:replace_alu$9029
  creating $alu cell for $flatten\i_transfer.\i_request_arb.\i_response_manager.\i_dest_response_fifo.$add$library/util_axis_fifo/util_axis_fifo.v:135$5380: $auto$alumacc.cc:512:replace_alu$9032
  creating $alu cell for $flatten\i_transfer.\i_request_arb.\i_src_req_fifo.$add$library/util_axis_fifo/util_axis_fifo.v:126$5581: $auto$alumacc.cc:512:replace_alu$9035
  creating $alu cell for $flatten\i_transfer.\i_request_arb.\i_src_req_fifo.$add$library/util_axis_fifo/util_axis_fifo.v:135$5585: $auto$alumacc.cc:512:replace_alu$9038
  creating $alu cell for $flatten\i_transfer.\i_request_arb.\i_store_and_forward.$add$library/axi_dmac/axi_dmac_burst_memory.v:230$5652: $auto$alumacc.cc:512:replace_alu$9041
  creating $alu cell for $flatten\i_transfer.\i_request_arb.\i_store_and_forward.$add$library/axi_dmac/axi_dmac_burst_memory.v:339$5704: $auto$alumacc.cc:512:replace_alu$9044
  creating $alu cell for $flatten\i_transfer.\i_request_arb.\i_store_and_forward.$add$library/axi_dmac/inc_id.vh:65$5640: $auto$alumacc.cc:512:replace_alu$9047
  created 33 $alu and 0 $macc cells.

91.27. Executing SHARE pass (SAT-based resource sharing).

91.28. Executing OPT pass (performing simple optimizations).

91.28.1. Executing OPT_EXPR pass (perform const folding).
Optimizing module axi_dmac.

91.28.2. Executing OPT_MERGE pass (detect identical cells).
Finding identical cells in module `\axi_dmac'.
Computing hashes of 704 cells of `\axi_dmac'.
Finding duplicate cells in `\axi_dmac'.
Removed a total of 0 cells.

91.28.3. Executing OPT_MUXTREE pass (detect dead branches in mux trees).
Running muxtree optimizer on module \axi_dmac..
  Creating internal representation of mux trees.
  Evaluating internal representation of mux trees.
  Analyzing evaluation results.
    dead port 1/7 on $pmux $flatten\i_transfer.\i_request_arb.\i_req_gen.$procmux$6787.
    dead port 2/7 on $pmux $flatten\i_transfer.\i_request_arb.\i_req_gen.$procmux$6787.
    dead port 3/7 on $pmux $flatten\i_transfer.\i_request_arb.\i_req_gen.$procmux$6787.
    dead port 4/7 on $pmux $flatten\i_transfer.\i_request_arb.\i_req_gen.$procmux$6787.
    dead port 5/7 on $pmux $flatten\i_transfer.\i_request_arb.\i_req_gen.$procmux$6787.
    dead port 7/7 on $pmux $flatten\i_transfer.\i_request_arb.\i_req_gen.$procmux$6787.
    dead port 1/7 on $pmux $flatten\i_transfer.\i_request_arb.\i_response_manager.$procmux$6940.
    dead port 2/7 on $pmux $flatten\i_transfer.\i_request_arb.\i_response_manager.$procmux$6940.
    dead port 3/7 on $pmux $flatten\i_transfer.\i_request_arb.\i_response_manager.$procmux$6940.
    dead port 4/7 on $pmux $flatten\i_transfer.\i_request_arb.\i_response_manager.$procmux$6940.
    dead port 5/7 on $pmux $flatten\i_transfer.\i_request_arb.\i_response_manager.$procmux$6940.
    dead port 7/7 on $pmux $flatten\i_transfer.\i_request_arb.\i_response_manager.$procmux$6940.
    dead port 1/8 on $pmux $flatten\i_transfer.\i_reset_manager.$procmux$7503.
    dead port 2/8 on $pmux $flatten\i_transfer.\i_reset_manager.$procmux$7503.
    dead port 3/8 on $pmux $flatten\i_transfer.\i_reset_manager.$procmux$7503.
    dead port 4/8 on $pmux $flatten\i_transfer.\i_reset_manager.$procmux$7503.
    dead port 5/8 on $pmux $flatten\i_transfer.\i_reset_manager.$procmux$7503.
    dead port 6/8 on $pmux $flatten\i_transfer.\i_reset_manager.$procmux$7503.
    dead port 8/8 on $pmux $flatten\i_transfer.\i_reset_manager.$procmux$7503.
Removed 19 multiplexer ports.
<suppressed ~204 debug messages>

91.28.4. Executing OPT_REDUCE pass (consolidate $*mux and $reduce_* inputs).
  Optimizing cells in module \axi_dmac.
Performed a total of 0 changes.

91.28.5. Executing OPT_MERGE pass (detect identical cells).
Finding identical cells in module `\axi_dmac'.
Computing hashes of 701 cells of `\axi_dmac'.
Finding duplicate cells in `\axi_dmac'.
Removed a total of 0 cells.

91.28.6. Executing OPT_DFF pass (perform DFF optimizations).
Setting constant 0-bit at position 0 on $auto$ff.cc:337:slice$8601 ($dffe) from module axi_dmac.
Setting constant 0-bit at position 1 on $auto$ff.cc:337:slice$8601 ($dffe) from module axi_dmac.
Setting constant 0-bit at position 2 on $auto$ff.cc:337:slice$8601 ($dffe) from module axi_dmac.
Setting constant 0-bit at position 3 on $auto$ff.cc:337:slice$8601 ($dffe) from module axi_dmac.

91.28.7. Executing OPT_CLEAN pass (remove unused cells and wires).
Finding unused cells or wires in module \axi_dmac..
Removed 5 unused cells and 125 unused wires.
<suppressed ~20 debug messages>

91.28.8. Executing OPT_EXPR pass (perform const folding).
Optimizing module axi_dmac.

91.28.9. Rerunning OPT passes. (Maybe there is more to do..)

91.28.10. Executing OPT_MUXTREE pass (detect dead branches in mux trees).
Running muxtree optimizer on module \axi_dmac..
  Creating internal representation of mux trees.
  Evaluating internal representation of mux trees.
  Analyzing evaluation results.
Removed 0 multiplexer ports.
<suppressed ~198 debug messages>

91.28.11. Executing OPT_REDUCE pass (consolidate $*mux and $reduce_* inputs).
  Optimizing cells in module \axi_dmac.
Performed a total of 0 changes.

91.28.12. Executing OPT_MERGE pass (detect identical cells).
Finding identical cells in module `\axi_dmac'.
Computing hashes of 695 cells of `\axi_dmac'.
Finding duplicate cells in `\axi_dmac'.
Removed a total of 0 cells.

91.28.13. Executing OPT_DFF pass (perform DFF optimizations).

91.28.14. Executing OPT_CLEAN pass (remove unused cells and wires).
Finding unused cells or wires in module \axi_dmac..

91.28.15. Executing OPT_EXPR pass (perform const folding).
Optimizing module axi_dmac.

91.28.16. Finished fast OPT passes. (There is nothing left to do.)

91.29. Executing MEMORY pass.

91.29.1. Executing OPT_MEM pass (optimize memories).
Performed a total of 0 transformations.

91.29.2. Executing OPT_MEM_PRIORITY pass (removing unnecessary memory write priority relations).
Performed a total of 0 transformations.

91.29.3. Executing OPT_MEM_FEEDBACK pass (finding memory read-to-write feedback paths).
  Analyzing axi_dmac.i_transfer.i_request_arb.eot_mem_dest write port 0.
  Analyzing axi_dmac.i_transfer.i_request_arb.eot_mem_src write port 0.

91.29.4. Executing MEMORY_BMUX2ROM pass (converting muxes to ROMs).

91.29.5. Executing MEMORY_DFF pass (merging $dff cells to $memrd).
Checking read port `\i_transfer.i_request_arb.eot_mem_dest'[1] in module `\axi_dmac': no output FF found.
Checking read port `\i_transfer.i_request_arb.eot_mem_src'[0] in module `\axi_dmac': no output FF found.
Checking read port address `\i_transfer.i_request_arb.eot_mem_dest'[1] in module `\axi_dmac': address FF clock is not compatible with write clock.
Checking read port address `\i_transfer.i_request_arb.eot_mem_src'[0] in module `\axi_dmac': address FF has fully-defined init value, not supported.

91.29.6. Executing OPT_CLEAN pass (remove unused cells and wires).
Finding unused cells or wires in module \axi_dmac..

91.29.7. Executing MEMORY_SHARE pass (consolidating $memrd/$memwr cells).
Consolidating read ports of memory axi_dmac.i_transfer.i_request_arb.eot_mem_dest by address:

91.29.8. Executing OPT_MEM_WIDEN pass (optimize memories where all ports are wide).
Performed a total of 0 transformations.

91.29.9. Executing OPT_CLEAN pass (remove unused cells and wires).
Finding unused cells or wires in module \axi_dmac..

91.29.10. Executing MEMORY_COLLECT pass (generating $mem cells).

91.30. Executing OPT_CLEAN pass (remove unused cells and wires).
Finding unused cells or wires in module \axi_dmac..

91.31. Executing MEMORY_LIBMAP pass (mapping memories to cells).
mapping memory axi_dmac.i_regmap.i_regmap_request.i_transfer_lenghts_fifo.fifo.sync_clocks.ram via $__XILINX_LUTRAM_SDP_
Extracted data FF from read port 0 of axi_dmac.i_regmap.i_regmap_request.i_transfer_lenghts_fifo.fifo.sync_clocks.ram: $\i_regmap.i_regmap_request.i_transfer_lenghts_fifo.fifo.sync_clocks.ram$rdreg[0]
mapping memory axi_dmac.i_transfer.i_request_arb.eot_mem_dest via $__XILINX_LUTRAM_QP_
Extracted data FF from read port 0 of axi_dmac.i_transfer.i_request_arb.eot_mem_dest: $\i_transfer.i_request_arb.eot_mem_dest$rdreg[0]
mapping memory axi_dmac.i_transfer.i_request_arb.eot_mem_src via $__XILINX_LUTRAM_DP_
mapping memory axi_dmac.i_transfer.i_request_arb.genblk1.i_dest_dma_mm.bl_mem via $__XILINX_LUTRAM_SDP_
Extracted data FF from read port 0 of axi_dmac.i_transfer.i_request_arb.genblk1.i_dest_dma_mm.bl_mem: $\i_transfer.i_request_arb.genblk1.i_dest_dma_mm.bl_mem$rdreg[0]
mapping memory axi_dmac.i_transfer.i_request_arb.i_store_and_forward.burst_len_mem via $__XILINX_LUTRAM_SDP_
Extracted data FF from read port 0 of axi_dmac.i_transfer.i_request_arb.i_store_and_forward.burst_len_mem: $\i_transfer.i_request_arb.i_store_and_forward.burst_len_mem$rdreg[0]
found attribute 'ram_style = block' on memory axi_dmac.i_transfer.i_request_arb.i_store_and_forward.i_mem.m_ram, forced mapping to block RAM
mapping memory axi_dmac.i_transfer.i_request_arb.i_store_and_forward.i_mem.m_ram via $__XILINX_BLOCKRAM_SDP_
<suppressed ~5462 debug messages>

91.32. Executing TECHMAP pass (map to technology primitives).

91.32.1. Executing Verilog-2005 frontend: /opt/homebrew/bin/../share/yosys/xilinx/lutrams_xc5v_map.v
Parsing Verilog input from `/opt/homebrew/bin/../share/yosys/xilinx/lutrams_xc5v_map.v' to AST representation.
Generating RTLIL representation for module `$__XILINX_LUTRAM_SP_'.
Generating RTLIL representation for module `$__XILINX_LUTRAM_DP_'.
Generating RTLIL representation for module `$__XILINX_LUTRAM_QP_'.
Generating RTLIL representation for module `$__XILINX_LUTRAM_OP_'.
Generating RTLIL representation for module `$__XILINX_LUTRAM_SDP_'.
Generating RTLIL representation for module `$__XILINX_LUTRAM_64X8SW_'.
Generating RTLIL representation for module `$__XILINX_LUTRAM_32X16DR8_'.
Successfully finished Verilog frontend.

91.32.2. Continuing TECHMAP pass.
Using template $paramod$31933bc0586e304f9d4048cafdcf94ebf308e40b$__XILINX_LUTRAM_SDP_ for cells of type $__XILINX_LUTRAM_SDP_.
Using template $paramod$f1c4ecd5a109b801fea126ecaa2fb20903e26288$__XILINX_LUTRAM_SDP_ for cells of type $__XILINX_LUTRAM_SDP_.
Using template $paramod$b46e790e1a546c1d0fce1965900bc12ee9561e85$__XILINX_LUTRAM_SDP_ for cells of type $__XILINX_LUTRAM_SDP_.
Using template $paramod$28749e102ee83064e7a29c162c383da46e1806d9$__XILINX_LUTRAM_DP_ for cells of type $__XILINX_LUTRAM_DP_.
Using template $paramod$23ec25f5498bb3ca87b5bbb42eb72c6fbf0213d4$__XILINX_LUTRAM_QP_ for cells of type $__XILINX_LUTRAM_QP_.
No more expansions possible.
<suppressed ~104 debug messages>

91.33. Executing TECHMAP pass (map to technology primitives).

91.33.1. Executing Verilog-2005 frontend: /opt/homebrew/bin/../share/yosys/xilinx/brams_xc6v_map.v
Parsing Verilog input from `/opt/homebrew/bin/../share/yosys/xilinx/brams_xc6v_map.v' to AST representation.
Generating RTLIL representation for module `$__XILINX_BLOCKRAM_TDP_'.
Generating RTLIL representation for module `$__XILINX_BLOCKRAM_SDP_'.
Successfully finished Verilog frontend.

91.33.2. Continuing TECHMAP pass.
Using template $paramod$9bbaa817d5e83700104bbb732322e76e2ee53365$__XILINX_BLOCKRAM_SDP_ for cells of type $__XILINX_BLOCKRAM_SDP_.
No more expansions possible.
<suppressed ~34 debug messages>

91.34. Executing OPT pass (performing simple optimizations).

91.34.1. Executing OPT_EXPR pass (perform const folding).
Optimizing module axi_dmac.
<suppressed ~205 debug messages>

91.34.2. Executing OPT_MERGE pass (detect identical cells).
Finding identical cells in module `\axi_dmac'.
Computing hashes of 644 cells of `\axi_dmac'.
Finding duplicate cells in `\axi_dmac'.
Computing hashes of 643 cells of `\axi_dmac'.
Finding duplicate cells in `\axi_dmac'.
<suppressed ~3 debug messages>
Removed a total of 1 cells.

91.34.3. Executing OPT_DFF pass (perform DFF optimizations).
Adding EN signal on $auto$ff.cc:337:slice$8602 ($dffe) from module axi_dmac (D = $flatten\i_transfer.\i_request_arb.\genblk1.i_dest_dma_mm.\i_addr_gen.$0\address[60:0] [3:0], Q = \i_transfer.i_request_arb.genblk1.i_dest_dma_mm.i_addr_gen.address [3:0]).
Adding SRST signal on $auto$ff.cc:337:slice$8596 ($dffe) from module axi_dmac (D = \i_regmap.i_regmap_request.up_bl_partial, Q = \i_regmap.i_regmap_request.up_tlf_s_valid, rval = 1'0).

91.34.4. Executing OPT_CLEAN pass (remove unused cells and wires).
Finding unused cells or wires in module \axi_dmac..
Removed 1 unused cells and 142 unused wires.
<suppressed ~2 debug messages>

91.34.5. Rerunning OPT passes. (Removed registers in this run.)

91.34.6. Executing OPT_EXPR pass (perform const folding).
Optimizing module axi_dmac.
<suppressed ~8 debug messages>

91.34.7. Executing OPT_MERGE pass (detect identical cells).
Finding identical cells in module `\axi_dmac'.
Computing hashes of 644 cells of `\axi_dmac'.
Finding duplicate cells in `\axi_dmac'.
Computing hashes of 642 cells of `\axi_dmac'.
Finding duplicate cells in `\axi_dmac'.
<suppressed ~6 debug messages>
Removed a total of 2 cells.

91.34.8. Executing OPT_DFF pass (perform DFF optimizations).
Setting constant 1-bit at position 0 on $auto$ff.cc:337:slice$8817 ($dffe) from module axi_dmac.

91.34.9. Executing OPT_CLEAN pass (remove unused cells and wires).
Finding unused cells or wires in module \axi_dmac..
Removed 0 unused cells and 3 unused wires.
<suppressed ~1 debug messages>

91.34.10. Rerunning OPT passes. (Removed registers in this run.)

91.34.11. Executing OPT_EXPR pass (perform const folding).
Optimizing module axi_dmac.

91.34.12. Executing OPT_MERGE pass (detect identical cells).
Finding identical cells in module `\axi_dmac'.
Computing hashes of 642 cells of `\axi_dmac'.
Finding duplicate cells in `\axi_dmac'.
Removed a total of 0 cells.

91.34.13. Executing OPT_DFF pass (perform DFF optimizations).
Setting constant 0-bit at position 0 on $auto$ff.cc:337:slice$8684 ($dffe) from module axi_dmac.

91.34.14. Executing OPT_CLEAN pass (remove unused cells and wires).
Finding unused cells or wires in module \axi_dmac..

91.34.15. Rerunning OPT passes. (Removed registers in this run.)

91.34.16. Executing OPT_EXPR pass (perform const folding).
Optimizing module axi_dmac.

91.34.17. Executing OPT_MERGE pass (detect identical cells).
Finding identical cells in module `\axi_dmac'.
Computing hashes of 641 cells of `\axi_dmac'.
Finding duplicate cells in `\axi_dmac'.
Removed a total of 0 cells.

91.34.18. Executing OPT_DFF pass (perform DFF optimizations).
Setting constant 0-bit at position 0 on $auto$ff.cc:337:slice$8750 ($dffe) from module axi_dmac.

91.34.19. Executing OPT_CLEAN pass (remove unused cells and wires).
Finding unused cells or wires in module \axi_dmac..

91.34.20. Rerunning OPT passes. (Removed registers in this run.)

91.34.21. Executing OPT_EXPR pass (perform const folding).
Optimizing module axi_dmac.

91.34.22. Executing OPT_MERGE pass (detect identical cells).
Finding identical cells in module `\axi_dmac'.
Computing hashes of 641 cells of `\axi_dmac'.
Finding duplicate cells in `\axi_dmac'.
Removed a total of 0 cells.

91.34.23. Executing OPT_DFF pass (perform DFF optimizations).

91.34.24. Executing OPT_CLEAN pass (remove unused cells and wires).
Finding unused cells or wires in module \axi_dmac..

91.34.25. Finished fast OPT passes.

91.35. Executing MEMORY_MAP pass (converting memories to logic and flip-flops).

91.36. Executing OPT pass (performing simple optimizations).

91.36.1. Executing OPT_EXPR pass (perform const folding).
Optimizing module axi_dmac.

91.36.2. Executing OPT_MERGE pass (detect identical cells).
Finding identical cells in module `\axi_dmac'.
Computing hashes of 641 cells of `\axi_dmac'.
Finding duplicate cells in `\axi_dmac'.
Removed a total of 0 cells.

91.36.3. Executing OPT_MUXTREE pass (detect dead branches in mux trees).
Running muxtree optimizer on module \axi_dmac..
  Creating internal representation of mux trees.
  Evaluating internal representation of mux trees.
  Analyzing evaluation results.
Removed 0 multiplexer ports.
<suppressed ~82 debug messages>

91.36.4. Executing OPT_REDUCE pass (consolidate $*mux and $reduce_* inputs).
  Optimizing cells in module \axi_dmac.
    Consolidated identical input bits for $mux cell $flatten\i_regmap.\i_up_axi.$procmux$8003:
      Old ports: A=5'0xxxx, B=5'10000, Y=$flatten\i_regmap.\i_up_axi.$procmux$8003_Y
      New ports: A=2'0x, B=2'10, Y={ $flatten\i_regmap.\i_up_axi.$procmux$8003_Y [4] $flatten\i_regmap.\i_up_axi.$procmux$8003_Y [0] }
      New connections: $flatten\i_regmap.\i_up_axi.$procmux$8003_Y [3:1] = { $flatten\i_regmap.\i_up_axi.$procmux$8003_Y [0] $flatten\i_regmap.\i_up_axi.$procmux$8003_Y [0] $flatten\i_regmap.\i_up_axi.$procmux$8003_Y [0] }
    Consolidated identical input bits for $mux cell $flatten\i_regmap.\i_up_axi.$procmux$8061:
      Old ports: A=5'0xxxx, B=5'10000, Y=$flatten\i_regmap.\i_up_axi.$procmux$8061_Y
      New ports: A=2'0x, B=2'10, Y={ $flatten\i_regmap.\i_up_axi.$procmux$8061_Y [4] $flatten\i_regmap.\i_up_axi.$procmux$8061_Y [0] }
      New connections: $flatten\i_regmap.\i_up_axi.$procmux$8061_Y [3:1] = { $flatten\i_regmap.\i_up_axi.$procmux$8061_Y [0] $flatten\i_regmap.\i_up_axi.$procmux$8061_Y [0] $flatten\i_regmap.\i_up_axi.$procmux$8061_Y [0] }
    Consolidated identical input bits for $mux cell $flatten\i_transfer.\i_request_arb.\i_req_gen.$procmux$6648:
      Old ports: A=2'11, B=2'00, Y=$auto$wreduce.cc:514:run$8822 [1:0]
      New ports: A=1'1, B=1'0, Y=$auto$wreduce.cc:514:run$8822 [0]
      New connections: $auto$wreduce.cc:514:run$8822 [1] = $auto$wreduce.cc:514:run$8822 [0]
    Consolidated identical input bits for $mux cell $flatten\i_transfer.\i_request_arb.\i_req_gen.$procmux$6730:
      Old ports: A=3'0xx, B={ 1'0 $auto$wreduce.cc:514:run$8822 [1:0] }, Y=$flatten\i_transfer.\i_request_arb.\i_req_gen.$6\nx_state[2:0]
      New ports: A=2'x, B=$auto$wreduce.cc:514:run$8822 [1:0], Y=$flatten\i_transfer.\i_request_arb.\i_req_gen.$6\nx_state[2:0] [1:0]
      New connections: $flatten\i_transfer.\i_request_arb.\i_req_gen.$6\nx_state[2:0] [2] = 1'0
    New ctrl vector for $pmux cell $flatten\i_transfer.\i_request_arb.\i_req_gen.$procmux$6795: $flatten\i_transfer.\i_request_arb.\i_req_gen.$procmux$6658_CMP
    Consolidated identical input bits for $mux cell $flatten\i_transfer.\i_request_arb.\i_response_manager.$procmux$6886:
      Old ports: A=2'00, B=2'11, Y=$auto$wreduce.cc:514:run$8821 [1:0]
      New ports: A=1'0, B=1'1, Y=$auto$wreduce.cc:514:run$8821 [0]
      New connections: $auto$wreduce.cc:514:run$8821 [1] = $auto$wreduce.cc:514:run$8821 [0]
    Consolidated identical input bits for $mux cell $flatten\i_transfer.\i_reset_manager.$procmux$7514:
      Old ports: A=3'011, B=3'000, Y=$flatten\i_transfer.\i_reset_manager.$procmux$7514_Y
      New ports: A=1'1, B=1'0, Y=$flatten\i_transfer.\i_reset_manager.$procmux$7514_Y [0]
      New connections: $flatten\i_transfer.\i_reset_manager.$procmux$7514_Y [2:1] = { 1'0 $flatten\i_transfer.\i_reset_manager.$procmux$7514_Y [0] }
  Optimizing cells in module \axi_dmac.
    Consolidated identical input bits for $mux cell $flatten\i_transfer.\i_request_arb.\i_req_gen.$procmux$6730:
      Old ports: A=2'x, B=$auto$wreduce.cc:514:run$8822 [1:0], Y=$flatten\i_transfer.\i_request_arb.\i_req_gen.$6\nx_state[2:0] [1:0]
      New ports: A=1'x, B=$auto$wreduce.cc:514:run$8822 [0], Y=$flatten\i_transfer.\i_request_arb.\i_req_gen.$6\nx_state[2:0] [0]
      New connections: $flatten\i_transfer.\i_request_arb.\i_req_gen.$6\nx_state[2:0] [1] = $flatten\i_transfer.\i_request_arb.\i_req_gen.$6\nx_state[2:0] [0]
  Optimizing cells in module \axi_dmac.
Performed a total of 8 changes.

91.36.5. Executing OPT_MERGE pass (detect identical cells).
Finding identical cells in module `\axi_dmac'.
Computing hashes of 641 cells of `\axi_dmac'.
Finding duplicate cells in `\axi_dmac'.
Removed a total of 0 cells.

91.36.6. Executing OPT_SHARE pass.
    Found cells that share an operand and can be merged by moving the $mux $flatten\i_transfer.\i_request_arb.\i_response_manager.$procmux$6829 in front of them:
        $auto$alumacc.cc:512:replace_alu$9023
        $auto$alumacc.cc:512:replace_alu$9026

91.36.7. Executing OPT_DFF pass (perform DFF optimizations).
Adding SRST signal on $auto$ff.cc:337:slice$8793 ($sdff) from module axi_dmac (D = \i_transfer.i_request_arb.i_req_gen.req_valid, Q = \i_transfer.i_request_arb.i_req_gen.completion_req_valid, rval = 1'0).

91.36.8. Executing OPT_CLEAN pass (remove unused cells and wires).
Finding unused cells or wires in module \axi_dmac..
Removed 1 unused cells and 7 unused wires.
<suppressed ~3 debug messages>

91.36.9. Executing OPT_EXPR pass (perform const folding).
Optimizing module axi_dmac.
<suppressed ~6 debug messages>

91.36.10. Rerunning OPT passes. (Maybe there is more to do..)

91.36.11. Executing OPT_MUXTREE pass (detect dead branches in mux trees).
Running muxtree optimizer on module \axi_dmac..
  Creating internal representation of mux trees.
  Evaluating internal representation of mux trees.
  Analyzing evaluation results.
Removed 0 multiplexer ports.
<suppressed ~73 debug messages>

91.36.12. Executing OPT_REDUCE pass (consolidate $*mux and $reduce_* inputs).
  Optimizing cells in module \axi_dmac.
    Consolidated identical input bits for $mux cell $auto$opt_share.cc:244:merge_operators$9595:
      Old ports: A=2'11, B=2'01, Y=$auto$rtlil.cc:3399:Mux$9596
      New ports: A=1'1, B=1'0, Y=$auto$rtlil.cc:3399:Mux$9596 [1]
      New connections: $auto$rtlil.cc:3399:Mux$9596 [0] = 1'1
  Optimizing cells in module \axi_dmac.
Performed a total of 1 changes.

91.36.13. Executing OPT_MERGE pass (detect identical cells).
Finding identical cells in module `\axi_dmac'.
Computing hashes of 639 cells of `\axi_dmac'.
Finding duplicate cells in `\axi_dmac'.
Removed a total of 0 cells.

91.36.14. Executing OPT_SHARE pass.

91.36.15. Executing OPT_DFF pass (perform DFF optimizations).

91.36.16. Executing OPT_CLEAN pass (remove unused cells and wires).
Finding unused cells or wires in module \axi_dmac..
Removed 3 unused cells and 7 unused wires.
<suppressed ~6 debug messages>

91.36.17. Executing OPT_EXPR pass (perform const folding).
Optimizing module axi_dmac.
<suppressed ~1 debug messages>

91.36.18. Rerunning OPT passes. (Maybe there is more to do..)

91.36.19. Executing OPT_MUXTREE pass (detect dead branches in mux trees).
Running muxtree optimizer on module \axi_dmac..
  Creating internal representation of mux trees.
  Evaluating internal representation of mux trees.
  Analyzing evaluation results.
Removed 0 multiplexer ports.
<suppressed ~71 debug messages>

91.36.20. Executing OPT_REDUCE pass (consolidate $*mux and $reduce_* inputs).
  Optimizing cells in module \axi_dmac.
Performed a total of 0 changes.

91.36.21. Executing OPT_MERGE pass (detect identical cells).
Finding identical cells in module `\axi_dmac'.
Computing hashes of 636 cells of `\axi_dmac'.
Finding duplicate cells in `\axi_dmac'.
Removed a total of 0 cells.

91.36.22. Executing OPT_SHARE pass.

91.36.23. Executing OPT_DFF pass (perform DFF optimizations).

91.36.24. Executing OPT_CLEAN pass (remove unused cells and wires).
Finding unused cells or wires in module \axi_dmac..

91.36.25. Executing OPT_EXPR pass (perform const folding).
Optimizing module axi_dmac.

91.36.26. Finished fast OPT passes. (There is nothing left to do.)

91.37. Executing XILINX_SRL pass (Xilinx shift register extraction).

91.38. Executing TECHMAP pass (map to technology primitives).

91.38.1. Executing Verilog-2005 frontend: /opt/homebrew/bin/../share/yosys/techmap.v
Parsing Verilog input from `/opt/homebrew/bin/../share/yosys/techmap.v' to AST representation.
Generating RTLIL representation for module `\_90_simplemap_bool_ops'.
Generating RTLIL representation for module `\_90_simplemap_reduce_ops'.
Generating RTLIL representation for module `\_90_simplemap_logic_ops'.
Generating RTLIL representation for module `\_90_simplemap_compare_ops'.
Generating RTLIL representation for module `\_90_simplemap_various'.
Generating RTLIL representation for module `\_90_simplemap_registers'.
Generating RTLIL representation for module `\_90_shift_ops_shr_shl_sshl_sshr'.
Generating RTLIL representation for module `\_90_shift_shiftx'.
Generating RTLIL representation for module `\_90_fa'.
Generating RTLIL representation for module `\_90_lcu_brent_kung'.
Generating RTLIL representation for module `\_90_alu'.
Generating RTLIL representation for module `\_90_macc'.
Generating RTLIL representation for module `\_90_alumacc'.
Generating RTLIL representation for module `$__div_mod_u'.
Generating RTLIL representation for module `$__div_mod_trunc'.
Generating RTLIL representation for module `\_90_div'.
Generating RTLIL representation for module `\_90_mod'.
Generating RTLIL representation for module `$__div_mod_floor'.
Generating RTLIL representation for module `\_90_divfloor'.
Generating RTLIL representation for module `\_90_modfloor'.
Generating RTLIL representation for module `\_90_pow'.
Generating RTLIL representation for module `\_90_demux'.
Generating RTLIL representation for module `\_90_lut'.
Generating RTLIL representation for module `$connect'.
Generating RTLIL representation for module `$input_port'.
Successfully finished Verilog frontend.

91.38.2. Executing Verilog-2005 frontend: /opt/homebrew/bin/../share/yosys/xilinx/arith_map.v
Parsing Verilog input from `/opt/homebrew/bin/../share/yosys/xilinx/arith_map.v' to AST representation.
Generating RTLIL representation for module `\_80_xilinx_lcu'.
Generating RTLIL representation for module `\_80_xilinx_alu'.
Successfully finished Verilog frontend.

91.38.3. Continuing TECHMAP pass.
Using extmapper simplemap for cells of type $reduce_or.
Using extmapper simplemap for cells of type $not.
Using extmapper simplemap for cells of type $sdff.
Using extmapper simplemap for cells of type $dffe.
Using extmapper simplemap for cells of type $sdffce.
Using extmapper simplemap for cells of type $reduce_and.
Using template $paramod$674141544fade965cf052b5e9d5b65813fc4e151\_80_xilinx_alu for cells of type $alu.
Using template $paramod$fc972a7a46956c1788f3cb5257b53c8f1df2d0cc\_90_alu for cells of type $alu.
Using template $paramod$7e708ae28ab761f11d0fb59d3ffc72f6a4baf5d9\_90_alu for cells of type $alu.
Using template $paramod$175e67c02b86e96b1288b9dc100122520d7240d8\_90_alu for cells of type $alu.
Using template $paramod$208386013d584545f103105afae16a81f8865022\_80_xilinx_alu for cells of type $alu.
Using template $paramod$8996f797af35655848771479775f0e1381c9f4b6\_80_xilinx_alu for cells of type $alu.
Using template $paramod$dc0221a2a96b9a3332b558976e5bfbf541a5f8d8\_80_xilinx_alu for cells of type $alu.
Using template $paramod$6fd347745078726cb769a8b87a2d361e4cf2488c\_80_xilinx_alu for cells of type $alu.
Using template $paramod$db8e6ecc9d55e30ac39e4a71c23a85841d46f485\_80_xilinx_alu for cells of type $alu.
Using template $paramod$6aa83bf12d2f91355592669504b23e12e6d889f0\_80_xilinx_alu for cells of type $alu.
Using template $paramod$73f5397a5f27cf7247dd9fb0a011933b18413a66\_80_xilinx_alu for cells of type $alu.
Using template $paramod$constmap:aa59793a4d463e003a2a9e49b3b4c4dde6e63fbf$paramod$a023b8776d5ec50a0b58b271900269a4fc49c9c3\_90_shift_shiftx for cells of type $shiftx.
Using template $paramod$constmap:c585b12cf89a99a01802468be360a1bceaf28d39$paramod$7a189d0d77ebf62589ee491bddc7a9edc613a506\_90_shift_shiftx for cells of type $shiftx.
Analyzing pattern of constant bits for this cell:
  Constant input on bit 3 of port A: 1'x
  Constant input on bit 7 of port A: 1'x
  Bit 9 of port A and bit 8 of port A are connected.
  Constant input on bit 10 of port A: 1'0
  Constant input on bit 11 of port A: 1'x
  Constant input on bit 15 of port A: 1'x
  Bit 16 of port A and bit 8 of port A are connected.
  Bit 17 of port A and bit 8 of port A are connected.
  Constant input on bit 18 of port A: 1'0
  Constant input on bit 19 of port A: 1'x
  Constant input on bit 20 of port A: 1'0
  Constant input on bit 21 of port A: 1'0
  Constant input on bit 22 of port A: 1'0
  Constant input on bit 23 of port A: 1'x
  Constant input on bit 24 of port A: 1'0
  Constant input on bit 25 of port A: 1'0
  Constant input on bit 26 of port A: 1'0
  Constant input on bit 27 of port A: 1'x
  Constant input on bit 28 of port A: 1'0
  Constant input on bit 29 of port A: 1'0
  Constant input on bit 30 of port A: 1'0
  Constant input on bit 0 of port B: 1'0
  Constant input on bit 1 of port B: 1'0
Creating constmapped module `$paramod$constmap:1e4a0e2e0d107f0c18af26db1392d6ff15ba3b91$paramod$7a189d0d77ebf62589ee491bddc7a9edc613a506\_90_shift_shiftx'.

91.38.39. Executing OPT_MUXTREE pass (detect dead branches in mux trees).
Running muxtree optimizer on module $paramod$constmap:1e4a0e2e0d107f0c18af26db1392d6ff15ba3b91$paramod$7a189d0d77ebf62589ee491bddc7a9edc613a506\_90_shift_shiftx..
  Creating internal representation of mux trees.
  Evaluating internal representation of mux trees.
  Analyzing evaluation results.
    dead port 2/2 on $mux $procmux$9894.
    dead port 2/2 on $mux $procmux$9900.
    dead port 2/2 on $mux $procmux$9906.
    dead port 1/2 on $mux $procmux$9912.
    dead port 2/2 on $mux $procmux$9912.
    dead port 1/2 on $mux $procmux$9915.
    dead port 1/2 on $mux $procmux$9918.
    dead port 2/2 on $mux $procmux$9918.
    dead port 1/2 on $mux $procmux$9921.
Removed 9 multiplexer ports.
<suppressed ~886 debug messages>

91.38.40. Executing OPT_EXPR pass (perform const folding).
Optimizing module $paramod$constmap:1e4a0e2e0d107f0c18af26db1392d6ff15ba3b91$paramod$7a189d0d77ebf62589ee491bddc7a9edc613a506\_90_shift_shiftx.
<suppressed ~3 debug messages>
Removed 0 unused cells and 13 unused wires.
Using template $paramod$constmap:1e4a0e2e0d107f0c18af26db1392d6ff15ba3b91$paramod$7a189d0d77ebf62589ee491bddc7a9edc613a506\_90_shift_shiftx for cells of type $shiftx.
Using extmapper simplemap for cells of type $sdffe.
Using extmapper simplemap for cells of type $reduce_bool.
Using extmapper simplemap for cells of type $ne.
Using extmapper simplemap for cells of type $eq.
Using extmapper simplemap for cells of type $and.
Using extmapper simplemap for cells of type $or.
Using extmapper simplemap for cells of type $logic_and.
Using extmapper simplemap for cells of type $mux.
Using template $paramod$constmap:587bfd344aba6fff5ae2fc198a50240a44929441$paramod$64b19f47ed5f126636dbd98d727ec46a7ec08d71\_90_shift_shiftx for cells of type $shift.
Analyzing pattern of constant bits for this cell:
  Constant input on bit 0 of port A: 1'0
Creating constmapped module `$paramod$constmap:cf38e26b0fe3ffce0751f62c194754122449e312$paramod$64b19f47ed5f126636dbd98d727ec46a7ec08d71\_90_shift_shiftx'.

91.38.46. Executing OPT_MUXTREE pass (detect dead branches in mux trees).
Running muxtree optimizer on module $paramod$constmap:cf38e26b0fe3ffce0751f62c194754122449e312$paramod$64b19f47ed5f126636dbd98d727ec46a7ec08d71\_90_shift_shiftx..
  Creating internal representation of mux trees.
  Evaluating internal representation of mux trees.
  Analyzing evaluation results.
    dead port 2/2 on $mux $procmux$10998.
    dead port 2/2 on $mux $procmux$11004.
Removed 2 multiplexer ports.
<suppressed ~374 debug messages>

91.38.47. Executing OPT_EXPR pass (perform const folding).
Optimizing module $paramod$constmap:cf38e26b0fe3ffce0751f62c194754122449e312$paramod$64b19f47ed5f126636dbd98d727ec46a7ec08d71\_90_shift_shiftx.
<suppressed ~5 debug messages>
Removed 0 unused cells and 11 unused wires.
Using template $paramod$constmap:cf38e26b0fe3ffce0751f62c194754122449e312$paramod$64b19f47ed5f126636dbd98d727ec46a7ec08d71\_90_shift_shiftx for cells of type $shift.
Using extmapper simplemap for cells of type $pmux.
Using extmapper simplemap for cells of type $logic_not.
Using extmapper simplemap for cells of type $logic_or.
Using extmapper simplemap for cells of type $xor.
Using extmapper simplemap for cells of type $dff.
Using extmapper simplemap for cells of type $reduce_xor.
Using extmapper simplemap for cells of type $adff.
Using extmapper simplemap for cells of type $pos.
Using template $paramod\_90_fa\WIDTH=32'00000000000000000000000000000001 for cells of type $fa.
Using template $paramod\_90_lcu_brent_kung\WIDTH=32'00000000000000000000000000000001 for cells of type $lcu.
Using template $paramod\_90_fa\WIDTH=32'00000000000000000000000000000010 for cells of type $fa.
Using template $paramod\_90_lcu_brent_kung\WIDTH=32'00000000000000000000000000000010 for cells of type $lcu.
No more expansions possible.
<suppressed ~870 debug messages>

91.39. Executing OPT pass (performing simple optimizations).

91.39.1. Executing OPT_EXPR pass (perform const folding).
Optimizing module axi_dmac.
<suppressed ~1788 debug messages>

91.39.2. Executing OPT_MERGE pass (detect identical cells).
Finding identical cells in module `\axi_dmac'.
Computing hashes of 3329 cells of `\axi_dmac'.
Finding duplicate cells in `\axi_dmac'.
Computing hashes of 3054 cells of `\axi_dmac'.
Finding duplicate cells in `\axi_dmac'.
Computing hashes of 2960 cells of `\axi_dmac'.
Finding duplicate cells in `\axi_dmac'.
Computing hashes of 2918 cells of `\axi_dmac'.
Finding duplicate cells in `\axi_dmac'.
Computing hashes of 2913 cells of `\axi_dmac'.
Finding duplicate cells in `\axi_dmac'.
<suppressed ~1248 debug messages>
Removed a total of 416 cells.

91.39.3. Executing OPT_DFF pass (perform DFF optimizations).

91.39.4. Executing OPT_CLEAN pass (remove unused cells and wires).
Finding unused cells or wires in module \axi_dmac..
Removed 362 unused cells and 1854 unused wires.
<suppressed ~372 debug messages>

91.39.5. Finished fast OPT passes.

91.40. Executing IOPADMAP pass (mapping inputs/outputs to IO-PAD cells).
Mapping port axi_dmac.dest_diag_level_bursts using OBUF.
Mapping port axi_dmac.dest_ext_sync using IBUF.
Mapping port axi_dmac.fifo_rd_clk using IBUF.
Mapping port axi_dmac.fifo_rd_dout using OBUF.
Mapping port axi_dmac.fifo_rd_en using IBUF.
Mapping port axi_dmac.fifo_rd_underflow using OBUF.
Mapping port axi_dmac.fifo_rd_valid using OBUF.
Mapping port axi_dmac.fifo_rd_xfer_req using OBUF.
Mapping port axi_dmac.fifo_wr_clk using IBUF.
Mapping port axi_dmac.fifo_wr_din using IBUF.
Mapping port axi_dmac.fifo_wr_en using IBUF.
Mapping port axi_dmac.fifo_wr_overflow using OBUF.
Mapping port axi_dmac.fifo_wr_xfer_req using OBUF.
Mapping port axi_dmac.irq using OBUF.
Mapping port axi_dmac.m_axis_aclk using IBUF.
Mapping port axi_dmac.m_axis_data using OBUF.
Mapping port axi_dmac.m_axis_dest using OBUF.
Mapping port axi_dmac.m_axis_id using OBUF.
Mapping port axi_dmac.m_axis_keep using OBUF.
Mapping port axi_dmac.m_axis_last using OBUF.
Mapping port axi_dmac.m_axis_ready using IBUF.
Mapping port axi_dmac.m_axis_strb using OBUF.
Mapping port axi_dmac.m_axis_user using OBUF.
Mapping port axi_dmac.m_axis_valid using OBUF.
Mapping port axi_dmac.m_axis_xfer_req using OBUF.
Mapping port axi_dmac.m_dest_axi_aclk using IBUF.
Mapping port axi_dmac.m_dest_axi_araddr using OBUF.
Mapping port axi_dmac.m_dest_axi_arburst using OBUF.
Mapping port axi_dmac.m_dest_axi_arcache using OBUF.
Mapping port axi_dmac.m_dest_axi_aresetn using IBUF.
Mapping port axi_dmac.m_dest_axi_arid using OBUF.
Mapping port axi_dmac.m_dest_axi_arlen using OBUF.
Mapping port axi_dmac.m_dest_axi_arlock using OBUF.
Mapping port axi_dmac.m_dest_axi_arprot using OBUF.
Mapping port axi_dmac.m_dest_axi_arready using IBUF.
Mapping port axi_dmac.m_dest_axi_arsize using OBUF.
Mapping port axi_dmac.m_dest_axi_arvalid using OBUF.
Mapping port axi_dmac.m_dest_axi_awaddr using OBUF.
Mapping port axi_dmac.m_dest_axi_awburst using OBUF.
Mapping port axi_dmac.m_dest_axi_awcache using OBUF.
Mapping port axi_dmac.m_dest_axi_awid using OBUF.
Mapping port axi_dmac.m_dest_axi_awlen using OBUF.
Mapping port axi_dmac.m_dest_axi_awlock using OBUF.
Mapping port axi_dmac.m_dest_axi_awprot using OBUF.
Mapping port axi_dmac.m_dest_axi_awready using IBUF.
Mapping port axi_dmac.m_dest_axi_awsize using OBUF.
Mapping port axi_dmac.m_dest_axi_awvalid using OBUF.
Mapping port axi_dmac.m_dest_axi_bid using IBUF.
Mapping port axi_dmac.m_dest_axi_bready using OBUF.
Mapping port axi_dmac.m_dest_axi_bresp using IBUF.
Mapping port axi_dmac.m_dest_axi_bvalid using IBUF.
Mapping port axi_dmac.m_dest_axi_rdata using IBUF.
Mapping port axi_dmac.m_dest_axi_rid using IBUF.
Mapping port axi_dmac.m_dest_axi_rlast using IBUF.
Mapping port axi_dmac.m_dest_axi_rready using OBUF.
Mapping port axi_dmac.m_dest_axi_rresp using IBUF.
Mapping port axi_dmac.m_dest_axi_rvalid using IBUF.
Mapping port axi_dmac.m_dest_axi_wdata using OBUF.
Mapping port axi_dmac.m_dest_axi_wid using OBUF.
Mapping port axi_dmac.m_dest_axi_wlast using OBUF.
Mapping port axi_dmac.m_dest_axi_wready using IBUF.
Mapping port axi_dmac.m_dest_axi_wstrb using OBUF.
Mapping port axi_dmac.m_dest_axi_wvalid using OBUF.
Mapping port axi_dmac.m_frame_in using IBUF.
Mapping port axi_dmac.m_frame_in_valid using IBUF.
Mapping port axi_dmac.m_frame_out using OBUF.
Mapping port axi_dmac.m_frame_out_valid using OBUF.
Mapping port axi_dmac.m_sg_axi_aclk using IBUF.
Mapping port axi_dmac.m_sg_axi_araddr using OBUF.
Mapping port axi_dmac.m_sg_axi_arburst using OBUF.
Mapping port axi_dmac.m_sg_axi_arcache using OBUF.
Mapping port axi_dmac.m_sg_axi_aresetn using IBUF.
Mapping port axi_dmac.m_sg_axi_arid using OBUF.
Mapping port axi_dmac.m_sg_axi_arlen using OBUF.
Mapping port axi_dmac.m_sg_axi_arlock using OBUF.
Mapping port axi_dmac.m_sg_axi_arprot using OBUF.
Mapping port axi_dmac.m_sg_axi_arready using IBUF.
Mapping port axi_dmac.m_sg_axi_arsize using OBUF.
Mapping port axi_dmac.m_sg_axi_arvalid using OBUF.
Mapping port axi_dmac.m_sg_axi_awaddr using OBUF.
Mapping port axi_dmac.m_sg_axi_awburst using OBUF.
Mapping port axi_dmac.m_sg_axi_awcache using OBUF.
Mapping port axi_dmac.m_sg_axi_awid using OBUF.
Mapping port axi_dmac.m_sg_axi_awlen using OBUF.
Mapping port axi_dmac.m_sg_axi_awlock using OBUF.
Mapping port axi_dmac.m_sg_axi_awprot using OBUF.
Mapping port axi_dmac.m_sg_axi_awready using IBUF.
Mapping port axi_dmac.m_sg_axi_awsize using OBUF.
Mapping port axi_dmac.m_sg_axi_awvalid using OBUF.
Mapping port axi_dmac.m_sg_axi_bid using IBUF.
Mapping port axi_dmac.m_sg_axi_bready using OBUF.
Mapping port axi_dmac.m_sg_axi_bresp using IBUF.
Mapping port axi_dmac.m_sg_axi_bvalid using IBUF.
Mapping port axi_dmac.m_sg_axi_rdata using IBUF.
Mapping port axi_dmac.m_sg_axi_rid using IBUF.
Mapping port axi_dmac.m_sg_axi_rlast using IBUF.
Mapping port axi_dmac.m_sg_axi_rready using OBUF.
Mapping port axi_dmac.m_sg_axi_rresp using IBUF.
Mapping port axi_dmac.m_sg_axi_rvalid using IBUF.
Mapping port axi_dmac.m_sg_axi_wdata using OBUF.
Mapping port axi_dmac.m_sg_axi_wid using OBUF.
Mapping port axi_dmac.m_sg_axi_wlast using OBUF.
Mapping port axi_dmac.m_sg_axi_wready using IBUF.
Mapping port axi_dmac.m_sg_axi_wstrb using OBUF.
Mapping port axi_dmac.m_sg_axi_wvalid using OBUF.
Mapping port axi_dmac.m_src_axi_aclk using IBUF.
Mapping port axi_dmac.m_src_axi_araddr using OBUF.
Mapping port axi_dmac.m_src_axi_arburst using OBUF.
Mapping port axi_dmac.m_src_axi_arcache using OBUF.
Mapping port axi_dmac.m_src_axi_aresetn using IBUF.
Mapping port axi_dmac.m_src_axi_arid using OBUF.
Mapping port axi_dmac.m_src_axi_arlen using OBUF.
Mapping port axi_dmac.m_src_axi_arlock using OBUF.
Mapping port axi_dmac.m_src_axi_arprot using OBUF.
Mapping port axi_dmac.m_src_axi_arready using IBUF.
Mapping port axi_dmac.m_src_axi_arsize using OBUF.
Mapping port axi_dmac.m_src_axi_arvalid using OBUF.
Mapping port axi_dmac.m_src_axi_awaddr using OBUF.
Mapping port axi_dmac.m_src_axi_awburst using OBUF.
Mapping port axi_dmac.m_src_axi_awcache using OBUF.
Mapping port axi_dmac.m_src_axi_awid using OBUF.
Mapping port axi_dmac.m_src_axi_awlen using OBUF.
Mapping port axi_dmac.m_src_axi_awlock using OBUF.
Mapping port axi_dmac.m_src_axi_awprot using OBUF.
Mapping port axi_dmac.m_src_axi_awready using IBUF.
Mapping port axi_dmac.m_src_axi_awsize using OBUF.
Mapping port axi_dmac.m_src_axi_awvalid using OBUF.
Mapping port axi_dmac.m_src_axi_bid using IBUF.
Mapping port axi_dmac.m_src_axi_bready using OBUF.
Mapping port axi_dmac.m_src_axi_bresp using IBUF.
Mapping port axi_dmac.m_src_axi_bvalid using IBUF.
Mapping port axi_dmac.m_src_axi_rdata using IBUF.
Mapping port axi_dmac.m_src_axi_rid using IBUF.
Mapping port axi_dmac.m_src_axi_rlast using IBUF.
Mapping port axi_dmac.m_src_axi_rready using OBUF.
Mapping port axi_dmac.m_src_axi_rresp using IBUF.
Mapping port axi_dmac.m_src_axi_rvalid using IBUF.
Mapping port axi_dmac.m_src_axi_wdata using OBUF.
Mapping port axi_dmac.m_src_axi_wid using OBUF.
Mapping port axi_dmac.m_src_axi_wlast using OBUF.
Mapping port axi_dmac.m_src_axi_wready using IBUF.
Mapping port axi_dmac.m_src_axi_wstrb using OBUF.
Mapping port axi_dmac.m_src_axi_wvalid using OBUF.
Mapping port axi_dmac.s_axi_aclk using IBUF.
Mapping port axi_dmac.s_axi_araddr using IBUF.
Mapping port axi_dmac.s_axi_aresetn using IBUF.
Mapping port axi_dmac.s_axi_arprot using IBUF.
Mapping port axi_dmac.s_axi_arready using OBUF.
Mapping port axi_dmac.s_axi_arvalid using IBUF.
Mapping port axi_dmac.s_axi_awaddr using IBUF.
Mapping port axi_dmac.s_axi_awprot using IBUF.
Mapping port axi_dmac.s_axi_awready using OBUF.
Mapping port axi_dmac.s_axi_awvalid using IBUF.
Mapping port axi_dmac.s_axi_bready using IBUF.
Mapping port axi_dmac.s_axi_bresp using OBUF.
Mapping port axi_dmac.s_axi_bvalid using OBUF.
Mapping port axi_dmac.s_axi_rdata using OBUF.
Mapping port axi_dmac.s_axi_rready using IBUF.
Mapping port axi_dmac.s_axi_rresp using OBUF.
Mapping port axi_dmac.s_axi_rvalid using OBUF.
Mapping port axi_dmac.s_axi_wdata using IBUF.
Mapping port axi_dmac.s_axi_wready using OBUF.
Mapping port axi_dmac.s_axi_wstrb using IBUF.
Mapping port axi_dmac.s_axi_wvalid using IBUF.
Mapping port axi_dmac.s_axis_aclk using IBUF.
Mapping port axi_dmac.s_axis_data using IBUF.
Mapping port axi_dmac.s_axis_dest using IBUF.
Mapping port axi_dmac.s_axis_id using IBUF.
Mapping port axi_dmac.s_axis_keep using IBUF.
Mapping port axi_dmac.s_axis_last using IBUF.
Mapping port axi_dmac.s_axis_ready using OBUF.
Mapping port axi_dmac.s_axis_strb using IBUF.
Mapping port axi_dmac.s_axis_user using IBUF.
Mapping port axi_dmac.s_axis_valid using IBUF.
Mapping port axi_dmac.s_axis_xfer_req using OBUF.
Mapping port axi_dmac.s_frame_in using IBUF.
Mapping port axi_dmac.s_frame_in_valid using IBUF.
Mapping port axi_dmac.s_frame_out using OBUF.
Mapping port axi_dmac.s_frame_out_valid using OBUF.
Mapping port axi_dmac.src_ext_sync using IBUF.
Mapping port axi_dmac.sync using IBUF.

91.41. Executing TECHMAP pass (map to technology primitives).

91.41.1. Executing Verilog-2005 frontend: /opt/homebrew/bin/../share/yosys/techmap.v
Parsing Verilog input from `/opt/homebrew/bin/../share/yosys/techmap.v' to AST representation.
Generating RTLIL representation for module `\_90_simplemap_bool_ops'.
Generating RTLIL representation for module `\_90_simplemap_reduce_ops'.
Generating RTLIL representation for module `\_90_simplemap_logic_ops'.
Generating RTLIL representation for module `\_90_simplemap_compare_ops'.
Generating RTLIL representation for module `\_90_simplemap_various'.
Generating RTLIL representation for module `\_90_simplemap_registers'.
Generating RTLIL representation for module `\_90_shift_ops_shr_shl_sshl_sshr'.
Generating RTLIL representation for module `\_90_shift_shiftx'.
Generating RTLIL representation for module `\_90_fa'.
Generating RTLIL representation for module `\_90_lcu_brent_kung'.
Generating RTLIL representation for module `\_90_alu'.
Generating RTLIL representation for module `\_90_macc'.
Generating RTLIL representation for module `\_90_alumacc'.
Generating RTLIL representation for module `$__div_mod_u'.
Generating RTLIL representation for module `$__div_mod_trunc'.
Generating RTLIL representation for module `\_90_div'.
Generating RTLIL representation for module `\_90_mod'.
Generating RTLIL representation for module `$__div_mod_floor'.
Generating RTLIL representation for module `\_90_divfloor'.
Generating RTLIL representation for module `\_90_modfloor'.
Generating RTLIL representation for module `\_90_pow'.
Generating RTLIL representation for module `\_90_demux'.
Generating RTLIL representation for module `\_90_lut'.
Generating RTLIL representation for module `$connect'.
Generating RTLIL representation for module `$input_port'.
Successfully finished Verilog frontend.

91.41.2. Executing Verilog-2005 frontend: /opt/homebrew/bin/../share/yosys/xilinx/cells_map.v
Parsing Verilog input from `/opt/homebrew/bin/../share/yosys/xilinx/cells_map.v' to AST representation.
Generating RTLIL representation for module `$__SHREG_'.
Generating RTLIL representation for module `$__XILINX_SHREG_'.
Generating RTLIL representation for module `$__XILINX_MUXF78'.
Successfully finished Verilog frontend.

91.41.3. Continuing TECHMAP pass.
No more expansions possible.
<suppressed ~80 debug messages>
Removed 0 unused cells and 158 unused wires.

91.42. Executing DFFLEGALIZE pass (convert FFs to types supported by the target).

91.43. Executing OPT_EXPR pass (perform const folding).
Optimizing module axi_dmac.
<suppressed ~8 debug messages>

91.44. Executing ABC pass (technology mapping using ABC).

91.44.1. Extracting gate netlist of module `\axi_dmac' to `<abc-temp-dir>/input.blif'..

91.44.1.1. Executed ABC.
Extracted 1884 gates and 2588 wires to a netlist network with 702 inputs and 692 outputs.
Running ABC script: <abc-temp-dir>/abc.script
ABC: ======== ABC command line "source <abc-temp-dir>/abc.script"
ABC: + read_blif <abc-temp-dir>/input.blif 
ABC: + read_lut <abc-temp-dir>/lutdefs.txt 
ABC: + strash 
ABC: + &get -n 
ABC: + &fraig -x 
ABC: + &put 
ABC: + scorr 
ABC: Warning: The network is combinational (run "fraig" or "fraig_sweep").
ABC: + dc2 
ABC: + dretime 
ABC: + strash 
ABC: + dch -f 
ABC: + if 
ABC: + mfs2 
ABC: + write_blif <abc-temp-dir>/output.blif 

91.44.1.2. Re-integrating ABC results.
ABC RESULTS:              $lut cells:      944
ABC RESULTS:        internal signals:     1194
ABC RESULTS:           input signals:      702
ABC RESULTS:          output signals:      692
Removing temp directory.
Removing global temp directory.
Removed 0 unused cells and 2131 unused wires.

91.45. Executing TECHMAP pass (map to technology primitives).

91.45.1. Executing Verilog-2005 frontend: /opt/homebrew/bin/../share/yosys/xilinx/ff_map.v
Parsing Verilog input from `/opt/homebrew/bin/../share/yosys/xilinx/ff_map.v' to AST representation.
Generating RTLIL representation for module `$_DFFE_NP0P_'.
Generating RTLIL representation for module `$_DFFE_PP0P_'.
Generating RTLIL representation for module `$_DFFE_NP1P_'.
Generating RTLIL representation for module `$_DFFE_PP1P_'.
Generating RTLIL representation for module `$_DFFSRE_NPPP_'.
Generating RTLIL representation for module `$_DFFSRE_PPPP_'.
Generating RTLIL representation for module `$_SDFFE_NP0P_'.
Generating RTLIL representation for module `$_SDFFE_PP0P_'.
Generating RTLIL representation for module `$_SDFFE_NP1P_'.
Generating RTLIL representation for module `$_SDFFE_PP1P_'.
Generating RTLIL representation for module `$_DLATCH_NP0_'.
Generating RTLIL representation for module `$_DLATCH_PP0_'.
Generating RTLIL representation for module `$_DLATCH_NP1_'.
Generating RTLIL representation for module `$_DLATCH_PP1_'.
Generating RTLIL representation for module `$_DLATCH_NPP_'.
Generating RTLIL representation for module `$_DLATCH_PPP_'.
Successfully finished Verilog frontend.

91.45.2. Continuing TECHMAP pass.
Using template $paramod$_SDFFE_PP0P_\_TECHMAP_WIREINIT_Q_=1'0 for cells of type $_SDFFE_PP0P_.
Using template $paramod$_DFFE_PP1P_\_TECHMAP_WIREINIT_Q_=1'1 for cells of type $_DFFE_PP1P_.
Using template $paramod$_SDFFE_PP0P_\_TECHMAP_WIREINIT_Q_=1'1 for cells of type $_SDFFE_PP0P_.
Using template $paramod$_SDFFE_PP0P_\_TECHMAP_WIREINIT_Q_=1'x for cells of type $_SDFFE_PP0P_.
Using template $paramod$_SDFFE_PP1P_\_TECHMAP_WIREINIT_Q_=1'1 for cells of type $_SDFFE_PP1P_.
Using template $paramod$_SDFFE_PP1P_\_TECHMAP_WIREINIT_Q_=1'0 for cells of type $_SDFFE_PP1P_.
Using template $paramod$_SDFFE_PP1P_\_TECHMAP_WIREINIT_Q_=1'x for cells of type $_SDFFE_PP1P_.
No more expansions possible.
<suppressed ~969 debug messages>

91.46. Executing XILINX_SRL pass (Xilinx shift register extraction).

91.47. Executing TECHMAP pass (map to technology primitives).

91.47.1. Executing Verilog-2005 frontend: /opt/homebrew/bin/../share/yosys/xilinx/lut_map.v
Parsing Verilog input from `/opt/homebrew/bin/../share/yosys/xilinx/lut_map.v' to AST representation.
Generating RTLIL representation for module `$lut'.
Successfully finished Verilog frontend.

91.47.2. Executing Verilog-2005 frontend: /opt/homebrew/bin/../share/yosys/xilinx/cells_map.v
Parsing Verilog input from `/opt/homebrew/bin/../share/yosys/xilinx/cells_map.v' to AST representation.
Generating RTLIL representation for module `$__SHREG_'.
Generating RTLIL representation for module `$__XILINX_SHREG_'.
Generating RTLIL representation for module `$__XILINX_MUXF78'.
Successfully finished Verilog frontend.

91.47.3. Continuing TECHMAP pass.
Using template $paramod$lut\WIDTH=32'00000000000000000000000000000010\LUT=4'1000 for cells of type $lut.
Using template $paramod$lut\WIDTH=32'00000000000000000000000000000011\LUT=8'01000000 for cells of type $lut.
Using template $paramod$lut\WIDTH=32'00000000000000000000000000000010\LUT=4'1011 for cells of type $lut.
Using template $paramod$lut\WIDTH=32'00000000000000000000000000000011\LUT=8'10101100 for cells of type $lut.
Using template $paramod$lut\WIDTH=32'00000000000000000000000000000010\LUT=4'0100 for cells of type $lut.
Using template $paramod$eba7de026ff587370e320127e266317dae097a89$lut for cells of type $lut.
Using template $paramod$lut\WIDTH=32'00000000000000000000000000000011\LUT=8'10000000 for cells of type $lut.
Using template $paramod$6e238df02989b317f10820a22773676e71120644$lut for cells of type $lut.
Using template $paramod$cf652acbfbf67d2248e3045cd0f09c58ca55886c$lut for cells of type $lut.
Using template $paramod$272652f6c6fbe9a75eff76e45cc7e2788835518b$lut for cells of type $lut.
Using template $paramod$608f40069c27841a5b3bdf03643a34bdc8974072$lut for cells of type $lut.
Using template $paramod$7bb6a37e65823eeb4b38c370fec30ab082759a14$lut for cells of type $lut.
Using template $paramod$9f2f146893d269900bb68ba0244b254b88c2c459$lut for cells of type $lut.
Using template $paramod$lut\WIDTH=32'00000000000000000000000000000011\LUT=8'11001010 for cells of type $lut.
Using template $paramod$lut\WIDTH=32'00000000000000000000000000000010\LUT=4'0110 for cells of type $lut.
Using template $paramod$82465a09fa1fb625cf05c680e7f5642ba36c85a0$lut for cells of type $lut.
Using template $paramod$8ed92e7843cb22ca2c42f03247c267b9da05e8af$lut for cells of type $lut.
Using template $paramod$4c1d18a66e9f3f9c22f099cff9e09a5f9a54ad63$lut for cells of type $lut.
Using template $paramod$lut\WIDTH=32'00000000000000000000000000000011\LUT=8'00000001 for cells of type $lut.
Using template $paramod$478e33feeac3aa53ff57d491aada044b8aedceae$lut for cells of type $lut.
Using template $paramod$f45429e380905f064bb0bad3a8bdb941708e63a7$lut for cells of type $lut.
Using template $paramod$ee19d45db61acb4c70d938b97483a4ed4b792645$lut for cells of type $lut.
Using template $paramod$9ae0f136c9ed34a2deb323e9b2a3a520eea61514$lut for cells of type $lut.
Using template $paramod$8b09f347504cfc0d3d65fbb4601497936543b1b3$lut for cells of type $lut.
Using template $paramod$c4c148354f86d2131dbfed31e2e01cbbb5aefda7$lut for cells of type $lut.
Using template $paramod$81cb1ca194fe07a16e3f69ff423e5fddb06fbfc7$lut for cells of type $lut.
Using template $paramod$lut\WIDTH=32'00000000000000000000000000000011\LUT=8'00010000 for cells of type $lut.
Using template $paramod$50a465c5a062c7d7abb31f74a0368e0dc8549418$lut for cells of type $lut.
Using template $paramod$lut\WIDTH=32'00000000000000000000000000000011\LUT=8'11111110 for cells of type $lut.
Using template $paramod$4b23d751b3e1d7cde9cd1766bf20ceee12e38a3d$lut for cells of type $lut.
Using template $paramod$94d86303a5ab6c2be14b18d403d3db684b8d85d1$lut for cells of type $lut.
Using template $paramod$19932f10ed492a668000492ec9790390c6d2cc2b$lut for cells of type $lut.
Using template $paramod$4812a08f312ece7adc121b5d8105e91e0556e1b5$lut for cells of type $lut.
Using template $paramod$b75735a33e04f8df7440b7e109f76ae1721fa93c$lut for cells of type $lut.
Using template $paramod$658b9ed803f0d3d335616d3858b53e0a2522f1e8$lut for cells of type $lut.
Using template $paramod$c0a4d9417755c1bd5ec9a311325000b8535d91ad$lut for cells of type $lut.
Using template $paramod$1e15f3b42a995a5734928073e20a60421612bea1$lut for cells of type $lut.
Using template $paramod$lut\WIDTH=32'00000000000000000000000000000011\LUT=8'00000111 for cells of type $lut.
Using template $paramod$1d407770e9a874080cc308d1e6d82fb355111954$lut for cells of type $lut.
Using template $paramod$90418f71a1b3e98f36d147df874dd839b0e31579$lut for cells of type $lut.
Using template $paramod$82ac4228e04c92c7b8c133bfa256dd480e0cef1d$lut for cells of type $lut.
Using template $paramod$lut\WIDTH=32'00000000000000000000000000000011\LUT=8'01101111 for cells of type $lut.
Using template $paramod$9982a995908da8c9326bab3f4301aac45b3f8390$lut for cells of type $lut.
Using template $paramod$lut\WIDTH=32'00000000000000000000000000000010\LUT=4'0001 for cells of type $lut.
Using template $paramod$edb82a92dc3321d9bf2f2fccfe9e88bba258d607$lut for cells of type $lut.
Using template $paramod$c9355c14671e8569b2b55b2828d4fd95591ab987$lut for cells of type $lut.
Using template $paramod$lut\WIDTH=32'00000000000000000000000000000011\LUT=8'00101100 for cells of type $lut.
Using template $paramod$lut\WIDTH=32'00000000000000000000000000000010\LUT=4'1001 for cells of type $lut.
Using template $paramod$80c6d9236a2684199e24745161c51118708bce6e$lut for cells of type $lut.
Using template $paramod$921275af39e9a09a8816708f9cbb53c1b1cb30c2$lut for cells of type $lut.
Using template $paramod$ffd699644b904887d02b9141300876d14c25337d$lut for cells of type $lut.
Using template $paramod$lut\WIDTH=32'00000000000000000000000000000011\LUT=8'00011100 for cells of type $lut.
Using template $paramod$c3298b2fb8cf5db87ba2f9d86798e8604e047e0d$lut for cells of type $lut.
Using template $paramod$lut\WIDTH=32'00000000000000000000000000000010\LUT=4'0111 for cells of type $lut.
Using template $paramod$332a399730bfc61adea04021a76b1c4e4030f37d$lut for cells of type $lut.
Using template $paramod$494c6213d90cd090dcc0d6a75cdac7837e0e69b6$lut for cells of type $lut.
Using template $paramod$c7c130e9efaa980804b74817cae095a8418feb50$lut for cells of type $lut.
Using template $paramod$d36638f606a4ff3168493a078fd7f6019fd9635f$lut for cells of type $lut.
Using template $paramod$2bc4db8bd4fb8d056f72dd182e27de9a154d9eee$lut for cells of type $lut.
Using template $paramod$58b937deec67e43d93898498ba2d6d9b69fb7b6a$lut for cells of type $lut.
Using template $paramod$736dc6962f02d6991edfa35df4eb0d3daa77b273$lut for cells of type $lut.
Using template $paramod$c6932d0419018208e5384761d78f0ead9bcc772f$lut for cells of type $lut.
Using template $paramod$f1fa79be6816572361f5c70f0ef5162beaa2b748$lut for cells of type $lut.
Using template $paramod$251994398653c4cf8de320f1e306e535d5d2d624$lut for cells of type $lut.
Using template $paramod$lut\WIDTH=32'00000000000000000000000000000010\LUT=4'1110 for cells of type $lut.
Using template $paramod$dd5dacaf01877e6e389d5fead5c23810be76f179$lut for cells of type $lut.
Using template $paramod$f71f17475b2b747b45cc6fbcf0ac09a9bf876f20$lut for cells of type $lut.
Using template $paramod$2f31a62f5ae11d7e940bdc323e6c771c378139c0$lut for cells of type $lut.
Using template $paramod$11ec7271d8e6e5aeaace08c13e4c601f10e31038$lut for cells of type $lut.
Using template $paramod$571404c0889eaf57f492cb5e37f8acb5df5852f9$lut for cells of type $lut.
Using template $paramod$d9273194e4600b2c75b14df2fd46573a0e663d81$lut for cells of type $lut.
Using template $paramod$972c4302598861834b05670f7bf5305aa4582d58$lut for cells of type $lut.
Using template $paramod$5a3b96e4c323e2404c05dbdf3cc0a59e783dd598$lut for cells of type $lut.
Using template $paramod$2a30eaa975f9d8b1f47b3fa7c452cdd11adf152b$lut for cells of type $lut.
Using template $paramod$70584433677bebb1f97d6827c9ba85513c8c682b$lut for cells of type $lut.
Using template $paramod$a7dad16c080c08c1647c7e1b9706a59a123d8bcd$lut for cells of type $lut.
Using template $paramod$dda0bc315550d3097cebbb4dc6df8a36eaaf87bd$lut for cells of type $lut.
Using template $paramod$6be13734d5e9d95fe335959af5004e5c4e019ed4$lut for cells of type $lut.
Using template $paramod$lut\WIDTH=32'00000000000000000000000000000011\LUT=8'01111111 for cells of type $lut.
Using template $paramod$3bb0a97e27d44d04422f646f61bc036b1dd28994$lut for cells of type $lut.
Using template $paramod$52aa6391cca89d4ee2bd5d74cbc082f92ede1215$lut for cells of type $lut.
Using template $paramod$69c161a1f6cc2f2957dc1620798db7b2942f0e5e$lut for cells of type $lut.
Using template $paramod$d214334d1ab32f42abb6d63a481a972e45bb99f2$lut for cells of type $lut.
Using template $paramod$7cfc5fb5c3ce86041481cd3ea09fc8be89129c97$lut for cells of type $lut.
Using template $paramod$27b3d19c384fbad7f3fdc97b9d2ded91b64cffac$lut for cells of type $lut.
Using template $paramod$6069048ea7c45159713a0558424cdfb243a46dfe$lut for cells of type $lut.
Using template $paramod$415b9dd3a15783ae56c103f189fd8e182f997441$lut for cells of type $lut.
Using template $paramod$lut\WIDTH=32'00000000000000000000000000000011\LUT=8'11111000 for cells of type $lut.
Using template $paramod$bb4fff1cc3b827238aa40993cafede1c5beecbe3$lut for cells of type $lut.
Using template $paramod$c28567469ea66f93bb992c5b70c6e74beb4a0a83$lut for cells of type $lut.
Using template $paramod$lut\WIDTH=32'00000000000000000000000000000011\LUT=8'11110100 for cells of type $lut.
Using template $paramod$ad823946862e656cf7f96d606b18b8f972dc6d6c$lut for cells of type $lut.
Using template $paramod$85b779ce5ab505dbf25e5e046fb43ca2b76b878b$lut for cells of type $lut.
Using template $paramod$lut\WIDTH=32'00000000000000000000000000000011\LUT=8'11010000 for cells of type $lut.
Using template $paramod$df196ed0a1da5c4a58c5e08a1dac304fd3fccaab$lut for cells of type $lut.
Using template $paramod$559d8f61325f7b4ee17556605f88d95718b41383$lut for cells of type $lut.
Using template $paramod$5a621b016c894274d07edef48c49b401a15fd796$lut for cells of type $lut.
Using template $paramod$f8e1bdecd38a1f2a88371fc52b96bff86506a2c7$lut for cells of type $lut.
Using template $paramod$8adf7fbd410d2cc654c288d5be5f7508ee8809b0$lut for cells of type $lut.
Using template $paramod$33b9a464aa04140dae2585f41fb265628de89ac0$lut for cells of type $lut.
Using template $paramod$09e79e26e1168858c2c97812c25f9688163b4253$lut for cells of type $lut.
Using template $paramod$4b2c3a12076507c01d31e60b3fad10c726adbbcf$lut for cells of type $lut.
Using template $paramod$dbc0a9bdfd127ce1b4b5552eb6fe01ed20a38345$lut for cells of type $lut.
Using template $paramod$4e8c3360630781ccc9a6ba83c7f395440ca12486$lut for cells of type $lut.
Using template $paramod$d299603363e4cb0b5d3f838d74a4cc40cdd858e8$lut for cells of type $lut.
Using template $paramod$lut\WIDTH=32'00000000000000000000000000000011\LUT=8'01010011 for cells of type $lut.
Using template $paramod$45e876e895a7128319c7bf5305eaf516cf1853bf$lut for cells of type $lut.
Using template $paramod$12ef31446fd6f1fa9ed73d48ce76ac19cf9ea31d$lut for cells of type $lut.
Using template $paramod$f6fe3b464a7712258c538947ecd619e4ba631fa5$lut for cells of type $lut.
Using template $paramod$lut\WIDTH=32'00000000000000000000000000000011\LUT=8'00111010 for cells of type $lut.
Using template $paramod$6b013933c59c4e90307108665443f70ee1588019$lut for cells of type $lut.
Using template $paramod$f9b5dc40c39b7f86864faeb46c9364c556a133ac$lut for cells of type $lut.
Using template $paramod$c9994e2a733aa21e4bfe57075af37a9c5257c791$lut for cells of type $lut.
Using template $paramod$lut\WIDTH=32'00000000000000000000000000000011\LUT=8'01100000 for cells of type $lut.
Using template $paramod$b297295e19b03521716155b85537bbe86d6a9ae6$lut for cells of type $lut.
Using template $paramod$43c661319c94b3a52ddfa5a880539d205f6bbd5a$lut for cells of type $lut.
Using template $paramod$lut\WIDTH=32'00000000000000000000000000000011\LUT=8'01000001 for cells of type $lut.
Using template $paramod$b4b5740b5640612c1d89992d679c6c734bdba6f9$lut for cells of type $lut.
Using template $paramod$lut\WIDTH=32'00000000000000000000000000000011\LUT=8'01110000 for cells of type $lut.
Using template $paramod$lut\WIDTH=32'00000000000000000000000000000011\LUT=8'10010000 for cells of type $lut.
Using template $paramod$901da0fd4a1e2f9e22a6fd57db228b42f33313b9$lut for cells of type $lut.
Using template $paramod$973fac9c41e0f070630b3e20f4fec3cd927f37c3$lut for cells of type $lut.
Using template $paramod$lut\WIDTH=32'00000000000000000000000000000011\LUT=8'10111111 for cells of type $lut.
Using template $paramod$a1128304cb11e508a48199f7864ccbb82a7d5dc2$lut for cells of type $lut.
Using template $paramod$lut\WIDTH=32'00000000000000000000000000000011\LUT=8'00011000 for cells of type $lut.
Using template $paramod$lut\WIDTH=32'00000000000000000000000000000001\LUT=2'01 for cells of type $lut.
Using template $paramod$692927e279b3d5c42ee4aacb287247c0b34943ed$lut for cells of type $lut.
Using template $paramod$4277ae98170491e0df971ddbe459ab4c52f2e8b8$lut for cells of type $lut.
Using template $paramod$ae143a98d8ce1995db15220f9f0c184bd17931bb$lut for cells of type $lut.
Using template $paramod$50848314c99915089ec6ec821c294ba36b59ca7c$lut for cells of type $lut.
Using template $paramod$c315fd171a22ad0b563d890e3adda172ea240769$lut for cells of type $lut.
Using template $paramod$5952a78219b5b0972ce40036881e18757dec9e4d$lut for cells of type $lut.
Using template $paramod$a98798344124c039bd79e2d47126a59284fc7e37$lut for cells of type $lut.
Using template $paramod$8d53a4de7d183ca2af3719346c4436e2a5d86169$lut for cells of type $lut.
Using template $paramod$491b7f288c172d8f0d7fe103818d7c4ae2e8b60e$lut for cells of type $lut.
Using template $paramod$a1cc142f29af51e5e7810ad450ff170d0a1943e6$lut for cells of type $lut.
Using template $paramod$8bba84f8c8dab499ac601c202e18b451ab22d711$lut for cells of type $lut.
Using template $paramod$fac87b5c92b72d8c979d84f4cbc1fcf17ed092f0$lut for cells of type $lut.
No more expansions possible.
<suppressed ~2756 debug messages>

91.48. Executing XILINX_DFFOPT pass (optimize FF control signal usage).
Optimizing FFs in axi_dmac.
  Merging D + CE LUTs for $auto$ff.cc:337:slice$10698/i_transfer.i_request_arb.i_response_manager.to_complete_count (6 -> 6)
  Merging D + R LUTs for $auto$ff.cc:337:slice$10352/i_regmap.irq (3 -> 4)
  Merging D + S LUTs for $auto$ff.cc:337:slice$10485/i_regmap.i_regmap_request.response_ready (3 -> 4)
  Merging D + CE LUTs for $auto$ff.cc:337:slice$9749/i_transfer.i_request_arb.genblk1.i_dest_dma_mm.i_addr_gen.address (3 -> 5)
  Merging D + R + CE LUTs for $auto$ff.cc:337:slice$10750/i_regmap.i_up_axi.up_rcount (2 -> 6)
  Merging D + CE LUTs for $auto$ff.cc:337:slice$10697/i_transfer.i_request_arb.i_response_manager.to_complete_count (1 -> 5)
  Merging D + R LUTs for $auto$ff.cc:337:slice$10794/i_regmap.i_up_axi.up_wsel (3 -> 4)
  Merging D + R + CE LUTs for $auto$ff.cc:337:slice$10749/i_regmap.i_up_axi.up_rcount (2 -> 6)
  Merging D + CE LUTs for $auto$ff.cc:337:slice$9933/i_transfer.i_request_arb.i_response_manager.i_dest_response_fifo.zerodeep.genblk1.s_axis_waddr (1 -> 3)
  Merging D + CE LUTs for $auto$ff.cc:337:slice$10246/i_transfer.i_request_arb.genblk1.i_src_dest_bl_fifo.zerodeep.genblk1.m_axis_raddr (1 -> 3)
  Merging D + R + CE LUTs for $auto$ff.cc:337:slice$10845/i_regmap.i_up_axi.up_wcount (2 -> 6)
  Merging D + CE LUTs for $auto$ff.cc:337:slice$10693/i_transfer.i_request_arb.i_response_manager.completion_req_last_found (2 -> 5)
  Merging D + R + CE LUTs for $auto$ff.cc:337:slice$10847/i_regmap.i_up_axi.up_wcount (2 -> 6)
  Merging D + R + CE LUTs for $auto$ff.cc:337:slice$10846/i_regmap.i_up_axi.up_wcount (2 -> 6)
  Merging D + R LUTs for $auto$ff.cc:337:slice$10731/i_regmap.i_up_axi.up_rdata_d (2 -> 3)
  Merging D + R LUTs for $auto$ff.cc:337:slice$10730/i_regmap.i_up_axi.up_rdata_d (2 -> 3)
  Merging D + R LUTs for $auto$ff.cc:337:slice$10729/i_regmap.i_up_axi.up_rdata_d (2 -> 3)
  Merging D + R LUTs for $auto$ff.cc:337:slice$10728/i_regmap.i_up_axi.up_rdata_d (2 -> 3)
  Merging D + R LUTs for $auto$ff.cc:337:slice$10727/i_regmap.i_up_axi.up_rdata_d (2 -> 3)
  Merging D + R LUTs for $auto$ff.cc:337:slice$10726/i_regmap.i_up_axi.up_rdata_d (2 -> 3)
  Merging D + R LUTs for $auto$ff.cc:337:slice$10725/i_regmap.i_up_axi.up_rdata_d (2 -> 3)
  Merging D + R LUTs for $auto$ff.cc:337:slice$10724/i_regmap.i_up_axi.up_rdata_d (2 -> 3)
  Merging D + R LUTs for $auto$ff.cc:337:slice$10723/i_regmap.i_up_axi.up_rdata_d (2 -> 3)
  Merging D + R LUTs for $auto$ff.cc:337:slice$10722/i_regmap.i_up_axi.up_rdata_d (2 -> 3)
  Merging D + R LUTs for $auto$ff.cc:337:slice$10721/i_regmap.i_up_axi.up_rdata_d (2 -> 3)
  Merging D + R LUTs for $auto$ff.cc:337:slice$10720/i_regmap.i_up_axi.up_rdata_d (2 -> 3)
  Merging D + R LUTs for $auto$ff.cc:337:slice$10719/i_regmap.i_up_axi.up_rdata_d (2 -> 3)
  Merging D + R LUTs for $auto$ff.cc:337:slice$10718/i_regmap.i_up_axi.up_rdata_d (2 -> 3)
  Merging D + R LUTs for $auto$ff.cc:337:slice$10717/i_regmap.i_up_axi.up_rdata_d (2 -> 3)
  Merging D + R LUTs for $auto$ff.cc:337:slice$10716/i_regmap.i_up_axi.up_rdata_d (2 -> 3)
  Merging D + R LUTs for $auto$ff.cc:337:slice$10715/i_regmap.i_up_axi.up_rdata_d (2 -> 3)
  Merging D + R LUTs for $auto$ff.cc:337:slice$10714/i_regmap.i_up_axi.up_rdata_d (2 -> 3)
  Merging D + R LUTs for $auto$ff.cc:337:slice$10713/i_regmap.i_up_axi.up_rdata_d (2 -> 3)
  Merging D + R LUTs for $auto$ff.cc:337:slice$10712/i_regmap.i_up_axi.up_rdata_d (2 -> 3)
  Merging D + R LUTs for $auto$ff.cc:337:slice$10711/i_regmap.i_up_axi.up_rdata_d (2 -> 3)
  Merging D + R + CE LUTs for $auto$ff.cc:337:slice$10752/i_regmap.i_up_axi.up_rcount (2 -> 6)
  Merging D + R + CE LUTs for $auto$ff.cc:337:slice$10751/i_regmap.i_up_axi.up_rcount (2 -> 6)
  Merging D + CE LUTs for $auto$ff.cc:337:slice$10253/i_transfer.i_request_arb.genblk1.i_dest_dma_mm.i_response_handler.id (2 -> 5)
  Merging D + R + CE LUTs for $auto$ff.cc:337:slice$10491/i_regmap.i_regmap_request.up_measured_transfer_length (2 -> 5)
  Merging D + CE LUTs for $auto$ff.cc:337:slice$10230/i_transfer.i_request_arb.i_store_and_forward.dest_id_next (2 -> 5)
  Merging D + CE LUTs for $auto$ff.cc:337:slice$10229/i_transfer.i_request_arb.i_store_and_forward.dest_id_next (2 -> 5)
  Merging D + CE LUTs for $auto$ff.cc:337:slice$10228/i_transfer.i_request_arb.i_store_and_forward.dest_id_next (2 -> 5)
  Merging D + CE LUTs for $auto$ff.cc:337:slice$10216/i_transfer.i_request_arb.genblk1.i_dest_dma_mm.i_addr_gen.id (2 -> 5)
  Merging D + CE LUTs for $auto$ff.cc:337:slice$10215/i_transfer.i_request_arb.genblk1.i_dest_dma_mm.i_addr_gen.id (2 -> 5)
  Merging D + CE LUTs for $auto$ff.cc:337:slice$10254/i_transfer.i_request_arb.genblk1.i_dest_dma_mm.i_response_handler.id (2 -> 5)
  Merging D + CE LUTs for $auto$ff.cc:337:slice$9805/i_transfer.i_request_arb.genblk1.i_dest_dma_mm.i_addr_gen.address (3 -> 5)
  Merging D + CE LUTs for $auto$ff.cc:337:slice$9804/i_transfer.i_request_arb.genblk1.i_dest_dma_mm.i_addr_gen.address (3 -> 5)
  Merging D + CE LUTs for $auto$ff.cc:337:slice$9803/i_transfer.i_request_arb.genblk1.i_dest_dma_mm.i_addr_gen.address (3 -> 5)
  Merging D + CE LUTs for $auto$ff.cc:337:slice$9802/i_transfer.i_request_arb.genblk1.i_dest_dma_mm.i_addr_gen.address (3 -> 5)
  Merging D + CE LUTs for $auto$ff.cc:337:slice$9801/i_transfer.i_request_arb.genblk1.i_dest_dma_mm.i_addr_gen.address (3 -> 5)
  Merging D + CE LUTs for $auto$ff.cc:337:slice$9800/i_transfer.i_request_arb.genblk1.i_dest_dma_mm.i_addr_gen.address (3 -> 5)
  Merging D + CE LUTs for $auto$ff.cc:337:slice$9799/i_transfer.i_request_arb.genblk1.i_dest_dma_mm.i_addr_gen.address (3 -> 5)
  Merging D + CE LUTs for $auto$ff.cc:337:slice$9798/i_transfer.i_request_arb.genblk1.i_dest_dma_mm.i_addr_gen.address (3 -> 5)
  Merging D + CE LUTs for $auto$ff.cc:337:slice$9797/i_transfer.i_request_arb.genblk1.i_dest_dma_mm.i_addr_gen.address (3 -> 5)
  Merging D + CE LUTs for $auto$ff.cc:337:slice$9796/i_transfer.i_request_arb.genblk1.i_dest_dma_mm.i_addr_gen.address (3 -> 5)
  Merging D + CE LUTs for $auto$ff.cc:337:slice$9795/i_transfer.i_request_arb.genblk1.i_dest_dma_mm.i_addr_gen.address (3 -> 5)
  Merging D + CE LUTs for $auto$ff.cc:337:slice$9794/i_transfer.i_request_arb.genblk1.i_dest_dma_mm.i_addr_gen.address (3 -> 5)
  Merging D + CE LUTs for $auto$ff.cc:337:slice$9793/i_transfer.i_request_arb.genblk1.i_dest_dma_mm.i_addr_gen.address (3 -> 5)
  Merging D + CE LUTs for $auto$ff.cc:337:slice$9792/i_transfer.i_request_arb.genblk1.i_dest_dma_mm.i_addr_gen.address (3 -> 5)
  Merging D + CE LUTs for $auto$ff.cc:337:slice$9791/i_transfer.i_request_arb.genblk1.i_dest_dma_mm.i_addr_gen.address (3 -> 5)
  Merging D + CE LUTs for $auto$ff.cc:337:slice$9790/i_transfer.i_request_arb.genblk1.i_dest_dma_mm.i_addr_gen.address (3 -> 5)
  Merging D + CE LUTs for $auto$ff.cc:337:slice$9789/i_transfer.i_request_arb.genblk1.i_dest_dma_mm.i_addr_gen.address (3 -> 5)
  Merging D + CE LUTs for $auto$ff.cc:337:slice$9788/i_transfer.i_request_arb.genblk1.i_dest_dma_mm.i_addr_gen.address (3 -> 5)
  Merging D + CE LUTs for $auto$ff.cc:337:slice$9787/i_transfer.i_request_arb.genblk1.i_dest_dma_mm.i_addr_gen.address (3 -> 5)
  Merging D + CE LUTs for $auto$ff.cc:337:slice$9786/i_transfer.i_request_arb.genblk1.i_dest_dma_mm.i_addr_gen.address (3 -> 5)
  Merging D + CE LUTs for $auto$ff.cc:337:slice$9785/i_transfer.i_request_arb.genblk1.i_dest_dma_mm.i_addr_gen.address (3 -> 5)
  Merging D + CE LUTs for $auto$ff.cc:337:slice$9784/i_transfer.i_request_arb.genblk1.i_dest_dma_mm.i_addr_gen.address (3 -> 5)
  Merging D + CE LUTs for $auto$ff.cc:337:slice$9783/i_transfer.i_request_arb.genblk1.i_dest_dma_mm.i_addr_gen.address (3 -> 5)
  Merging D + CE LUTs for $auto$ff.cc:337:slice$9782/i_transfer.i_request_arb.genblk1.i_dest_dma_mm.i_addr_gen.address (3 -> 5)
  Merging D + CE LUTs for $auto$ff.cc:337:slice$9781/i_transfer.i_request_arb.genblk1.i_dest_dma_mm.i_addr_gen.address (3 -> 5)
  Merging D + CE LUTs for $auto$ff.cc:337:slice$9780/i_transfer.i_request_arb.genblk1.i_dest_dma_mm.i_addr_gen.address (3 -> 5)
  Merging D + CE LUTs for $auto$ff.cc:337:slice$9779/i_transfer.i_request_arb.genblk1.i_dest_dma_mm.i_addr_gen.address (3 -> 5)
  Merging D + CE LUTs for $auto$ff.cc:337:slice$9778/i_transfer.i_request_arb.genblk1.i_dest_dma_mm.i_addr_gen.address (3 -> 5)
  Merging D + CE LUTs for $auto$ff.cc:337:slice$9777/i_transfer.i_request_arb.genblk1.i_dest_dma_mm.i_addr_gen.address (3 -> 5)
  Merging D + CE LUTs for $auto$ff.cc:337:slice$9776/i_transfer.i_request_arb.genblk1.i_dest_dma_mm.i_addr_gen.address (3 -> 5)
  Merging D + CE LUTs for $auto$ff.cc:337:slice$9775/i_transfer.i_request_arb.genblk1.i_dest_dma_mm.i_addr_gen.address (3 -> 5)
  Merging D + CE LUTs for $auto$ff.cc:337:slice$9774/i_transfer.i_request_arb.genblk1.i_dest_dma_mm.i_addr_gen.address (3 -> 5)
  Merging D + CE LUTs for $auto$ff.cc:337:slice$9773/i_transfer.i_request_arb.genblk1.i_dest_dma_mm.i_addr_gen.address (3 -> 5)
  Merging D + CE LUTs for $auto$ff.cc:337:slice$9772/i_transfer.i_request_arb.genblk1.i_dest_dma_mm.i_addr_gen.address (3 -> 5)
  Merging D + CE LUTs for $auto$ff.cc:337:slice$9771/i_transfer.i_request_arb.genblk1.i_dest_dma_mm.i_addr_gen.address (3 -> 5)
  Merging D + CE LUTs for $auto$ff.cc:337:slice$9770/i_transfer.i_request_arb.genblk1.i_dest_dma_mm.i_addr_gen.address (3 -> 5)
  Merging D + CE LUTs for $auto$ff.cc:337:slice$9769/i_transfer.i_request_arb.genblk1.i_dest_dma_mm.i_addr_gen.address (3 -> 5)
  Merging D + CE LUTs for $auto$ff.cc:337:slice$9768/i_transfer.i_request_arb.genblk1.i_dest_dma_mm.i_addr_gen.address (3 -> 5)
  Merging D + CE LUTs for $auto$ff.cc:337:slice$9767/i_transfer.i_request_arb.genblk1.i_dest_dma_mm.i_addr_gen.address (3 -> 5)
  Merging D + CE LUTs for $auto$ff.cc:337:slice$9766/i_transfer.i_request_arb.genblk1.i_dest_dma_mm.i_addr_gen.address (3 -> 5)
  Merging D + CE LUTs for $auto$ff.cc:337:slice$9765/i_transfer.i_request_arb.genblk1.i_dest_dma_mm.i_addr_gen.address (3 -> 5)
  Merging D + CE LUTs for $auto$ff.cc:337:slice$9764/i_transfer.i_request_arb.genblk1.i_dest_dma_mm.i_addr_gen.address (3 -> 5)
  Merging D + CE LUTs for $auto$ff.cc:337:slice$9763/i_transfer.i_request_arb.genblk1.i_dest_dma_mm.i_addr_gen.address (3 -> 5)
  Merging D + CE LUTs for $auto$ff.cc:337:slice$9762/i_transfer.i_request_arb.genblk1.i_dest_dma_mm.i_addr_gen.address (3 -> 5)
  Merging D + CE LUTs for $auto$ff.cc:337:slice$9761/i_transfer.i_request_arb.genblk1.i_dest_dma_mm.i_addr_gen.address (3 -> 5)
  Merging D + CE LUTs for $auto$ff.cc:337:slice$9760/i_transfer.i_request_arb.genblk1.i_dest_dma_mm.i_addr_gen.address (3 -> 5)
  Merging D + CE LUTs for $auto$ff.cc:337:slice$9759/i_transfer.i_request_arb.genblk1.i_dest_dma_mm.i_addr_gen.address (3 -> 5)
  Merging D + CE LUTs for $auto$ff.cc:337:slice$9758/i_transfer.i_request_arb.genblk1.i_dest_dma_mm.i_addr_gen.address (3 -> 5)
  Merging D + CE LUTs for $auto$ff.cc:337:slice$9757/i_transfer.i_request_arb.genblk1.i_dest_dma_mm.i_addr_gen.address (3 -> 5)
  Merging D + CE LUTs for $auto$ff.cc:337:slice$9756/i_transfer.i_request_arb.genblk1.i_dest_dma_mm.i_addr_gen.address (3 -> 5)
  Merging D + CE LUTs for $auto$ff.cc:337:slice$9755/i_transfer.i_request_arb.genblk1.i_dest_dma_mm.i_addr_gen.address (3 -> 5)
  Merging D + CE LUTs for $auto$ff.cc:337:slice$9754/i_transfer.i_request_arb.genblk1.i_dest_dma_mm.i_addr_gen.address (3 -> 5)
  Merging D + CE LUTs for $auto$ff.cc:337:slice$9753/i_transfer.i_request_arb.genblk1.i_dest_dma_mm.i_addr_gen.address (3 -> 5)
  Merging D + CE LUTs for $auto$ff.cc:337:slice$9752/i_transfer.i_request_arb.genblk1.i_dest_dma_mm.i_addr_gen.address (3 -> 5)
  Merging D + CE LUTs for $auto$ff.cc:337:slice$9751/i_transfer.i_request_arb.genblk1.i_dest_dma_mm.i_addr_gen.address (3 -> 5)
  Merging D + CE LUTs for $auto$ff.cc:337:slice$9750/i_transfer.i_request_arb.genblk1.i_dest_dma_mm.i_addr_gen.address (3 -> 5)
  Merging D + CE LUTs for $auto$ff.cc:337:slice$10484/i_regmap.i_regmap_request.up_clear_tl (2 -> 5)
  Merging D + CE LUTs for $auto$ff.cc:337:slice$10327/i_transfer.i_request_arb.src_throttled_request_id (2 -> 6)
  Merging D + CE LUTs for $auto$ff.cc:337:slice$10247/i_transfer.i_request_arb.genblk1.i_src_dest_bl_fifo.zerodeep.genblk1.s_axis_waddr (1 -> 3)
  Merging D + R LUTs for $auto$ff.cc:337:slice$10841/i_regmap.i_up_axi.up_wcount (3 -> 5)
  Merging D + R + CE LUTs for $auto$ff.cc:337:slice$10844/i_regmap.i_up_axi.up_wcount (2 -> 6)
  Merging D + CE LUTs for $auto$ff.cc:337:slice$10214/i_transfer.i_request_arb.genblk1.i_dest_dma_mm.i_addr_gen.id (2 -> 5)
  Merging D + CE LUTs for $auto$ff.cc:337:slice$10200/i_transfer.i_request_arb.i_dest_req_fifo.zerodeep.genblk1.m_axis_raddr (1 -> 3)
  Merging D + CE LUTs for $auto$ff.cc:337:slice$10199/i_transfer.i_request_arb.i_dest_req_fifo.zerodeep.genblk1.s_axis_waddr (1 -> 3)
  Merging D + CE LUTs for $auto$ff.cc:337:slice$10194/i_transfer.i_request_arb.i_src_req_fifo.zerodeep.genblk1.m_axis_raddr (1 -> 4)
  Merging D + CE LUTs for $auto$ff.cc:337:slice$10136/i_transfer.i_request_arb.i_src_req_fifo.zerodeep.genblk1.s_axis_waddr (1 -> 5)
  Merging D + CE LUTs for $auto$ff.cc:337:slice$9932/i_transfer.i_request_arb.i_response_manager.i_dest_response_fifo.zerodeep.genblk1.m_axis_raddr (1 -> 3)
  Merging D + R LUTs for $auto$ff.cc:337:slice$10746/i_regmap.i_up_axi.up_rcount (3 -> 5)
  Merging D + CE LUTs for $auto$ff.cc:337:slice$10252/i_transfer.i_request_arb.genblk1.i_dest_dma_mm.i_response_handler.id (2 -> 5)
  Merging D + R LUTs for $auto$ff.cc:337:slice$10733/i_regmap.i_up_axi.up_rsel (3 -> 4)
  Merging D + CE LUTs for $auto$ff.cc:337:slice$10795/i_transfer.i_request_arb.i_response_manager.transfer_id (1 -> 6)
  Merging D + R LUTs for $auto$ff.cc:337:slice$10732/i_regmap.i_up_axi.up_rdata_d (2 -> 3)
  Merging D + R LUTs for $auto$ff.cc:337:slice$10523/i_regmap.i_regmap_request.up_transfer_done_bitmap (5 -> 6)
  Merging D + CE LUTs for $auto$ff.cc:337:slice$10531/i_regmap.i_regmap_request.up_dma_req_valid (5 -> 6)
  Merging D + R + CE LUTs for $auto$ff.cc:337:slice$10490/i_regmap.i_regmap_request.up_measured_transfer_length (2 -> 5)
  Merging D + R + CE LUTs for $auto$ff.cc:337:slice$10492/i_regmap.i_regmap_request.up_measured_transfer_length (2 -> 5)
  Merging D + R + CE LUTs for $auto$ff.cc:337:slice$10493/i_regmap.i_regmap_request.up_measured_transfer_length (2 -> 5)
  Merging D + R + CE LUTs for $auto$ff.cc:337:slice$10494/i_regmap.i_regmap_request.up_measured_transfer_length (2 -> 5)
  Merging D + R + CE LUTs for $auto$ff.cc:337:slice$10495/i_regmap.i_regmap_request.up_measured_transfer_length (2 -> 5)
  Merging D + R + CE LUTs for $auto$ff.cc:337:slice$10496/i_regmap.i_regmap_request.up_measured_transfer_length (2 -> 5)
  Merging D + R + CE LUTs for $auto$ff.cc:337:slice$10497/i_regmap.i_regmap_request.up_measured_transfer_length (2 -> 5)
  Merging D + R + CE LUTs for $auto$ff.cc:337:slice$10498/i_regmap.i_regmap_request.up_measured_transfer_length (2 -> 5)
  Merging D + R + CE LUTs for $auto$ff.cc:337:slice$10499/i_regmap.i_regmap_request.up_measured_transfer_length (2 -> 5)
  Merging D + R + CE LUTs for $auto$ff.cc:337:slice$10500/i_regmap.i_regmap_request.up_measured_transfer_length (2 -> 5)
  Merging D + R + CE LUTs for $auto$ff.cc:337:slice$10501/i_regmap.i_regmap_request.up_measured_transfer_length (2 -> 5)
  Merging D + R + CE LUTs for $auto$ff.cc:337:slice$10502/i_regmap.i_regmap_request.up_measured_transfer_length (2 -> 5)
  Merging D + R + CE LUTs for $auto$ff.cc:337:slice$10503/i_regmap.i_regmap_request.up_measured_transfer_length (2 -> 5)
  Merging D + R + CE LUTs for $auto$ff.cc:337:slice$10504/i_regmap.i_regmap_request.up_measured_transfer_length (2 -> 5)
  Merging D + R + CE LUTs for $auto$ff.cc:337:slice$10505/i_regmap.i_regmap_request.up_measured_transfer_length (2 -> 5)
  Merging D + R + CE LUTs for $auto$ff.cc:337:slice$10506/i_regmap.i_regmap_request.up_measured_transfer_length (2 -> 5)
  Merging D + R + CE LUTs for $auto$ff.cc:337:slice$10518/i_regmap.i_regmap_request.up_partial_length_valid (2 -> 5)
  Merging D + R + CE LUTs for $auto$ff.cc:337:slice$10507/i_regmap.i_regmap_request.up_measured_transfer_length (2 -> 5)
  Merging D + R + CE LUTs for $auto$ff.cc:337:slice$10508/i_regmap.i_regmap_request.up_measured_transfer_length (2 -> 5)
  Merging D + R + CE LUTs for $auto$ff.cc:337:slice$10509/i_regmap.i_regmap_request.up_measured_transfer_length (2 -> 5)
  Merging D + R + CE LUTs for $auto$ff.cc:337:slice$10510/i_regmap.i_regmap_request.up_measured_transfer_length (2 -> 5)
  Merging D + R + CE LUTs for $auto$ff.cc:337:slice$10511/i_regmap.i_regmap_request.up_measured_transfer_length (2 -> 5)
  Merging D + R + CE LUTs for $auto$ff.cc:337:slice$10512/i_regmap.i_regmap_request.up_measured_transfer_length (2 -> 5)
  Merging D + R + CE LUTs for $auto$ff.cc:337:slice$10513/i_regmap.i_regmap_request.up_measured_transfer_length (2 -> 5)
  Merging D + R + CE LUTs for $auto$ff.cc:337:slice$10520/i_regmap.i_regmap_request.up_transfer_id (2 -> 5)
  Merging D + R LUTs for $auto$ff.cc:337:slice$10522/i_regmap.i_regmap_request.up_transfer_id_eot (2 -> 4)
  Merging D + CE LUTs for $auto$ff.cc:337:slice$10449/i_transfer.i_request_arb.i_response_manager.response_valid (3 -> 5)

91.49. Executing OPT_LUT_INS pass (discard unused LUT inputs).
Optimizing LUTs in axi_dmac.
  Optimizing lut $abc$17262$auto$blifparse.cc:557:parse_blif$17690.genblk1.genblk1.genblk1.genblk1.genblk1.genblk1.genblk1.genblk1.genblk1.lut0 (6 -> 5)
  Optimizing lut $abc$17262$auto$blifparse.cc:557:parse_blif$17499.genblk1.genblk1.genblk1.genblk1.genblk1.genblk1.genblk1.genblk1.genblk1.lut1 (6 -> 4)
  Optimizing lut $abc$17262$auto$blifparse.cc:557:parse_blif$17345.genblk1.genblk1.genblk1.genblk1.genblk1.genblk1.genblk1.genblk1.genblk1.lut0 (6 -> 0)
  Optimizing lut $abc$17262$auto$blifparse.cc:557:parse_blif$17505.genblk1.genblk1.genblk1.genblk1.genblk1.genblk1.genblk1.genblk1.genblk1.lut0 (6 -> 2)
  Optimizing lut $abc$17262$auto$blifparse.cc:557:parse_blif$17510.genblk1.genblk1.genblk1.genblk1.genblk1.genblk1.genblk1.genblk1.genblk1.lut0 (6 -> 0)
  Optimizing lut $abc$17262$auto$blifparse.cc:557:parse_blif$17630.genblk1.genblk1.genblk1.genblk1.genblk1.genblk1.genblk1.genblk1.genblk1.lut0 (6 -> 0)
  Optimizing lut $abc$17262$auto$blifparse.cc:557:parse_blif$17620.genblk1.genblk1.genblk1.genblk1.genblk1.genblk1.genblk1.genblk1.genblk1.lut0 (6 -> 0)
  Optimizing lut $abc$17262$auto$blifparse.cc:557:parse_blif$17633.genblk1.genblk1.genblk1.genblk1.genblk1.genblk1.genblk1.genblk1.genblk1.lut0 (6 -> 0)
  Optimizing lut $abc$17262$auto$blifparse.cc:557:parse_blif$17641.genblk1.genblk1.genblk1.genblk1.genblk1.genblk1.genblk1.genblk1.genblk1.lut0 (6 -> 0)
  Optimizing lut $abc$17262$auto$blifparse.cc:557:parse_blif$17681.genblk1.genblk1.genblk1.genblk1.genblk1.genblk1.genblk1.genblk1.genblk1.lut0 (6 -> 4)
  Optimizing lut $abc$17262$auto$blifparse.cc:557:parse_blif$17690.genblk1.genblk1.genblk1.genblk1.genblk1.genblk1.genblk1.genblk1.genblk1.lut1 (6 -> 5)
  Optimizing lut $abc$17262$auto$blifparse.cc:557:parse_blif$17682.genblk1.genblk1.genblk1.genblk1.genblk1.genblk1.genblk1.genblk1.genblk1.lut0 (6 -> 0)

91.50. Executing CLKBUFMAP pass (inserting clock buffers).
Inserting BUFG on axi_dmac.i_regmap.i_regmap_request.clk[0].
Inserting BUFG on axi_dmac.i_transfer.dest_clk[0].
Inserting BUFG on axi_dmac.i_transfer.fifo_wr_clk[0].
Removed 211 unused cells and 7512 unused wires.

91.51. Executing HIERARCHY pass (managing design hierarchy).
Attribute `top' found on module `axi_dmac'. Setting top module to axi_dmac.

91.51.1. Analyzing design hierarchy..
Top module:  \axi_dmac

91.51.2. Analyzing design hierarchy..
Top module:  \axi_dmac
Removed 0 unused modules.
Warning: Resizing cell port axi_dmac.i_transfer.i_request_arb.i_store_and_forward.i_mem.m_ram.0.0.ADDRBWRADDR from 17 bits to 16 bits.
Warning: Resizing cell port axi_dmac.i_transfer.i_request_arb.i_store_and_forward.i_mem.m_ram.0.0.ADDRARDADDR from 17 bits to 16 bits.

91.52. Printing statistics.

=== axi_dmac ===

        +----------Local Count, excluding submodules.
        | 
     2049 wires
    12445 wire bits
     1291 public wires
    10404 public wire bits
      181 ports
     1460 port bits
     2379 cells
       42   $scopeinfo
        3   BUFG
      482   IBUF
      276   INV
      167   LUT2
      106   LUT3
       48   LUT4
      171   LUT5
      105   LUT6
      978   OBUF
        1   RAMB36E1
      940 submodules
       45   CARRY4
       15   FDPE
      837   FDRE
       22   FDSE
       11   MUXF7
       10   RAM32M

   Estimated number of LCs:        437

=== design hierarchy ===

        +----------Count including submodules.
        | 
     2379 axi_dmac

        +----------Count including submodules.
        | 
     2049 wires
    12445 wire bits
     1291 public wires
    10404 public wire bits
      181 ports
     1460 port bits
        - memories
        - memory bits
        - processes
     2379 cells
       42   $scopeinfo
        3   BUFG
      482   IBUF
      276   INV
      167   LUT2
      106   LUT3
       48   LUT4
      171   LUT5
      105   LUT6
      978   OBUF
        1   RAMB36E1
      940 submodules
       45   CARRY4
       15   FDPE
      837   FDRE
       22   FDSE
       11   MUXF7
       10   RAM32M

   Estimated number of LCs:        437

91.53. Executing CHECK pass (checking for obvious problems).
Checking module axi_dmac...
Found and reported 0 problems.

92. Printing statistics.

=== axi_dmac ===

        +----------Local Count, excluding submodules.
        | 
     2049 wires
    12445 wire bits
     1291 public wires
    10404 public wire bits
      181 ports
     1460 port bits
     3319 cells
       42   $scopeinfo
        3   BUFG
       45   CARRY4
       15   FDPE
      837   FDRE
       22   FDSE
      482   IBUF
      276   INV
      167   LUT2
      106   LUT3
       48   LUT4
      171   LUT5
      105   LUT6
       11   MUXF7
      978   OBUF
       10   RAM32M
        1   RAMB36E1

Warnings: 209 unique messages, 215 total
End of script. Logfile hash: b10a3988e0, time: 9.91s, user: 4.92s, system: 0.13s, MEM: 184.42 MB peak
Yosys 0.67+post (git sha1 b8e7da6f40ae8f552c116bf6c359b07c6533e159, Release, AppleClang clang++ 21.0.0.21000099)
Time spent: 48% 108x read_verilog (2 sec), 20% 8x techmap (1 sec), ...
