{
  "grand": {
    "n_measurements": 1020,
    "n_pairs": 204,
    "grand_mean_ns": 1819424,
    "grand_median_ns": 1806136,
    "grand_throughput_specs_per_sec": 549.6243277306407,
    "total_wall_time_of_medians_ms": 368.481129
  },
  "per_backend": {
    "rust": {
      "n_specs": 68,
      "median_of_medians_ns": 1823939,
      "mean_of_means_ns": 1855390,
      "min_ns": 1478676,
      "max_ns": 2232758,
      "throughput_specs_per_sec": 538.9700170424696,
      "regression_slope_ns_per_line": 1534.406682843004,
      "regression_intercept_ns": 1615158.323799263,
      "regression_r_squared": 0.6449711478135465
    },
    "zig": {
      "n_specs": 68,
      "median_of_medians_ns": 1805344,
      "mean_of_means_ns": 1801778,
      "min_ns": 1456120,
      "max_ns": 2148778,
      "throughput_specs_per_sec": 555.0070417334607,
      "regression_slope_ns_per_line": 2254.57028815447,
      "regression_intercept_ns": 1420484.4250315747,
      "regression_r_squared": 0.8617846724760028
    },
    "c": {
      "n_specs": 68,
      "median_of_medians_ns": 1788864,
      "mean_of_means_ns": 1801103,
      "min_ns": 1483638,
      "max_ns": 2293320,
      "throughput_specs_per_sec": 555.2150372742391,
      "regression_slope_ns_per_line": 1847.0992816415023,
      "regression_intercept_ns": 1360914.755464927,
      "regression_r_squared": 0.8309259441024319
    }
  }
}